--Ben Kristofic
-----------------------------
insert into USERS (USER_ID, F_NAME, L_NAME, EMAIL, BIRTH, LAST_LOGIN) values (1, 'Victor', 'Willis', 'vwillis0@loc.gov', TO_TIMESTAMP('1994-03-15 23:48:55', 'YYYY-MM-DD HH24:MI:SS'), TO_TIMESTAMP('2016-02-21 07:42:18', 'YYYY-MM-DD HH24:MI:SS'));
insert into USERS (USER_ID, F_NAME, L_NAME, EMAIL, BIRTH, LAST_LOGIN) values (2, 'Scott', 'Bryant', 'sbryant1@npr.org', TO_TIMESTAMP('1991-02-26 20:13:01', 'YYYY-MM-DD HH24:MI:SS'), TO_TIMESTAMP('2015-12-30 11:13:56', 'YYYY-MM-DD HH24:MI:SS'));
insert into USERS (USER_ID, F_NAME, L_NAME, EMAIL, BIRTH, LAST_LOGIN) values (3, 'Judith', 'Gonzales', 'jgonzales2@4shared.com', TO_TIMESTAMP('1981-02-06 04:29:28', 'YYYY-MM-DD HH24:MI:SS'), TO_TIMESTAMP('2015-05-12 01:14:50', 'YYYY-MM-DD HH24:MI:SS'));
insert into USERS (USER_ID, F_NAME, L_NAME, EMAIL, BIRTH, LAST_LOGIN) values (4, 'Carl', 'Rogers', 'crogers3@timesonline.co.uk', TO_TIMESTAMP('1996-09-04 11:31:43', 'YYYY-MM-DD HH24:MI:SS'), TO_TIMESTAMP('2015-12-02 16:21:16', 'YYYY-MM-DD HH24:MI:SS'));
insert into USERS (USER_ID, F_NAME, L_NAME, EMAIL, BIRTH, LAST_LOGIN) values (5, 'Mark', 'Fox', 'mfox4@craigslist.org', TO_TIMESTAMP('1985-10-31 14:31:27', 'YYYY-MM-DD HH24:MI:SS'), TO_TIMESTAMP('2015-06-01 13:45:54', 'YYYY-MM-DD HH24:MI:SS'));
insert into USERS (USER_ID, F_NAME, L_NAME, EMAIL, BIRTH, LAST_LOGIN) values (6, 'Lois', 'Spencer', 'lspencer5@wikispaces.com', TO_TIMESTAMP('1982-09-10 23:59:21', 'YYYY-MM-DD HH24:MI:SS'), TO_TIMESTAMP('2015-09-18 20:18:26', 'YYYY-MM-DD HH24:MI:SS'));
insert into USERS (USER_ID, F_NAME, L_NAME, EMAIL, BIRTH, LAST_LOGIN) values (7, 'Timothy', 'Sanchez', 'tsanchez6@webmd.com', TO_TIMESTAMP('1988-08-21 05:02:22', 'YYYY-MM-DD HH24:MI:SS'), TO_TIMESTAMP('2015-09-16 02:45:52', 'YYYY-MM-DD HH24:MI:SS'));
insert into USERS (USER_ID, F_NAME, L_NAME, EMAIL, BIRTH, LAST_LOGIN) values (8, 'Judy', 'Wheeler', 'jwheeler7@cyberchimps.com', TO_TIMESTAMP('1983-02-14 01:17:56', 'YYYY-MM-DD HH24:MI:SS'), TO_TIMESTAMP('2015-08-22 15:12:00', 'YYYY-MM-DD HH24:MI:SS'));
insert into USERS (USER_ID, F_NAME, L_NAME, EMAIL, BIRTH, LAST_LOGIN) values (9, 'Marie', 'Cunningham', 'mcunningham8@e-recht24.de', TO_TIMESTAMP('1990-06-02 18:32:02', 'YYYY-MM-DD HH24:MI:SS'), TO_TIMESTAMP('2015-11-15 03:18:33', 'YYYY-MM-DD HH24:MI:SS'));
insert into USERS (USER_ID, F_NAME, L_NAME, EMAIL, BIRTH, LAST_LOGIN) values (10, 'Mark', 'Wells', 'mwells9@wired.com', TO_TIMESTAMP('1980-10-15 12:30:18', 'YYYY-MM-DD HH24:MI:SS'), TO_TIMESTAMP('2015-06-14 00:11:49', 'YYYY-MM-DD HH24:MI:SS'));
insert into USERS (USER_ID, F_NAME, L_NAME, EMAIL, BIRTH, LAST_LOGIN) values (11, 'Karen', 'Perez', 'kpereza@japanpost.jp', TO_TIMESTAMP('1999-11-25 05:46:18', 'YYYY-MM-DD HH24:MI:SS'), TO_TIMESTAMP('2015-04-21 02:51:48', 'YYYY-MM-DD HH24:MI:SS'));
insert into USERS (USER_ID, F_NAME, L_NAME, EMAIL, BIRTH, LAST_LOGIN) values (12, 'Billy', 'Elliott', 'belliottb@simplemachines.org', TO_TIMESTAMP('1987-07-23 00:30:53', 'YYYY-MM-DD HH24:MI:SS'), TO_TIMESTAMP('2016-02-27 02:52:26', 'YYYY-MM-DD HH24:MI:SS'));
insert into USERS (USER_ID, F_NAME, L_NAME, EMAIL, BIRTH, LAST_LOGIN) values (13, 'Barbara', 'Jordan', 'bjordanc@163.com', TO_TIMESTAMP('2000-06-30 08:21:44', 'YYYY-MM-DD HH24:MI:SS'), TO_TIMESTAMP('2015-07-03 03:38:08', 'YYYY-MM-DD HH24:MI:SS'));
insert into USERS (USER_ID, F_NAME, L_NAME, EMAIL, BIRTH, LAST_LOGIN) values (14, 'Juan', 'Phillips', 'jphillipsd@about.com', TO_TIMESTAMP('1992-01-28 12:32:10', 'YYYY-MM-DD HH24:MI:SS'), TO_TIMESTAMP('2016-03-07 07:58:09', 'YYYY-MM-DD HH24:MI:SS'));
insert into USERS (USER_ID, F_NAME, L_NAME, EMAIL, BIRTH, LAST_LOGIN) values (15, 'William', 'Berry', 'wberrye@networkadvertising.org', TO_TIMESTAMP('1993-05-23 12:19:56', 'YYYY-MM-DD HH24:MI:SS'), TO_TIMESTAMP('2015-09-02 00:26:36', 'YYYY-MM-DD HH24:MI:SS'));
insert into USERS (USER_ID, F_NAME, L_NAME, EMAIL, BIRTH, LAST_LOGIN) values (16, 'Juan', 'Jones', 'jjonesf@reddit.com', TO_TIMESTAMP('1998-05-16 22:42:05', 'YYYY-MM-DD HH24:MI:SS'), TO_TIMESTAMP('2015-09-02 00:34:20', 'YYYY-MM-DD HH24:MI:SS'));
insert into USERS (USER_ID, F_NAME, L_NAME, EMAIL, BIRTH, LAST_LOGIN) values (17, 'Arthur', 'Burton', 'aburtong@bandcamp.com', TO_TIMESTAMP('1992-11-07 18:42:00', 'YYYY-MM-DD HH24:MI:SS'), TO_TIMESTAMP('2015-08-04 08:28:36', 'YYYY-MM-DD HH24:MI:SS'));
insert into USERS (USER_ID, F_NAME, L_NAME, EMAIL, BIRTH, LAST_LOGIN) values (18, 'Sandra', 'Ford', 'sfordh@drupal.org', TO_TIMESTAMP('1998-05-03 13:47:01', 'YYYY-MM-DD HH24:MI:SS'), TO_TIMESTAMP('2016-02-04 10:45:29', 'YYYY-MM-DD HH24:MI:SS'));
insert into USERS (USER_ID, F_NAME, L_NAME, EMAIL, BIRTH, LAST_LOGIN) values (19, 'Alice', 'Banks', 'abanksi@zimbio.com', TO_TIMESTAMP('1997-10-18 17:59:49', 'YYYY-MM-DD HH24:MI:SS'), TO_TIMESTAMP('2015-10-21 03:58:26', 'YYYY-MM-DD HH24:MI:SS'));
insert into USERS (USER_ID, F_NAME, L_NAME, EMAIL, BIRTH, LAST_LOGIN) values (20, 'Scott', 'Johnson', 'sjohnsonj@oaic.gov.au', TO_TIMESTAMP('1988-11-15 17:08:16', 'YYYY-MM-DD HH24:MI:SS'), TO_TIMESTAMP('2016-03-21 22:37:28', 'YYYY-MM-DD HH24:MI:SS'));
insert into USERS (USER_ID, F_NAME, L_NAME, EMAIL, BIRTH, LAST_LOGIN) values (21, 'Christopher', 'Jackson', 'cjacksonk@apache.org', TO_TIMESTAMP('1993-09-09 22:37:58', 'YYYY-MM-DD HH24:MI:SS'), TO_TIMESTAMP('2015-11-06 11:54:01', 'YYYY-MM-DD HH24:MI:SS'));
insert into USERS (USER_ID, F_NAME, L_NAME, EMAIL, BIRTH, LAST_LOGIN) values (22, 'Frank', 'Rose', 'frosel@xinhuanet.com', TO_TIMESTAMP('1999-04-09 22:42:33', 'YYYY-MM-DD HH24:MI:SS'), TO_TIMESTAMP('2015-08-17 03:17:18', 'YYYY-MM-DD HH24:MI:SS'));
insert into USERS (USER_ID, F_NAME, L_NAME, EMAIL, BIRTH, LAST_LOGIN) values (23, 'Kathy', 'Graham', 'kgrahamm@dailymotion.com', TO_TIMESTAMP('1988-11-10 22:43:32', 'YYYY-MM-DD HH24:MI:SS'), TO_TIMESTAMP('2015-06-14 23:49:32', 'YYYY-MM-DD HH24:MI:SS'));
insert into USERS (USER_ID, F_NAME, L_NAME, EMAIL, BIRTH, LAST_LOGIN) values (24, 'Howard', 'Armstrong', 'harmstrongn@squidoo.com', TO_TIMESTAMP('1983-09-26 10:12:49', 'YYYY-MM-DD HH24:MI:SS'), TO_TIMESTAMP('2016-01-22 18:35:43', 'YYYY-MM-DD HH24:MI:SS'));
insert into USERS (USER_ID, F_NAME, L_NAME, EMAIL, BIRTH, LAST_LOGIN) values (25, 'Amy', 'Harrison', 'aharrisono@who.int', TO_TIMESTAMP('1996-09-25 09:26:45', 'YYYY-MM-DD HH24:MI:SS'), TO_TIMESTAMP('2015-11-09 19:28:57', 'YYYY-MM-DD HH24:MI:SS'));
insert into USERS (USER_ID, F_NAME, L_NAME, EMAIL, BIRTH, LAST_LOGIN) values (26, 'Craig', 'Gutierrez', 'cgutierrezp@yellowbook.com', TO_TIMESTAMP('1999-12-13 01:37:11', 'YYYY-MM-DD HH24:MI:SS'), TO_TIMESTAMP('2015-07-05 09:53:00', 'YYYY-MM-DD HH24:MI:SS'));
insert into USERS (USER_ID, F_NAME, L_NAME, EMAIL, BIRTH, LAST_LOGIN) values (27, 'Steve', 'Young', 'syoungq@hugedomains.com', TO_TIMESTAMP('1992-12-31 21:22:55', 'YYYY-MM-DD HH24:MI:SS'), TO_TIMESTAMP('2015-12-09 08:55:02', 'YYYY-MM-DD HH24:MI:SS'));
insert into USERS (USER_ID, F_NAME, L_NAME, EMAIL, BIRTH, LAST_LOGIN) values (28, 'Lori', 'Hall', 'lhallr@sciencedaily.com', TO_TIMESTAMP('1999-05-12 00:06:21', 'YYYY-MM-DD HH24:MI:SS'), TO_TIMESTAMP('2015-06-24 09:38:15', 'YYYY-MM-DD HH24:MI:SS'));
insert into USERS (USER_ID, F_NAME, L_NAME, EMAIL, BIRTH, LAST_LOGIN) values (29, 'Kathryn', 'King', 'kkings@linkedin.com', TO_TIMESTAMP('1998-10-20 15:55:00', 'YYYY-MM-DD HH24:MI:SS'), TO_TIMESTAMP('2015-07-16 23:02:13', 'YYYY-MM-DD HH24:MI:SS'));
insert into USERS (USER_ID, F_NAME, L_NAME, EMAIL, BIRTH, LAST_LOGIN) values (30, 'Betty', 'Henry', 'bhenryt@moonfruit.com', TO_TIMESTAMP('1987-04-22 15:42:06', 'YYYY-MM-DD HH24:MI:SS'), TO_TIMESTAMP('2015-06-10 04:09:08', 'YYYY-MM-DD HH24:MI:SS'));
insert into USERS (USER_ID, F_NAME, L_NAME, EMAIL, BIRTH, LAST_LOGIN) values (31, 'Justin', 'Rodriguez', 'jrodriguezu@shutterfly.com', TO_TIMESTAMP('1983-12-09 02:57:19', 'YYYY-MM-DD HH24:MI:SS'), TO_TIMESTAMP('2015-08-09 18:43:44', 'YYYY-MM-DD HH24:MI:SS'));
insert into USERS (USER_ID, F_NAME, L_NAME, EMAIL, BIRTH, LAST_LOGIN) values (32, 'Stephanie', 'Wallace', 'swallacev@spiegel.de', TO_TIMESTAMP('1998-12-09 09:21:44', 'YYYY-MM-DD HH24:MI:SS'), TO_TIMESTAMP('2015-07-11 07:28:55', 'YYYY-MM-DD HH24:MI:SS'));
insert into USERS (USER_ID, F_NAME, L_NAME, EMAIL, BIRTH, LAST_LOGIN) values (33, 'Emily', 'Harris', 'eharrisw@amazon.co.uk', TO_TIMESTAMP('1981-04-28 20:13:09', 'YYYY-MM-DD HH24:MI:SS'), TO_TIMESTAMP('2016-03-22 23:27:27', 'YYYY-MM-DD HH24:MI:SS'));
insert into USERS (USER_ID, F_NAME, L_NAME, EMAIL, BIRTH, LAST_LOGIN) values (34, 'Norma', 'Gibson', 'ngibsonx@miibeian.gov.cn', TO_TIMESTAMP('1997-12-02 11:36:27', 'YYYY-MM-DD HH24:MI:SS'), TO_TIMESTAMP('2015-07-23 12:18:54', 'YYYY-MM-DD HH24:MI:SS'));
insert into USERS (USER_ID, F_NAME, L_NAME, EMAIL, BIRTH, LAST_LOGIN) values (35, 'Lawrence', 'Jenkins', 'ljenkinsy@deliciousdays.com', TO_TIMESTAMP('1995-12-08 12:16:30', 'YYYY-MM-DD HH24:MI:SS'), TO_TIMESTAMP('2015-06-02 00:26:54', 'YYYY-MM-DD HH24:MI:SS'));
insert into USERS (USER_ID, F_NAME, L_NAME, EMAIL, BIRTH, LAST_LOGIN) values (36, 'Marilyn', 'Kelly', 'mkellyz@chronoengine.com', TO_TIMESTAMP('1991-08-09 22:17:53', 'YYYY-MM-DD HH24:MI:SS'), TO_TIMESTAMP('2015-08-29 16:55:50', 'YYYY-MM-DD HH24:MI:SS'));
insert into USERS (USER_ID, F_NAME, L_NAME, EMAIL, BIRTH, LAST_LOGIN) values (37, 'John', 'Gonzales', 'jgonzales10@eventbrite.com', TO_TIMESTAMP('1997-03-14 18:58:15', 'YYYY-MM-DD HH24:MI:SS'), TO_TIMESTAMP('2015-09-26 09:23:37', 'YYYY-MM-DD HH24:MI:SS'));
insert into USERS (USER_ID, F_NAME, L_NAME, EMAIL, BIRTH, LAST_LOGIN) values (38, 'Julia', 'Washington', 'jwashington11@cnet.com', TO_TIMESTAMP('1998-06-26 12:28:56', 'YYYY-MM-DD HH24:MI:SS'), TO_TIMESTAMP('2016-02-13 03:09:37', 'YYYY-MM-DD HH24:MI:SS'));
insert into USERS (USER_ID, F_NAME, L_NAME, EMAIL, BIRTH, LAST_LOGIN) values (39, 'Kenneth', 'Miller', 'kmiller12@exblog.jp', TO_TIMESTAMP('1990-11-09 00:51:22', 'YYYY-MM-DD HH24:MI:SS'), TO_TIMESTAMP('2015-10-06 13:18:53', 'YYYY-MM-DD HH24:MI:SS'));
insert into USERS (USER_ID, F_NAME, L_NAME, EMAIL, BIRTH, LAST_LOGIN) values (40, 'Daniel', 'Stevens', 'dstevens13@acquirethisname.com', TO_TIMESTAMP('1997-09-24 20:52:48', 'YYYY-MM-DD HH24:MI:SS'), TO_TIMESTAMP('2016-02-07 21:34:14', 'YYYY-MM-DD HH24:MI:SS'));
insert into USERS (USER_ID, F_NAME, L_NAME, EMAIL, BIRTH, LAST_LOGIN) values (41, 'Patrick', 'Lawrence', 'plawrence14@angelfire.com', TO_TIMESTAMP('1994-10-29 07:19:22', 'YYYY-MM-DD HH24:MI:SS'), TO_TIMESTAMP('2015-04-18 18:50:49', 'YYYY-MM-DD HH24:MI:SS'));
insert into USERS (USER_ID, F_NAME, L_NAME, EMAIL, BIRTH, LAST_LOGIN) values (42, 'Donald', 'Hughes', 'dhughes15@fema.gov', TO_TIMESTAMP('1986-05-09 22:51:17', 'YYYY-MM-DD HH24:MI:SS'), TO_TIMESTAMP('2015-07-22 08:43:55', 'YYYY-MM-DD HH24:MI:SS'));
insert into USERS (USER_ID, F_NAME, L_NAME, EMAIL, BIRTH, LAST_LOGIN) values (43, 'Emily', 'Hicks', 'ehicks16@pen.io', TO_TIMESTAMP('1992-10-03 18:50:11', 'YYYY-MM-DD HH24:MI:SS'), TO_TIMESTAMP('2015-06-30 12:41:16', 'YYYY-MM-DD HH24:MI:SS'));
insert into USERS (USER_ID, F_NAME, L_NAME, EMAIL, BIRTH, LAST_LOGIN) values (44, 'Laura', 'Little', 'llittle17@cbsnews.com', TO_TIMESTAMP('1993-07-21 04:34:05', 'YYYY-MM-DD HH24:MI:SS'), TO_TIMESTAMP('2015-04-21 13:12:40', 'YYYY-MM-DD HH24:MI:SS'));
insert into USERS (USER_ID, F_NAME, L_NAME, EMAIL, BIRTH, LAST_LOGIN) values (45, 'Thomas', 'Hudson', 'thudson18@census.gov', TO_TIMESTAMP('1994-10-26 11:30:00', 'YYYY-MM-DD HH24:MI:SS'), TO_TIMESTAMP('2016-01-01 15:00:50', 'YYYY-MM-DD HH24:MI:SS'));
insert into USERS (USER_ID, F_NAME, L_NAME, EMAIL, BIRTH, LAST_LOGIN) values (46, 'Shawn', 'Gonzales', 'sgonzales19@qq.com', TO_TIMESTAMP('1980-03-27 02:16:26', 'YYYY-MM-DD HH24:MI:SS'), TO_TIMESTAMP('2015-09-15 00:48:57', 'YYYY-MM-DD HH24:MI:SS'));
insert into USERS (USER_ID, F_NAME, L_NAME, EMAIL, BIRTH, LAST_LOGIN) values (47, 'Mary', 'Carpenter', 'mcarpenter1a@un.org', TO_TIMESTAMP('1984-06-28 23:15:41', 'YYYY-MM-DD HH24:MI:SS'), TO_TIMESTAMP('2016-02-02 00:41:04', 'YYYY-MM-DD HH24:MI:SS'));
insert into USERS (USER_ID, F_NAME, L_NAME, EMAIL, BIRTH, LAST_LOGIN) values (48, 'Marilyn', 'Brooks', 'mbrooks1b@sfgate.com', TO_TIMESTAMP('1987-02-08 11:41:46', 'YYYY-MM-DD HH24:MI:SS'), TO_TIMESTAMP('2015-07-16 20:15:29', 'YYYY-MM-DD HH24:MI:SS'));
insert into USERS (USER_ID, F_NAME, L_NAME, EMAIL, BIRTH, LAST_LOGIN) values (49, 'Kelly', 'Carr', 'kcarr1c@ezinearticles.com', TO_TIMESTAMP('1988-05-01 17:04:12', 'YYYY-MM-DD HH24:MI:SS'), TO_TIMESTAMP('2016-01-14 07:22:46', 'YYYY-MM-DD HH24:MI:SS'));
insert into USERS (USER_ID, F_NAME, L_NAME, EMAIL, BIRTH, LAST_LOGIN) values (50, 'Richard', 'Burns', 'rburns1d@woothemes.com', TO_TIMESTAMP('1985-05-17 10:51:37', 'YYYY-MM-DD HH24:MI:SS'), TO_TIMESTAMP('2015-08-03 20:05:14', 'YYYY-MM-DD HH24:MI:SS'));
insert into USERS (USER_ID, F_NAME, L_NAME, EMAIL, BIRTH, LAST_LOGIN) values (51, 'Randy', 'Nichols', 'rnichols1e@twitpic.com', TO_TIMESTAMP('1999-06-21 15:59:15', 'YYYY-MM-DD HH24:MI:SS'), TO_TIMESTAMP('2016-03-26 19:38:18', 'YYYY-MM-DD HH24:MI:SS'));
insert into USERS (USER_ID, F_NAME, L_NAME, EMAIL, BIRTH, LAST_LOGIN) values (52, 'Carlos', 'Ray', 'cray1f@google.cn', TO_TIMESTAMP('1987-06-01 05:42:00', 'YYYY-MM-DD HH24:MI:SS'), TO_TIMESTAMP('2015-12-17 12:33:10', 'YYYY-MM-DD HH24:MI:SS'));
insert into USERS (USER_ID, F_NAME, L_NAME, EMAIL, BIRTH, LAST_LOGIN) values (53, 'Gloria', 'Armstrong', 'garmstrong1g@senate.gov', TO_TIMESTAMP('1986-12-13 19:46:29', 'YYYY-MM-DD HH24:MI:SS'), TO_TIMESTAMP('2015-10-06 17:25:20', 'YYYY-MM-DD HH24:MI:SS'));
insert into USERS (USER_ID, F_NAME, L_NAME, EMAIL, BIRTH, LAST_LOGIN) values (54, 'Willie', 'Lawson', 'wlawson1h@time.com', TO_TIMESTAMP('1980-09-01 19:37:15', 'YYYY-MM-DD HH24:MI:SS'), TO_TIMESTAMP('2015-12-29 22:47:25', 'YYYY-MM-DD HH24:MI:SS'));
insert into USERS (USER_ID, F_NAME, L_NAME, EMAIL, BIRTH, LAST_LOGIN) values (55, 'Jason', 'Rose', 'jrose1i@google.com.br', TO_TIMESTAMP('1983-04-23 17:03:25', 'YYYY-MM-DD HH24:MI:SS'), TO_TIMESTAMP('2015-09-03 18:42:02', 'YYYY-MM-DD HH24:MI:SS'));
insert into USERS (USER_ID, F_NAME, L_NAME, EMAIL, BIRTH, LAST_LOGIN) values (56, 'Roy', 'Kennedy', 'rkennedy1j@merriam-webster.com', TO_TIMESTAMP('1980-05-09 22:47:31', 'YYYY-MM-DD HH24:MI:SS'), TO_TIMESTAMP('2015-11-29 01:58:33', 'YYYY-MM-DD HH24:MI:SS'));
insert into USERS (USER_ID, F_NAME, L_NAME, EMAIL, BIRTH, LAST_LOGIN) values (57, 'Roger', 'Mendoza', 'rmendoza1k@sakura.ne.jp', TO_TIMESTAMP('1997-08-31 20:21:27', 'YYYY-MM-DD HH24:MI:SS'), TO_TIMESTAMP('2016-03-27 09:10:42', 'YYYY-MM-DD HH24:MI:SS'));
insert into USERS (USER_ID, F_NAME, L_NAME, EMAIL, BIRTH, LAST_LOGIN) values (58, 'Cheryl', 'Hernandez', 'chernandez1l@cbsnews.com', TO_TIMESTAMP('1983-07-25 10:20:04', 'YYYY-MM-DD HH24:MI:SS'), TO_TIMESTAMP('2015-05-06 15:49:42', 'YYYY-MM-DD HH24:MI:SS'));
insert into USERS (USER_ID, F_NAME, L_NAME, EMAIL, BIRTH, LAST_LOGIN) values (59, 'Ruby', 'Jones', 'rjones1m@oakley.com', TO_TIMESTAMP('1997-01-16 13:00:15', 'YYYY-MM-DD HH24:MI:SS'), TO_TIMESTAMP('2016-02-08 21:22:27', 'YYYY-MM-DD HH24:MI:SS'));
insert into USERS (USER_ID, F_NAME, L_NAME, EMAIL, BIRTH, LAST_LOGIN) values (60, 'Melissa', 'Black', 'mblack1n@live.com', TO_TIMESTAMP('1988-05-20 20:26:08', 'YYYY-MM-DD HH24:MI:SS'), TO_TIMESTAMP('2015-10-01 01:38:17', 'YYYY-MM-DD HH24:MI:SS'));
insert into USERS (USER_ID, F_NAME, L_NAME, EMAIL, BIRTH, LAST_LOGIN) values (61, 'Sean', 'Matthews', 'smatthews1o@ask.com', TO_TIMESTAMP('1980-02-24 09:51:55', 'YYYY-MM-DD HH24:MI:SS'), TO_TIMESTAMP('2015-11-26 15:59:42', 'YYYY-MM-DD HH24:MI:SS'));
insert into USERS (USER_ID, F_NAME, L_NAME, EMAIL, BIRTH, LAST_LOGIN) values (62, 'Steven', 'Rivera', 'srivera1p@nasa.gov', TO_TIMESTAMP('1983-06-15 01:18:19', 'YYYY-MM-DD HH24:MI:SS'), TO_TIMESTAMP('2015-04-20 07:01:38', 'YYYY-MM-DD HH24:MI:SS'));
insert into USERS (USER_ID, F_NAME, L_NAME, EMAIL, BIRTH, LAST_LOGIN) values (63, 'Scott', 'Crawford', 'scrawford1q@webs.com', TO_TIMESTAMP('1980-02-13 20:34:26', 'YYYY-MM-DD HH24:MI:SS'), TO_TIMESTAMP('2016-01-08 20:39:30', 'YYYY-MM-DD HH24:MI:SS'));
insert into USERS (USER_ID, F_NAME, L_NAME, EMAIL, BIRTH, LAST_LOGIN) values (64, 'James', 'Davis', 'jdavis1r@vimeo.com', TO_TIMESTAMP('1987-08-02 14:41:01', 'YYYY-MM-DD HH24:MI:SS'), TO_TIMESTAMP('2016-01-11 03:06:00', 'YYYY-MM-DD HH24:MI:SS'));
insert into USERS (USER_ID, F_NAME, L_NAME, EMAIL, BIRTH, LAST_LOGIN) values (65, 'Dennis', 'Gutierrez', 'dgutierrez1s@creativecommons.org', TO_TIMESTAMP('1980-09-15 06:11:51', 'YYYY-MM-DD HH24:MI:SS'), TO_TIMESTAMP('2015-12-12 02:06:11', 'YYYY-MM-DD HH24:MI:SS'));
insert into USERS (USER_ID, F_NAME, L_NAME, EMAIL, BIRTH, LAST_LOGIN) values (66, 'Brandon', 'Pierce', 'bpierce1t@goo.ne.jp', TO_TIMESTAMP('1988-07-28 23:02:22', 'YYYY-MM-DD HH24:MI:SS'), TO_TIMESTAMP('2016-03-23 07:42:41', 'YYYY-MM-DD HH24:MI:SS'));
insert into USERS (USER_ID, F_NAME, L_NAME, EMAIL, BIRTH, LAST_LOGIN) values (67, 'Annie', 'Bishop', 'abishop1u@newyorker.com', TO_TIMESTAMP('2000-01-05 06:01:18', 'YYYY-MM-DD HH24:MI:SS'), TO_TIMESTAMP('2015-05-26 00:25:49', 'YYYY-MM-DD HH24:MI:SS'));
insert into USERS (USER_ID, F_NAME, L_NAME, EMAIL, BIRTH, LAST_LOGIN) values (68, 'Christina', 'Hawkins', 'chawkins1v@free.fr', TO_TIMESTAMP('1997-10-24 11:01:31', 'YYYY-MM-DD HH24:MI:SS'), TO_TIMESTAMP('2016-02-22 13:17:40', 'YYYY-MM-DD HH24:MI:SS'));
insert into USERS (USER_ID, F_NAME, L_NAME, EMAIL, BIRTH, LAST_LOGIN) values (69, 'Paul', 'Ward', 'pward1w@phoca.cz', TO_TIMESTAMP('1994-09-01 15:54:43', 'YYYY-MM-DD HH24:MI:SS'), TO_TIMESTAMP('2015-08-27 20:36:46', 'YYYY-MM-DD HH24:MI:SS'));
insert into USERS (USER_ID, F_NAME, L_NAME, EMAIL, BIRTH, LAST_LOGIN) values (70, 'Jonathan', 'Oliver', 'joliver1x@virginia.edu', TO_TIMESTAMP('1995-04-05 01:23:20', 'YYYY-MM-DD HH24:MI:SS'), TO_TIMESTAMP('2015-05-09 01:21:41', 'YYYY-MM-DD HH24:MI:SS'));
insert into USERS (USER_ID, F_NAME, L_NAME, EMAIL, BIRTH, LAST_LOGIN) values (71, 'Jason', 'Sanders', 'jsanders1y@privacy.gov.au', TO_TIMESTAMP('1984-03-25 06:04:10', 'YYYY-MM-DD HH24:MI:SS'), TO_TIMESTAMP('2016-02-09 00:12:47', 'YYYY-MM-DD HH24:MI:SS'));
insert into USERS (USER_ID, F_NAME, L_NAME, EMAIL, BIRTH, LAST_LOGIN) values (72, 'Gary', 'Stone', 'gstone1z@house.gov', TO_TIMESTAMP('1984-06-25 07:42:32', 'YYYY-MM-DD HH24:MI:SS'), TO_TIMESTAMP('2016-01-21 19:47:31', 'YYYY-MM-DD HH24:MI:SS'));
insert into USERS (USER_ID, F_NAME, L_NAME, EMAIL, BIRTH, LAST_LOGIN) values (73, 'Paula', 'Austin', 'paustin20@nydailynews.com', TO_TIMESTAMP('1981-06-16 11:55:33', 'YYYY-MM-DD HH24:MI:SS'), TO_TIMESTAMP('2016-02-01 12:55:00', 'YYYY-MM-DD HH24:MI:SS'));
insert into USERS (USER_ID, F_NAME, L_NAME, EMAIL, BIRTH, LAST_LOGIN) values (74, 'Carolyn', 'Garza', 'cgarza21@sakura.ne.jp', TO_TIMESTAMP('1984-10-08 14:48:08', 'YYYY-MM-DD HH24:MI:SS'), TO_TIMESTAMP('2015-06-28 02:49:14', 'YYYY-MM-DD HH24:MI:SS'));
insert into USERS (USER_ID, F_NAME, L_NAME, EMAIL, BIRTH, LAST_LOGIN) values (75, 'Phillip', 'Kim', 'pkim22@businessweek.com', TO_TIMESTAMP('1994-02-01 21:23:01', 'YYYY-MM-DD HH24:MI:SS'), TO_TIMESTAMP('2015-10-14 09:58:52', 'YYYY-MM-DD HH24:MI:SS'));
insert into USERS (USER_ID, F_NAME, L_NAME, EMAIL, BIRTH, LAST_LOGIN) values (76, 'Peter', 'Perez', 'pperez23@about.com', TO_TIMESTAMP('1981-10-20 19:13:26', 'YYYY-MM-DD HH24:MI:SS'), TO_TIMESTAMP('2015-10-01 06:53:10', 'YYYY-MM-DD HH24:MI:SS'));
insert into USERS (USER_ID, F_NAME, L_NAME, EMAIL, BIRTH, LAST_LOGIN) values (77, 'Martha', 'Wallace', 'mwallace24@howstuffworks.com', TO_TIMESTAMP('1989-04-01 22:50:59', 'YYYY-MM-DD HH24:MI:SS'), TO_TIMESTAMP('2015-06-06 03:57:23', 'YYYY-MM-DD HH24:MI:SS'));
insert into USERS (USER_ID, F_NAME, L_NAME, EMAIL, BIRTH, LAST_LOGIN) values (78, 'Clarence', 'Parker', 'cparker25@webnode.com', TO_TIMESTAMP('1985-09-20 17:17:27', 'YYYY-MM-DD HH24:MI:SS'), TO_TIMESTAMP('2015-09-26 16:33:39', 'YYYY-MM-DD HH24:MI:SS'));
insert into USERS (USER_ID, F_NAME, L_NAME, EMAIL, BIRTH, LAST_LOGIN) values (79, 'Donald', 'Patterson', 'dpatterson26@smh.com.au', TO_TIMESTAMP('1980-08-15 01:40:54', 'YYYY-MM-DD HH24:MI:SS'), TO_TIMESTAMP('2015-10-08 16:06:26', 'YYYY-MM-DD HH24:MI:SS'));
insert into USERS (USER_ID, F_NAME, L_NAME, EMAIL, BIRTH, LAST_LOGIN) values (80, 'Kathryn', 'Roberts', 'kroberts27@edublogs.org', TO_TIMESTAMP('1986-05-04 16:32:23', 'YYYY-MM-DD HH24:MI:SS'), TO_TIMESTAMP('2015-09-11 16:42:49', 'YYYY-MM-DD HH24:MI:SS'));
insert into USERS (USER_ID, F_NAME, L_NAME, EMAIL, BIRTH, LAST_LOGIN) values (81, 'Andrea', 'West', 'awest28@deviantart.com', TO_TIMESTAMP('1991-01-30 14:45:44', 'YYYY-MM-DD HH24:MI:SS'), TO_TIMESTAMP('2015-09-12 17:10:12', 'YYYY-MM-DD HH24:MI:SS'));
insert into USERS (USER_ID, F_NAME, L_NAME, EMAIL, BIRTH, LAST_LOGIN) values (82, 'Rebecca', 'Reynolds', 'rreynolds29@ox.ac.uk', TO_TIMESTAMP('1999-02-18 15:02:19', 'YYYY-MM-DD HH24:MI:SS'), TO_TIMESTAMP('2015-06-15 02:50:02', 'YYYY-MM-DD HH24:MI:SS'));
insert into USERS (USER_ID, F_NAME, L_NAME, EMAIL, BIRTH, LAST_LOGIN) values (83, 'Doris', 'Morales', 'dmorales2a@moonfruit.com', TO_TIMESTAMP('1991-11-17 19:33:29', 'YYYY-MM-DD HH24:MI:SS'), TO_TIMESTAMP('2015-04-19 18:49:29', 'YYYY-MM-DD HH24:MI:SS'));
insert into USERS (USER_ID, F_NAME, L_NAME, EMAIL, BIRTH, LAST_LOGIN) values (84, 'Shawn', 'Kelley', 'skelley2b@dion.ne.jp', TO_TIMESTAMP('2000-08-06 03:00:33', 'YYYY-MM-DD HH24:MI:SS'), TO_TIMESTAMP('2015-12-07 09:32:21', 'YYYY-MM-DD HH24:MI:SS'));
insert into USERS (USER_ID, F_NAME, L_NAME, EMAIL, BIRTH, LAST_LOGIN) values (85, 'Juan', 'Reid', 'jreid2c@google.ru', TO_TIMESTAMP('1986-11-21 14:15:12', 'YYYY-MM-DD HH24:MI:SS'), TO_TIMESTAMP('2015-08-02 18:32:00', 'YYYY-MM-DD HH24:MI:SS'));
insert into USERS (USER_ID, F_NAME, L_NAME, EMAIL, BIRTH, LAST_LOGIN) values (86, 'Doris', 'Mccoy', 'dmccoy2d@house.gov', TO_TIMESTAMP('1991-08-09 15:58:28', 'YYYY-MM-DD HH24:MI:SS'), TO_TIMESTAMP('2015-06-15 04:24:31', 'YYYY-MM-DD HH24:MI:SS'));
insert into USERS (USER_ID, F_NAME, L_NAME, EMAIL, BIRTH, LAST_LOGIN) values (87, 'Joseph', 'Wood', 'jwood2e@sun.com', TO_TIMESTAMP('1991-07-26 12:29:04', 'YYYY-MM-DD HH24:MI:SS'), TO_TIMESTAMP('2016-01-18 22:12:10', 'YYYY-MM-DD HH24:MI:SS'));
insert into USERS (USER_ID, F_NAME, L_NAME, EMAIL, BIRTH, LAST_LOGIN) values (88, 'Amy', 'James', 'ajames2f@wufoo.com', TO_TIMESTAMP('1994-12-29 21:59:52', 'YYYY-MM-DD HH24:MI:SS'), TO_TIMESTAMP('2016-03-11 13:31:51', 'YYYY-MM-DD HH24:MI:SS'));
insert into USERS (USER_ID, F_NAME, L_NAME, EMAIL, BIRTH, LAST_LOGIN) values (89, 'Peter', 'Romero', 'promero2g@exblog.jp', TO_TIMESTAMP('1980-01-28 15:13:04', 'YYYY-MM-DD HH24:MI:SS'), TO_TIMESTAMP('2015-10-30 06:34:17', 'YYYY-MM-DD HH24:MI:SS'));
insert into USERS (USER_ID, F_NAME, L_NAME, EMAIL, BIRTH, LAST_LOGIN) values (90, 'Lisa', 'Marshall', 'lmarshall2h@google.com.hk', TO_TIMESTAMP('1985-03-21 21:46:42', 'YYYY-MM-DD HH24:MI:SS'), TO_TIMESTAMP('2016-02-10 16:08:18', 'YYYY-MM-DD HH24:MI:SS'));
insert into USERS (USER_ID, F_NAME, L_NAME, EMAIL, BIRTH, LAST_LOGIN) values (91, 'Eugene', 'Porter', 'eporter2i@arizona.edu', TO_TIMESTAMP('1984-10-22 14:27:58', 'YYYY-MM-DD HH24:MI:SS'), TO_TIMESTAMP('2015-05-20 20:20:43', 'YYYY-MM-DD HH24:MI:SS'));
insert into USERS (USER_ID, F_NAME, L_NAME, EMAIL, BIRTH, LAST_LOGIN) values (92, 'Catherine', 'Barnes', 'cbarnes2j@boston.com', TO_TIMESTAMP('1980-06-15 05:30:32', 'YYYY-MM-DD HH24:MI:SS'), TO_TIMESTAMP('2015-09-25 12:02:04', 'YYYY-MM-DD HH24:MI:SS'));
insert into USERS (USER_ID, F_NAME, L_NAME, EMAIL, BIRTH, LAST_LOGIN) values (93, 'Kimberly', 'Roberts', 'kroberts2k@reuters.com', TO_TIMESTAMP('1986-08-20 21:19:17', 'YYYY-MM-DD HH24:MI:SS'), TO_TIMESTAMP('2015-08-17 20:40:58', 'YYYY-MM-DD HH24:MI:SS'));
insert into USERS (USER_ID, F_NAME, L_NAME, EMAIL, BIRTH, LAST_LOGIN) values (94, 'Daniel', 'Mccoy', 'dmccoy2l@lycos.com', TO_TIMESTAMP('1986-04-01 02:42:16', 'YYYY-MM-DD HH24:MI:SS'), TO_TIMESTAMP('2015-06-18 21:01:24', 'YYYY-MM-DD HH24:MI:SS'));
insert into USERS (USER_ID, F_NAME, L_NAME, EMAIL, BIRTH, LAST_LOGIN) values (95, 'Diana', 'Weaver', 'dweaver2m@cdbaby.com', TO_TIMESTAMP('1984-09-10 04:49:39', 'YYYY-MM-DD HH24:MI:SS'), TO_TIMESTAMP('2015-08-18 15:21:48', 'YYYY-MM-DD HH24:MI:SS'));
insert into USERS (USER_ID, F_NAME, L_NAME, EMAIL, BIRTH, LAST_LOGIN) values (96, 'Judy', 'Welch', 'jwelch2n@examiner.com', TO_TIMESTAMP('1990-02-22 19:56:48', 'YYYY-MM-DD HH24:MI:SS'), TO_TIMESTAMP('2015-09-25 00:15:45', 'YYYY-MM-DD HH24:MI:SS'));
insert into USERS (USER_ID, F_NAME, L_NAME, EMAIL, BIRTH, LAST_LOGIN) values (97, 'Jose', 'Gonzales', 'jgonzales2o@illinois.edu', TO_TIMESTAMP('1991-06-20 04:25:05', 'YYYY-MM-DD HH24:MI:SS'), TO_TIMESTAMP('2015-08-01 10:08:27', 'YYYY-MM-DD HH24:MI:SS'));
insert into USERS (USER_ID, F_NAME, L_NAME, EMAIL, BIRTH, LAST_LOGIN) values (98, 'Justin', 'Young', 'jyoung2p@cdbaby.com', TO_TIMESTAMP('1994-06-16 05:30:32', 'YYYY-MM-DD HH24:MI:SS'), TO_TIMESTAMP('2015-09-18 11:29:53', 'YYYY-MM-DD HH24:MI:SS'));
insert into USERS (USER_ID, F_NAME, L_NAME, EMAIL, BIRTH, LAST_LOGIN) values (99, 'Lois', 'Perez', 'lperez2q@globo.com', TO_TIMESTAMP('1991-07-27 22:12:53', 'YYYY-MM-DD HH24:MI:SS'), TO_TIMESTAMP('2015-04-20 10:55:39', 'YYYY-MM-DD HH24:MI:SS'));
insert into USERS (USER_ID, F_NAME, L_NAME, EMAIL, BIRTH, LAST_LOGIN) values (100, 'Kathryn', 'Little', 'klittle2r@printfriendly.com', TO_TIMESTAMP('1984-08-25 01:26:22', 'YYYY-MM-DD HH24:MI:SS'), TO_TIMESTAMP('2015-05-13 20:28:39', 'YYYY-MM-DD HH24:MI:SS')); 

-------------------------------------------------------------------------------

insert into FRIENDSHIPS (FRIENDSHIP_ID, USER_ID1, USER_ID2) values (1,1,100);
insert into FRIENDSHIPS (FRIENDSHIP_ID, USER_ID1, USER_ID2) values (2,2,99);
insert into FRIENDSHIPS (FRIENDSHIP_ID, USER_ID1, USER_ID2) values (3,3,98);
insert into FRIENDSHIPS (FRIENDSHIP_ID, USER_ID1, USER_ID2) values (4,4,97);
insert into FRIENDSHIPS (FRIENDSHIP_ID, USER_ID1, USER_ID2) values (5,5,96);
insert into FRIENDSHIPS (FRIENDSHIP_ID, USER_ID1, USER_ID2) values (6,6,95);
insert into FRIENDSHIPS (FRIENDSHIP_ID, USER_ID1, USER_ID2) values (7,7,94);
insert into FRIENDSHIPS (FRIENDSHIP_ID, USER_ID1, USER_ID2) values (8,8,93);
insert into FRIENDSHIPS (FRIENDSHIP_ID, USER_ID1, USER_ID2) values (9,9,92);
insert into FRIENDSHIPS (FRIENDSHIP_ID, USER_ID1, USER_ID2) values (10,10,91);
insert into FRIENDSHIPS (FRIENDSHIP_ID, USER_ID1, USER_ID2) values (11,11,90);
insert into FRIENDSHIPS (FRIENDSHIP_ID, USER_ID1, USER_ID2) values (12,12,89);
insert into FRIENDSHIPS (FRIENDSHIP_ID, USER_ID1, USER_ID2) values (13,13,88);
insert into FRIENDSHIPS (FRIENDSHIP_ID, USER_ID1, USER_ID2) values (14,14,87);
insert into FRIENDSHIPS (FRIENDSHIP_ID, USER_ID1, USER_ID2) values (15,15,86);
insert into FRIENDSHIPS (FRIENDSHIP_ID, USER_ID1, USER_ID2) values (16,16,85);
insert into FRIENDSHIPS (FRIENDSHIP_ID, USER_ID1, USER_ID2) values (17,17,84);
insert into FRIENDSHIPS (FRIENDSHIP_ID, USER_ID1, USER_ID2) values (18,18,83);
insert into FRIENDSHIPS (FRIENDSHIP_ID, USER_ID1, USER_ID2) values (19,19,82);
insert into FRIENDSHIPS (FRIENDSHIP_ID, USER_ID1, USER_ID2) values (20,20,81);
insert into FRIENDSHIPS (FRIENDSHIP_ID, USER_ID1, USER_ID2) values (21,21,80);
insert into FRIENDSHIPS (FRIENDSHIP_ID, USER_ID1, USER_ID2) values (22,22,79);
insert into FRIENDSHIPS (FRIENDSHIP_ID, USER_ID1, USER_ID2) values (23,23,78);
insert into FRIENDSHIPS (FRIENDSHIP_ID, USER_ID1, USER_ID2) values (24,24,77);
insert into FRIENDSHIPS (FRIENDSHIP_ID, USER_ID1, USER_ID2) values (25,25,76);
insert into FRIENDSHIPS (FRIENDSHIP_ID, USER_ID1, USER_ID2) values (26,26,75);
insert into FRIENDSHIPS (FRIENDSHIP_ID, USER_ID1, USER_ID2) values (27,27,74);
insert into FRIENDSHIPS (FRIENDSHIP_ID, USER_ID1, USER_ID2) values (28,28,73);
insert into FRIENDSHIPS (FRIENDSHIP_ID, USER_ID1, USER_ID2) values (29,29,72);
insert into FRIENDSHIPS (FRIENDSHIP_ID, USER_ID1, USER_ID2) values (30,30,71);
insert into FRIENDSHIPS (FRIENDSHIP_ID, USER_ID1, USER_ID2) values (31,31,70);
insert into FRIENDSHIPS (FRIENDSHIP_ID, USER_ID1, USER_ID2) values (32,32,69);
insert into FRIENDSHIPS (FRIENDSHIP_ID, USER_ID1, USER_ID2) values (33,33,68);
insert into FRIENDSHIPS (FRIENDSHIP_ID, USER_ID1, USER_ID2) values (34,34,67);
insert into FRIENDSHIPS (FRIENDSHIP_ID, USER_ID1, USER_ID2) values (35,35,66);
insert into FRIENDSHIPS (FRIENDSHIP_ID, USER_ID1, USER_ID2) values (36,36,65);
insert into FRIENDSHIPS (FRIENDSHIP_ID, USER_ID1, USER_ID2) values (37,37,64);
insert into FRIENDSHIPS (FRIENDSHIP_ID, USER_ID1, USER_ID2) values (38,38,63);
insert into FRIENDSHIPS (FRIENDSHIP_ID, USER_ID1, USER_ID2) values (39,39,62);
insert into FRIENDSHIPS (FRIENDSHIP_ID, USER_ID1, USER_ID2) values (40,40,61);
insert into FRIENDSHIPS (FRIENDSHIP_ID, USER_ID1, USER_ID2) values (41,41,60);
insert into FRIENDSHIPS (FRIENDSHIP_ID, USER_ID1, USER_ID2) values (42,42,59);
insert into FRIENDSHIPS (FRIENDSHIP_ID, USER_ID1, USER_ID2) values (43,43,58);
insert into FRIENDSHIPS (FRIENDSHIP_ID, USER_ID1, USER_ID2) values (44,44,57);
insert into FRIENDSHIPS (FRIENDSHIP_ID, USER_ID1, USER_ID2) values (45,45,56);
insert into FRIENDSHIPS (FRIENDSHIP_ID, USER_ID1, USER_ID2) values (46,46,55);
insert into FRIENDSHIPS (FRIENDSHIP_ID, USER_ID1, USER_ID2) values (47,47,54);
insert into FRIENDSHIPS (FRIENDSHIP_ID, USER_ID1, USER_ID2) values (48,48,53);
insert into FRIENDSHIPS (FRIENDSHIP_ID, USER_ID1, USER_ID2) values (49,49,52);
insert into FRIENDSHIPS (FRIENDSHIP_ID, USER_ID1, USER_ID2) values (50,50,51);
insert into FRIENDSHIPS (FRIENDSHIP_ID, USER_ID1, USER_ID2) values (51,51,52);
insert into FRIENDSHIPS (FRIENDSHIP_ID, USER_ID1, USER_ID2) values (52,52,53);
insert into FRIENDSHIPS (FRIENDSHIP_ID, USER_ID1, USER_ID2) values (53,53,54);
insert into FRIENDSHIPS (FRIENDSHIP_ID, USER_ID1, USER_ID2) values (54,54,55);
insert into FRIENDSHIPS (FRIENDSHIP_ID, USER_ID1, USER_ID2) values (55,55,56);
insert into FRIENDSHIPS (FRIENDSHIP_ID, USER_ID1, USER_ID2) values (56,56,57);
insert into FRIENDSHIPS (FRIENDSHIP_ID, USER_ID1, USER_ID2) values (57,57,58);
insert into FRIENDSHIPS (FRIENDSHIP_ID, USER_ID1, USER_ID2) values (58,58,59);
insert into FRIENDSHIPS (FRIENDSHIP_ID, USER_ID1, USER_ID2) values (59,59,60);
insert into FRIENDSHIPS (FRIENDSHIP_ID, USER_ID1, USER_ID2) values (60,60,61);
insert into FRIENDSHIPS (FRIENDSHIP_ID, USER_ID1, USER_ID2) values (61,61,62);
insert into FRIENDSHIPS (FRIENDSHIP_ID, USER_ID1, USER_ID2) values (62,62,63);
insert into FRIENDSHIPS (FRIENDSHIP_ID, USER_ID1, USER_ID2) values (63,63,64);
insert into FRIENDSHIPS (FRIENDSHIP_ID, USER_ID1, USER_ID2) values (64,64,65);
insert into FRIENDSHIPS (FRIENDSHIP_ID, USER_ID1, USER_ID2) values (65,65,66);
insert into FRIENDSHIPS (FRIENDSHIP_ID, USER_ID1, USER_ID2) values (66,66,67);
insert into FRIENDSHIPS (FRIENDSHIP_ID, USER_ID1, USER_ID2) values (67,67,68);
insert into FRIENDSHIPS (FRIENDSHIP_ID, USER_ID1, USER_ID2) values (68,68,69);
insert into FRIENDSHIPS (FRIENDSHIP_ID, USER_ID1, USER_ID2) values (69,69,70);
insert into FRIENDSHIPS (FRIENDSHIP_ID, USER_ID1, USER_ID2) values (70,70,71);
insert into FRIENDSHIPS (FRIENDSHIP_ID, USER_ID1, USER_ID2) values (71,71,72);
insert into FRIENDSHIPS (FRIENDSHIP_ID, USER_ID1, USER_ID2) values (72,72,73);
insert into FRIENDSHIPS (FRIENDSHIP_ID, USER_ID1, USER_ID2) values (73,73,74);
insert into FRIENDSHIPS (FRIENDSHIP_ID, USER_ID1, USER_ID2) values (74,74,75);
insert into FRIENDSHIPS (FRIENDSHIP_ID, USER_ID1, USER_ID2) values (75,75,76);
insert into FRIENDSHIPS (FRIENDSHIP_ID, USER_ID1, USER_ID2) values (76,76,77);
insert into FRIENDSHIPS (FRIENDSHIP_ID, USER_ID1, USER_ID2) values (77,77,78);
insert into FRIENDSHIPS (FRIENDSHIP_ID, USER_ID1, USER_ID2) values (78,78,79);
insert into FRIENDSHIPS (FRIENDSHIP_ID, USER_ID1, USER_ID2) values (79,79,80);
insert into FRIENDSHIPS (FRIENDSHIP_ID, USER_ID1, USER_ID2) values (80,80,81);
insert into FRIENDSHIPS (FRIENDSHIP_ID, USER_ID1, USER_ID2) values (81,81,82);
insert into FRIENDSHIPS (FRIENDSHIP_ID, USER_ID1, USER_ID2) values (82,82,83);
insert into FRIENDSHIPS (FRIENDSHIP_ID, USER_ID1, USER_ID2) values (83,83,84);
insert into FRIENDSHIPS (FRIENDSHIP_ID, USER_ID1, USER_ID2) values (84,84,85);
insert into FRIENDSHIPS (FRIENDSHIP_ID, USER_ID1, USER_ID2) values (85,85,86);
insert into FRIENDSHIPS (FRIENDSHIP_ID, USER_ID1, USER_ID2) values (86,86,87);
insert into FRIENDSHIPS (FRIENDSHIP_ID, USER_ID1, USER_ID2) values (87,87,88);
insert into FRIENDSHIPS (FRIENDSHIP_ID, USER_ID1, USER_ID2) values (88,88,89);
insert into FRIENDSHIPS (FRIENDSHIP_ID, USER_ID1, USER_ID2) values (89,89,90);
insert into FRIENDSHIPS (FRIENDSHIP_ID, USER_ID1, USER_ID2) values (90,90,91);
insert into FRIENDSHIPS (FRIENDSHIP_ID, USER_ID1, USER_ID2) values (91,91,92);
insert into FRIENDSHIPS (FRIENDSHIP_ID, USER_ID1, USER_ID2) values (92,92,93);
insert into FRIENDSHIPS (FRIENDSHIP_ID, USER_ID1, USER_ID2) values (93,93,94);
insert into FRIENDSHIPS (FRIENDSHIP_ID, USER_ID1, USER_ID2) values (94,94,95);
insert into FRIENDSHIPS (FRIENDSHIP_ID, USER_ID1, USER_ID2) values (95,95,96);
insert into FRIENDSHIPS (FRIENDSHIP_ID, USER_ID1, USER_ID2) values (96,96,97);
insert into FRIENDSHIPS (FRIENDSHIP_ID, USER_ID1, USER_ID2) values (97,97,98);
insert into FRIENDSHIPS (FRIENDSHIP_ID, USER_ID1, USER_ID2) values (98,98,99);
insert into FRIENDSHIPS (FRIENDSHIP_ID, USER_ID1, USER_ID2) values (99,99,100);
insert into FRIENDSHIPS (FRIENDSHIP_ID, USER_ID1, USER_ID2) values (100,100,2);
insert into FRIENDSHIPS (FRIENDSHIP_ID, USER_ID1, USER_ID2) values (101,1,99);
insert into FRIENDSHIPS (FRIENDSHIP_ID, USER_ID1, USER_ID2) values (102,2,98);
insert into FRIENDSHIPS (FRIENDSHIP_ID, USER_ID1, USER_ID2) values (103,3,97);
insert into FRIENDSHIPS (FRIENDSHIP_ID, USER_ID1, USER_ID2) values (104,4,96);
insert into FRIENDSHIPS (FRIENDSHIP_ID, USER_ID1, USER_ID2) values (105,5,95);
insert into FRIENDSHIPS (FRIENDSHIP_ID, USER_ID1, USER_ID2) values (106,6,94);
insert into FRIENDSHIPS (FRIENDSHIP_ID, USER_ID1, USER_ID2) values (107,7,93);
insert into FRIENDSHIPS (FRIENDSHIP_ID, USER_ID1, USER_ID2) values (108,8,92);
insert into FRIENDSHIPS (FRIENDSHIP_ID, USER_ID1, USER_ID2) values (109,9,91);
insert into FRIENDSHIPS (FRIENDSHIP_ID, USER_ID1, USER_ID2) values (110,10,90);
insert into FRIENDSHIPS (FRIENDSHIP_ID, USER_ID1, USER_ID2) values (111,11,89);
insert into FRIENDSHIPS (FRIENDSHIP_ID, USER_ID1, USER_ID2) values (112,12,88);
insert into FRIENDSHIPS (FRIENDSHIP_ID, USER_ID1, USER_ID2) values (113,13,87);
insert into FRIENDSHIPS (FRIENDSHIP_ID, USER_ID1, USER_ID2) values (114,14,86);
insert into FRIENDSHIPS (FRIENDSHIP_ID, USER_ID1, USER_ID2) values (115,15,85);
insert into FRIENDSHIPS (FRIENDSHIP_ID, USER_ID1, USER_ID2) values (116,16,84);
insert into FRIENDSHIPS (FRIENDSHIP_ID, USER_ID1, USER_ID2) values (117,17,83);
insert into FRIENDSHIPS (FRIENDSHIP_ID, USER_ID1, USER_ID2) values (118,18,82);
insert into FRIENDSHIPS (FRIENDSHIP_ID, USER_ID1, USER_ID2) values (119,19,81);
insert into FRIENDSHIPS (FRIENDSHIP_ID, USER_ID1, USER_ID2) values (120,20,80);
insert into FRIENDSHIPS (FRIENDSHIP_ID, USER_ID1, USER_ID2) values (121,21,79);
insert into FRIENDSHIPS (FRIENDSHIP_ID, USER_ID1, USER_ID2) values (122,22,78);
insert into FRIENDSHIPS (FRIENDSHIP_ID, USER_ID1, USER_ID2) values (123,23,77);
insert into FRIENDSHIPS (FRIENDSHIP_ID, USER_ID1, USER_ID2) values (124,24,76);
insert into FRIENDSHIPS (FRIENDSHIP_ID, USER_ID1, USER_ID2) values (125,25,75);
insert into FRIENDSHIPS (FRIENDSHIP_ID, USER_ID1, USER_ID2) values (126,26,74);
insert into FRIENDSHIPS (FRIENDSHIP_ID, USER_ID1, USER_ID2) values (127,27,73);
insert into FRIENDSHIPS (FRIENDSHIP_ID, USER_ID1, USER_ID2) values (128,28,72);
insert into FRIENDSHIPS (FRIENDSHIP_ID, USER_ID1, USER_ID2) values (129,29,71);
insert into FRIENDSHIPS (FRIENDSHIP_ID, USER_ID1, USER_ID2) values (130,30,70);
insert into FRIENDSHIPS (FRIENDSHIP_ID, USER_ID1, USER_ID2) values (131,31,69);
insert into FRIENDSHIPS (FRIENDSHIP_ID, USER_ID1, USER_ID2) values (132,32,68);
insert into FRIENDSHIPS (FRIENDSHIP_ID, USER_ID1, USER_ID2) values (133,33,67);
insert into FRIENDSHIPS (FRIENDSHIP_ID, USER_ID1, USER_ID2) values (134,34,66);
insert into FRIENDSHIPS (FRIENDSHIP_ID, USER_ID1, USER_ID2) values (135,35,65);
insert into FRIENDSHIPS (FRIENDSHIP_ID, USER_ID1, USER_ID2) values (136,36,64);
insert into FRIENDSHIPS (FRIENDSHIP_ID, USER_ID1, USER_ID2) values (137,37,63);
insert into FRIENDSHIPS (FRIENDSHIP_ID, USER_ID1, USER_ID2) values (138,38,62);
insert into FRIENDSHIPS (FRIENDSHIP_ID, USER_ID1, USER_ID2) values (139,39,61);
insert into FRIENDSHIPS (FRIENDSHIP_ID, USER_ID1, USER_ID2) values (140,40,60);
insert into FRIENDSHIPS (FRIENDSHIP_ID, USER_ID1, USER_ID2) values (141,41,59);
insert into FRIENDSHIPS (FRIENDSHIP_ID, USER_ID1, USER_ID2) values (142,42,58);
insert into FRIENDSHIPS (FRIENDSHIP_ID, USER_ID1, USER_ID2) values (143,43,57);
insert into FRIENDSHIPS (FRIENDSHIP_ID, USER_ID1, USER_ID2) values (144,44,56);
insert into FRIENDSHIPS (FRIENDSHIP_ID, USER_ID1, USER_ID2) values (145,45,55);
insert into FRIENDSHIPS (FRIENDSHIP_ID, USER_ID1, USER_ID2) values (146,46,54);
insert into FRIENDSHIPS (FRIENDSHIP_ID, USER_ID1, USER_ID2) values (147,47,53);
insert into FRIENDSHIPS (FRIENDSHIP_ID, USER_ID1, USER_ID2) values (148,48,52);
insert into FRIENDSHIPS (FRIENDSHIP_ID, USER_ID1, USER_ID2) values (149,49,51);
insert into FRIENDSHIPS (FRIENDSHIP_ID, USER_ID1, USER_ID2) values (150,50,97);
insert into FRIENDSHIPS (FRIENDSHIP_ID, USER_ID1, USER_ID2) values (151,51,96);
insert into FRIENDSHIPS (FRIENDSHIP_ID, USER_ID1, USER_ID2) values (152,52,95);
insert into FRIENDSHIPS (FRIENDSHIP_ID, USER_ID1, USER_ID2) values (153,53,94);
insert into FRIENDSHIPS (FRIENDSHIP_ID, USER_ID1, USER_ID2) values (154,54,93);
insert into FRIENDSHIPS (FRIENDSHIP_ID, USER_ID1, USER_ID2) values (155,55,92);
insert into FRIENDSHIPS (FRIENDSHIP_ID, USER_ID1, USER_ID2) values (156,56,91);
insert into FRIENDSHIPS (FRIENDSHIP_ID, USER_ID1, USER_ID2) values (157,57,90);
insert into FRIENDSHIPS (FRIENDSHIP_ID, USER_ID1, USER_ID2) values (158,58,89);
insert into FRIENDSHIPS (FRIENDSHIP_ID, USER_ID1, USER_ID2) values (159,59,88);
insert into FRIENDSHIPS (FRIENDSHIP_ID, USER_ID1, USER_ID2) values (160,60,87);
insert into FRIENDSHIPS (FRIENDSHIP_ID, USER_ID1, USER_ID2) values (161,61,86);
insert into FRIENDSHIPS (FRIENDSHIP_ID, USER_ID1, USER_ID2) values (162,62,85);
insert into FRIENDSHIPS (FRIENDSHIP_ID, USER_ID1, USER_ID2) values (163,63,84);
insert into FRIENDSHIPS (FRIENDSHIP_ID, USER_ID1, USER_ID2) values (164,64,83);
insert into FRIENDSHIPS (FRIENDSHIP_ID, USER_ID1, USER_ID2) values (165,65,82);
insert into FRIENDSHIPS (FRIENDSHIP_ID, USER_ID1, USER_ID2) values (166,66,81);
insert into FRIENDSHIPS (FRIENDSHIP_ID, USER_ID1, USER_ID2) values (167,67,80);
insert into FRIENDSHIPS (FRIENDSHIP_ID, USER_ID1, USER_ID2) values (168,68,79);
insert into FRIENDSHIPS (FRIENDSHIP_ID, USER_ID1, USER_ID2) values (169,69,78);
insert into FRIENDSHIPS (FRIENDSHIP_ID, USER_ID1, USER_ID2) values (170,70,77);
insert into FRIENDSHIPS (FRIENDSHIP_ID, USER_ID1, USER_ID2) values (171,71,76);
insert into FRIENDSHIPS (FRIENDSHIP_ID, USER_ID1, USER_ID2) values (172,72,75);
insert into FRIENDSHIPS (FRIENDSHIP_ID, USER_ID1, USER_ID2) values (173,73,74);
insert into FRIENDSHIPS (FRIENDSHIP_ID, USER_ID1, USER_ID2) values (174,74,73);
insert into FRIENDSHIPS (FRIENDSHIP_ID, USER_ID1, USER_ID2) values (175,75,72);
insert into FRIENDSHIPS (FRIENDSHIP_ID, USER_ID1, USER_ID2) values (176,76,71);
insert into FRIENDSHIPS (FRIENDSHIP_ID, USER_ID1, USER_ID2) values (177,77,70);
insert into FRIENDSHIPS (FRIENDSHIP_ID, USER_ID1, USER_ID2) values (178,78,69);
insert into FRIENDSHIPS (FRIENDSHIP_ID, USER_ID1, USER_ID2) values (179,79,68);
insert into FRIENDSHIPS (FRIENDSHIP_ID, USER_ID1, USER_ID2) values (180,80,67);
insert into FRIENDSHIPS (FRIENDSHIP_ID, USER_ID1, USER_ID2) values (181,81,66);
insert into FRIENDSHIPS (FRIENDSHIP_ID, USER_ID1, USER_ID2) values (182,82,65);
insert into FRIENDSHIPS (FRIENDSHIP_ID, USER_ID1, USER_ID2) values (183,83,64);
insert into FRIENDSHIPS (FRIENDSHIP_ID, USER_ID1, USER_ID2) values (184,84,63);
insert into FRIENDSHIPS (FRIENDSHIP_ID, USER_ID1, USER_ID2) values (185,85,62);
insert into FRIENDSHIPS (FRIENDSHIP_ID, USER_ID1, USER_ID2) values (186,86,61);
insert into FRIENDSHIPS (FRIENDSHIP_ID, USER_ID1, USER_ID2) values (187,87,60);
insert into FRIENDSHIPS (FRIENDSHIP_ID, USER_ID1, USER_ID2) values (188,88,59);
insert into FRIENDSHIPS (FRIENDSHIP_ID, USER_ID1, USER_ID2) values (189,89,58);
insert into FRIENDSHIPS (FRIENDSHIP_ID, USER_ID1, USER_ID2) values (190,90,57);
insert into FRIENDSHIPS (FRIENDSHIP_ID, USER_ID1, USER_ID2) values (191,91,56);
insert into FRIENDSHIPS (FRIENDSHIP_ID, USER_ID1, USER_ID2) values (192,92,55);
insert into FRIENDSHIPS (FRIENDSHIP_ID, USER_ID1, USER_ID2) values (193,93,54);
insert into FRIENDSHIPS (FRIENDSHIP_ID, USER_ID1, USER_ID2) values (194,94,53);
insert into FRIENDSHIPS (FRIENDSHIP_ID, USER_ID1, USER_ID2) values (195,95,52);
insert into FRIENDSHIPS (FRIENDSHIP_ID, USER_ID1, USER_ID2) values (196,96,51);
insert into FRIENDSHIPS (FRIENDSHIP_ID, USER_ID1, USER_ID2) values (197,97,50);
insert into FRIENDSHIPS (FRIENDSHIP_ID, USER_ID1, USER_ID2) values (198,98,49);
insert into FRIENDSHIPS (FRIENDSHIP_ID, USER_ID1, USER_ID2) values (199,99,48);
insert into FRIENDSHIPS (FRIENDSHIP_ID, USER_ID1, USER_ID2) values (200,100,47);

---------------------------------------------------------------------------------------

INSERT INTO GROUPS (GROUP_ID, NAME, DESCRIPTION, MEMBER_LIMIT) VALUES (1, 'Ironman', 'Hangout for Ironman fans', 50);
INSERT INTO GROUPS (GROUP_ID, NAME, DESCRIPTION, MEMBER_LIMIT) VALUES (2, 'Batman', 'Hangout for Batman fans', 300);
INSERT INTO GROUPS (GROUP_ID, NAME, DESCRIPTION, MEMBER_LIMIT) VALUES (3, 'Superman', 'Hangout for Superman fans', 45);
INSERT INTO GROUPS (GROUP_ID, NAME, DESCRIPTION, MEMBER_LIMIT) VALUES (4, 'Thor', 'Hangout for Thor fans', 167);
INSERT INTO GROUPS (GROUP_ID, NAME, DESCRIPTION, MEMBER_LIMIT) VALUES (5, 'The Hulk', 'Hangout for The Hulk fans', 862);
INSERT INTO GROUPS (GROUP_ID, NAME, DESCRIPTION, MEMBER_LIMIT) VALUES (6, 'The Flash', 'Hangout for The Flash fans', 56);
INSERT INTO GROUPS (GROUP_ID, NAME, DESCRIPTION, MEMBER_LIMIT) VALUES (7, 'Daredevil', 'Hangout for Daredevil fans', 11);
INSERT INTO GROUPS (GROUP_ID, NAME, DESCRIPTION, MEMBER_LIMIT) VALUES (8, 'Hawkeye', 'Hangout for Hawkeye fans', 89);
INSERT INTO GROUPS (GROUP_ID, NAME, DESCRIPTION, MEMBER_LIMIT) VALUES (9, 'Spiderman', 'Hangout for Spiderman fans', 657);
INSERT INTO GROUPS (GROUP_ID, NAME, DESCRIPTION, MEMBER_LIMIT) VALUES (10, 'Aquaman', 'Hangout for Aquaman fans', 100);

INSERT INTO GROUP_MEMBERS (GROUP_NUMBER_ID, USER_ID, GROUP_ID) VALUES (1, 23, 2); 
INSERT INTO GROUP_MEMBERS (GROUP_NUMBER_ID, USER_ID, GROUP_ID) VALUES (2, 2, 3);
INSERT INTO GROUP_MEMBERS (GROUP_NUMBER_ID, USER_ID, GROUP_ID) VALUES (3, 3, 2);
INSERT INTO GROUP_MEMBERS (GROUP_NUMBER_ID, USER_ID, GROUP_ID) VALUES (4, 4, 2);
INSERT INTO GROUP_MEMBERS (GROUP_NUMBER_ID, USER_ID, GROUP_ID) VALUES (5, 66, 1);
INSERT INTO GROUP_MEMBERS (GROUP_NUMBER_ID, USER_ID, GROUP_ID) VALUES (6, 78, 3);
INSERT INTO GROUP_MEMBERS (GROUP_NUMBER_ID, USER_ID, GROUP_ID) VALUES (7, 34, 4);
INSERT INTO GROUP_MEMBERS (GROUP_NUMBER_ID, USER_ID, GROUP_ID) VALUES (8, 43, 5);
INSERT INTO GROUP_MEMBERS (GROUP_NUMBER_ID, USER_ID, GROUP_ID) VALUES (9, 22, 6);
INSERT INTO GROUP_MEMBERS (GROUP_NUMBER_ID, USER_ID, GROUP_ID) VALUES (10, 12, 7);
INSERT INTO GROUP_MEMBERS (GROUP_NUMBER_ID, USER_ID, GROUP_ID) VALUES (11, 1, 8);

------------------------------------------------------------------------------------------------------------------------

insert into MESSAGES (MESSAGE_ID, SUBJECT, BODY, SENDER_ID, RECEIVER_ID, DATE_SENT) values (1, 'Vestibulum ante ipsum primis in faucibus orci luctus et ultrices posuere cubilia Curae; Donec pharetra, magna vestibulum aliquet ultrices, erat tortor sollicitudin mi, sit amet lobortis sapien sapien non mi.', 'Nulla neque libero, convallis eget, eleifend luctus, ultricies eu, nibh. Quisque id justo sit amet sapien dignissim vestibulum.', 66, 116, TO_TIMESTAMP('2015-05-29 03:19:50', 'YYYY-MM-DD HH24:MI:SS'));
insert into MESSAGES (MESSAGE_ID, SUBJECT, BODY, SENDER_ID, RECEIVER_ID, DATE_SENT) values (2, 'In tempor, turpis nec euismod scelerisque, quam turpis adipiscing lorem, vitae mattis nibh ligula nec sem.', 'Fusce posuere felis sed lacus. Morbi sem mauris, laoreet ut, rhoncus aliquet, pulvinar sed, nisl.', 122, 196, TO_TIMESTAMP('2015-06-14 03:39:01', 'YYYY-MM-DD HH24:MI:SS'));
insert into MESSAGES (MESSAGE_ID, SUBJECT, BODY, SENDER_ID, RECEIVER_ID, DATE_SENT) values (3, 'Integer a nibh.', 'Nunc nisl.', 141, 55, TO_TIMESTAMP('2015-10-20 11:17:12', 'YYYY-MM-DD HH24:MI:SS'));
insert into MESSAGES (MESSAGE_ID, SUBJECT, BODY, SENDER_ID, RECEIVER_ID, DATE_SENT) values (4, 'Nunc rhoncus dui vel sem.', 'Mauris ullamcorper purus sit amet nulla. Quisque arcu libero, rutrum ac, lobortis vel, dapibus at, diam.', 174, 177, TO_TIMESTAMP('2016-03-21 07:48:10', 'YYYY-MM-DD HH24:MI:SS'));
insert into MESSAGES (MESSAGE_ID, SUBJECT, BODY, SENDER_ID, RECEIVER_ID, DATE_SENT) values (5, 'Proin at turpis a pede posuere nonummy.', 'Aliquam quis turpis eget elit sodales scelerisque.', 168, 85, TO_TIMESTAMP('2015-09-27 14:08:48', 'YYYY-MM-DD HH24:MI:SS'));
insert into MESSAGES (MESSAGE_ID, SUBJECT, BODY, SENDER_ID, RECEIVER_ID, DATE_SENT) values (6, 'Proin eu mi.', 'Quisque id justo sit amet sapien dignissim vestibulum. Vestibulum ante ipsum primis in faucibus orci luctus et ultrices posuere cubilia Curae; Nulla dapibus dolor vel est.', 149, 113, TO_TIMESTAMP('2016-04-06 06:40:47', 'YYYY-MM-DD HH24:MI:SS'));
insert into MESSAGES (MESSAGE_ID, SUBJECT, BODY, SENDER_ID, RECEIVER_ID, DATE_SENT) values (7, 'Vivamus vel nulla eget eros elementum pellentesque.', 'Mauris lacinia sapien quis libero. Nullam sit amet turpis elementum ligula vehicula consequat.', 57, 144, TO_TIMESTAMP('2016-01-29 02:34:30', 'YYYY-MM-DD HH24:MI:SS'));
insert into MESSAGES (MESSAGE_ID, SUBJECT, BODY, SENDER_ID, RECEIVER_ID, DATE_SENT) values (8, 'Donec diam neque, vestibulum eget, vulputate ut, ultrices vel, augue.', 'Aliquam quis turpis eget elit sodales scelerisque. Mauris sit amet eros.', 35, 200, TO_TIMESTAMP('2015-10-16 07:27:23', 'YYYY-MM-DD HH24:MI:SS'));
insert into MESSAGES (MESSAGE_ID, SUBJECT, BODY, SENDER_ID, RECEIVER_ID, DATE_SENT) values (9, 'In hac habitasse platea dictumst.', 'Quisque id justo sit amet sapien dignissim vestibulum. Vestibulum ante ipsum primis in faucibus orci luctus et ultrices posuere cubilia Curae; Nulla dapibus dolor vel est.', 142, 183, TO_TIMESTAMP('2015-10-26 14:18:25', 'YYYY-MM-DD HH24:MI:SS'));
insert into MESSAGES (MESSAGE_ID, SUBJECT, BODY, SENDER_ID, RECEIVER_ID, DATE_SENT) values (10, 'Maecenas tincidunt lacus at velit.', 'Lorem ipsum dolor sit amet, consectetuer adipiscing elit.', 172, 74, TO_TIMESTAMP('2015-10-01 04:44:01', 'YYYY-MM-DD HH24:MI:SS'));
insert into MESSAGES (MESSAGE_ID, SUBJECT, BODY, SENDER_ID, RECEIVER_ID, DATE_SENT) values (11, 'Morbi a ipsum.', 'Sed sagittis.', 9, 75, TO_TIMESTAMP('2015-09-25 18:56:05', 'YYYY-MM-DD HH24:MI:SS'));
insert into MESSAGES (MESSAGE_ID, SUBJECT, BODY, SENDER_ID, RECEIVER_ID, DATE_SENT) values (12, 'Vestibulum ante ipsum primis in faucibus orci luctus et ultrices posuere cubilia Curae; Donec pharetra, magna vestibulum aliquet ultrices, erat tortor sollicitudin mi, sit amet lobortis sapien sapien non mi.', 'Morbi porttitor lorem id ligula.', 68, 75, TO_TIMESTAMP('2015-05-09 14:56:52', 'YYYY-MM-DD HH24:MI:SS'));
insert into MESSAGES (MESSAGE_ID, SUBJECT, BODY, SENDER_ID, RECEIVER_ID, DATE_SENT) values (13, 'Donec dapibus.', 'Morbi vel lectus in quam fringilla rhoncus.', 53, 77, TO_TIMESTAMP('2016-02-18 16:03:56', 'YYYY-MM-DD HH24:MI:SS'));
insert into MESSAGES (MESSAGE_ID, SUBJECT, BODY, SENDER_ID, RECEIVER_ID, DATE_SENT) values (14, 'Proin interdum mauris non ligula pellentesque ultrices.', 'Aenean lectus.', 178, 70, TO_TIMESTAMP('2015-05-31 00:54:11', 'YYYY-MM-DD HH24:MI:SS'));
insert into MESSAGES (MESSAGE_ID, SUBJECT, BODY, SENDER_ID, RECEIVER_ID, DATE_SENT) values (15, 'Nulla tellus.', 'Cras non velit nec nisi vulputate nonummy. Maecenas tincidunt lacus at velit.', 84, 103, TO_TIMESTAMP('2015-10-18 23:19:09', 'YYYY-MM-DD HH24:MI:SS'));
insert into MESSAGES (MESSAGE_ID, SUBJECT, BODY, SENDER_ID, RECEIVER_ID, DATE_SENT) values (16, 'Maecenas rhoncus aliquam lacus.', 'Donec ut dolor. Morbi vel lectus in quam fringilla rhoncus.', 116, 108, TO_TIMESTAMP('2015-04-28 00:52:20', 'YYYY-MM-DD HH24:MI:SS'));
insert into MESSAGES (MESSAGE_ID, SUBJECT, BODY, SENDER_ID, RECEIVER_ID, DATE_SENT) values (17, 'Nulla facilisi.', 'Vivamus in felis eu sapien cursus vestibulum. Proin eu mi.', 146, 138, TO_TIMESTAMP('2015-07-15 02:38:27', 'YYYY-MM-DD HH24:MI:SS'));
insert into MESSAGES (MESSAGE_ID, SUBJECT, BODY, SENDER_ID, RECEIVER_ID, DATE_SENT) values (18, 'Aenean sit amet justo.', 'Pellentesque viverra pede ac diam. Cras pellentesque volutpat dui.', 177, 145, TO_TIMESTAMP('2016-01-08 13:58:27', 'YYYY-MM-DD HH24:MI:SS'));
insert into MESSAGES (MESSAGE_ID, SUBJECT, BODY, SENDER_ID, RECEIVER_ID, DATE_SENT) values (19, 'Donec ut dolor.', 'Nulla neque libero, convallis eget, eleifend luctus, ultricies eu, nibh.', 74, 12, TO_TIMESTAMP('2016-01-30 16:56:07', 'YYYY-MM-DD HH24:MI:SS'));
insert into MESSAGES (MESSAGE_ID, SUBJECT, BODY, SENDER_ID, RECEIVER_ID, DATE_SENT) values (20, 'Phasellus in felis.', 'Proin risus. Praesent lectus.', 20, 29, TO_TIMESTAMP('2015-10-16 07:37:34', 'YYYY-MM-DD HH24:MI:SS'));
insert into MESSAGES (MESSAGE_ID, SUBJECT, BODY, SENDER_ID, RECEIVER_ID, DATE_SENT) values (21, 'Cras non velit nec nisi vulputate nonummy.', 'Quisque id justo sit amet sapien dignissim vestibulum.', 17, 193, TO_TIMESTAMP('2015-04-12 02:19:34', 'YYYY-MM-DD HH24:MI:SS'));
insert into MESSAGES (MESSAGE_ID, SUBJECT, BODY, SENDER_ID, RECEIVER_ID, DATE_SENT) values (22, 'Fusce posuere felis sed lacus.', 'Nullam porttitor lacus at turpis.', 75, 146, TO_TIMESTAMP('2015-09-06 19:26:19', 'YYYY-MM-DD HH24:MI:SS'));
insert into MESSAGES (MESSAGE_ID, SUBJECT, BODY, SENDER_ID, RECEIVER_ID, DATE_SENT) values (23, 'Nulla nisl.', 'Aenean lectus.', 29, 148, TO_TIMESTAMP('2015-04-09 18:41:54', 'YYYY-MM-DD HH24:MI:SS'));
insert into MESSAGES (MESSAGE_ID, SUBJECT, BODY, SENDER_ID, RECEIVER_ID, DATE_SENT) values (24, 'Vestibulum sed magna at nunc commodo placerat.', 'Cras non velit nec nisi vulputate nonummy. Maecenas tincidunt lacus at velit.', 80, 28, TO_TIMESTAMP('2016-02-22 23:04:44', 'YYYY-MM-DD HH24:MI:SS'));
insert into MESSAGES (MESSAGE_ID, SUBJECT, BODY, SENDER_ID, RECEIVER_ID, DATE_SENT) values (25, 'Nulla nisl.', 'Pellentesque viverra pede ac diam. Cras pellentesque volutpat dui.', 171, 197, TO_TIMESTAMP('2015-05-10 00:44:31', 'YYYY-MM-DD HH24:MI:SS'));
insert into MESSAGES (MESSAGE_ID, SUBJECT, BODY, SENDER_ID, RECEIVER_ID, DATE_SENT) values (26, 'Sed vel enim sit amet nunc viverra dapibus.', 'Maecenas rhoncus aliquam lacus. Morbi quis tortor id nulla ultrices aliquet.', 66, 152, TO_TIMESTAMP('2015-06-20 20:20:38', 'YYYY-MM-DD HH24:MI:SS'));
insert into MESSAGES (MESSAGE_ID, SUBJECT, BODY, SENDER_ID, RECEIVER_ID, DATE_SENT) values (27, 'Etiam vel augue.', 'Vivamus metus arcu, adipiscing molestie, hendrerit at, vulputate vitae, nisl. Aenean lectus.', 125, 8, TO_TIMESTAMP('2016-01-28 21:18:19', 'YYYY-MM-DD HH24:MI:SS'));
insert into MESSAGES (MESSAGE_ID, SUBJECT, BODY, SENDER_ID, RECEIVER_ID, DATE_SENT) values (28, 'Morbi vel lectus in quam fringilla rhoncus.', 'Nunc rhoncus dui vel sem. Sed sagittis.', 193, 113, TO_TIMESTAMP('2015-04-11 06:30:27', 'YYYY-MM-DD HH24:MI:SS'));
insert into MESSAGES (MESSAGE_ID, SUBJECT, BODY, SENDER_ID, RECEIVER_ID, DATE_SENT) values (29, 'Maecenas rhoncus aliquam lacus.', 'Aliquam erat volutpat. In congue.', 190, 17, TO_TIMESTAMP('2016-02-12 00:37:01', 'YYYY-MM-DD HH24:MI:SS'));
insert into MESSAGES (MESSAGE_ID, SUBJECT, BODY, SENDER_ID, RECEIVER_ID, DATE_SENT) values (30, 'Donec semper sapien a libero.', 'Nulla facilisi.', 191, 187, TO_TIMESTAMP('2016-02-21 00:31:52', 'YYYY-MM-DD HH24:MI:SS'));
insert into MESSAGES (MESSAGE_ID, SUBJECT, BODY, SENDER_ID, RECEIVER_ID, DATE_SENT) values (31, 'Nulla suscipit ligula in lacus.', 'Vivamus in felis eu sapien cursus vestibulum.', 192, 141, TO_TIMESTAMP('2015-05-17 14:21:31', 'YYYY-MM-DD HH24:MI:SS'));
insert into MESSAGES (MESSAGE_ID, SUBJECT, BODY, SENDER_ID, RECEIVER_ID, DATE_SENT) values (32, 'Donec ut mauris eget massa tempor convallis.', 'Proin risus.', 160, 89, TO_TIMESTAMP('2015-08-24 07:12:09', 'YYYY-MM-DD HH24:MI:SS'));
insert into MESSAGES (MESSAGE_ID, SUBJECT, BODY, SENDER_ID, RECEIVER_ID, DATE_SENT) values (33, 'Morbi porttitor lorem id ligula.', 'Vestibulum ac est lacinia nisi venenatis tristique. Fusce congue, diam id ornare imperdiet, sapien urna pretium nisl, ut volutpat sapien arcu sed augue.', 44, 63, TO_TIMESTAMP('2015-11-13 13:02:37', 'YYYY-MM-DD HH24:MI:SS'));
insert into MESSAGES (MESSAGE_ID, SUBJECT, BODY, SENDER_ID, RECEIVER_ID, DATE_SENT) values (34, 'Aliquam quis turpis eget elit sodales scelerisque.', 'Donec semper sapien a libero.', 188, 76, TO_TIMESTAMP('2015-10-10 08:13:07', 'YYYY-MM-DD HH24:MI:SS'));
insert into MESSAGES (MESSAGE_ID, SUBJECT, BODY, SENDER_ID, RECEIVER_ID, DATE_SENT) values (35, 'Suspendisse ornare consequat lectus.', 'Etiam pretium iaculis justo. In hac habitasse platea dictumst.', 33, 179, TO_TIMESTAMP('2015-09-06 03:51:45', 'YYYY-MM-DD HH24:MI:SS'));
insert into MESSAGES (MESSAGE_ID, SUBJECT, BODY, SENDER_ID, RECEIVER_ID, DATE_SENT) values (36, 'Proin eu mi.', 'Ut at dolor quis odio consequat varius. Integer ac leo.', 88, 110, TO_TIMESTAMP('2015-06-04 04:41:38', 'YYYY-MM-DD HH24:MI:SS'));
insert into MESSAGES (MESSAGE_ID, SUBJECT, BODY, SENDER_ID, RECEIVER_ID, DATE_SENT) values (37, 'Aliquam erat volutpat.', 'Fusce consequat. Nulla nisl.', 105, 79, TO_TIMESTAMP('2016-02-27 02:01:32', 'YYYY-MM-DD HH24:MI:SS'));
insert into MESSAGES (MESSAGE_ID, SUBJECT, BODY, SENDER_ID, RECEIVER_ID, DATE_SENT) values (38, 'Morbi vestibulum, velit id pretium iaculis, diam erat fermentum justo, nec condimentum neque sapien placerat ante.', 'Lorem ipsum dolor sit amet, consectetuer adipiscing elit. Proin risus.', 176, 78, TO_TIMESTAMP('2015-12-30 12:00:50', 'YYYY-MM-DD HH24:MI:SS'));
insert into MESSAGES (MESSAGE_ID, SUBJECT, BODY, SENDER_ID, RECEIVER_ID, DATE_SENT) values (39, 'Morbi quis tortor id nulla ultrices aliquet.', 'Fusce consequat.', 2, 38, TO_TIMESTAMP('2015-10-21 01:07:43', 'YYYY-MM-DD HH24:MI:SS'));
insert into MESSAGES (MESSAGE_ID, SUBJECT, BODY, SENDER_ID, RECEIVER_ID, DATE_SENT) values (40, 'Praesent lectus.', 'Morbi quis tortor id nulla ultrices aliquet. Maecenas leo odio, condimentum id, luctus nec, molestie sed, justo.', 109, 200, TO_TIMESTAMP('2015-07-16 01:50:22', 'YYYY-MM-DD HH24:MI:SS'));
insert into MESSAGES (MESSAGE_ID, SUBJECT, BODY, SENDER_ID, RECEIVER_ID, DATE_SENT) values (41, 'Nam nulla.', 'Proin eu mi.', 60, 118, TO_TIMESTAMP('2015-04-22 12:17:28', 'YYYY-MM-DD HH24:MI:SS'));
insert into MESSAGES (MESSAGE_ID, SUBJECT, BODY, SENDER_ID, RECEIVER_ID, DATE_SENT) values (42, 'Donec ut mauris eget massa tempor convallis.', 'Vivamus metus arcu, adipiscing molestie, hendrerit at, vulputate vitae, nisl.', 51, 113, TO_TIMESTAMP('2015-11-22 13:49:48', 'YYYY-MM-DD HH24:MI:SS'));
insert into MESSAGES (MESSAGE_ID, SUBJECT, BODY, SENDER_ID, RECEIVER_ID, DATE_SENT) values (43, 'Integer ac neque.', 'Suspendisse potenti.', 56, 85, TO_TIMESTAMP('2016-03-16 20:39:59', 'YYYY-MM-DD HH24:MI:SS'));
insert into MESSAGES (MESSAGE_ID, SUBJECT, BODY, SENDER_ID, RECEIVER_ID, DATE_SENT) values (44, 'Maecenas pulvinar lobortis est.', 'In hac habitasse platea dictumst. Etiam faucibus cursus urna.', 55, 142, TO_TIMESTAMP('2015-09-17 19:36:46', 'YYYY-MM-DD HH24:MI:SS'));
insert into MESSAGES (MESSAGE_ID, SUBJECT, BODY, SENDER_ID, RECEIVER_ID, DATE_SENT) values (45, 'Nullam orci pede, venenatis non, sodales sed, tincidunt eu, felis.', 'Nulla tempus.', 179, 140, TO_TIMESTAMP('2015-04-30 20:32:52', 'YYYY-MM-DD HH24:MI:SS'));
insert into MESSAGES (MESSAGE_ID, SUBJECT, BODY, SENDER_ID, RECEIVER_ID, DATE_SENT) values (46, 'Nullam varius.', 'Cras pellentesque volutpat dui.', 94, 13, TO_TIMESTAMP('2015-08-25 02:04:58', 'YYYY-MM-DD HH24:MI:SS'));
insert into MESSAGES (MESSAGE_ID, SUBJECT, BODY, SENDER_ID, RECEIVER_ID, DATE_SENT) values (47, 'Vestibulum quam sapien, varius ut, blandit non, interdum in, ante.', 'Integer ac leo. Pellentesque ultrices mattis odio.', 57, 71, TO_TIMESTAMP('2016-01-25 04:16:21', 'YYYY-MM-DD HH24:MI:SS'));
insert into MESSAGES (MESSAGE_ID, SUBJECT, BODY, SENDER_ID, RECEIVER_ID, DATE_SENT) values (48, 'Vestibulum ante ipsum primis in faucibus orci luctus et ultrices posuere cubilia Curae; Donec pharetra, magna vestibulum aliquet ultrices, erat tortor sollicitudin mi, sit amet lobortis sapien sapien non mi.', 'Phasellus id sapien in sapien iaculis congue. Vivamus metus arcu, adipiscing molestie, hendrerit at, vulputate vitae, nisl.', 27, 171, TO_TIMESTAMP('2015-08-22 17:00:45', 'YYYY-MM-DD HH24:MI:SS'));
insert into MESSAGES (MESSAGE_ID, SUBJECT, BODY, SENDER_ID, RECEIVER_ID, DATE_SENT) values (49, 'In hac habitasse platea dictumst.', 'Cras pellentesque volutpat dui. Maecenas tristique, est et tempus semper, est quam pharetra magna, ac consequat metus sapien ut nunc.', 179, 125, TO_TIMESTAMP('2016-02-07 14:04:08', 'YYYY-MM-DD HH24:MI:SS'));
insert into MESSAGES (MESSAGE_ID, SUBJECT, BODY, SENDER_ID, RECEIVER_ID, DATE_SENT) values (50, 'Curabitur at ipsum ac tellus semper interdum.', 'Nam ultrices, libero non mattis pulvinar, nulla pede ullamcorper augue, a suscipit nulla elit ac nulla.', 193, 161, TO_TIMESTAMP('2016-02-26 17:04:30', 'YYYY-MM-DD HH24:MI:SS'));
insert into MESSAGES (MESSAGE_ID, SUBJECT, BODY, SENDER_ID, RECEIVER_ID, DATE_SENT) values (51, 'Donec semper sapien a libero.', 'Vestibulum ante ipsum primis in faucibus orci luctus et ultrices posuere cubilia Curae; Donec pharetra, magna vestibulum aliquet ultrices, erat tortor sollicitudin mi, sit amet lobortis sapien sapien non mi. Integer ac neque.', 159, 101, TO_TIMESTAMP('2015-07-04 16:46:23', 'YYYY-MM-DD HH24:MI:SS'));
insert into MESSAGES (MESSAGE_ID, SUBJECT, BODY, SENDER_ID, RECEIVER_ID, DATE_SENT) values (52, 'In congue.', 'Nulla ac enim. In tempor, turpis nec euismod scelerisque, quam turpis adipiscing lorem, vitae mattis nibh ligula nec sem.', 160, 172, TO_TIMESTAMP('2015-05-26 12:44:05', 'YYYY-MM-DD HH24:MI:SS'));
insert into MESSAGES (MESSAGE_ID, SUBJECT, BODY, SENDER_ID, RECEIVER_ID, DATE_SENT) values (53, 'Cum sociis natoque penatibus et magnis dis parturient montes, nascetur ridiculus mus.', 'Duis at velit eu est congue elementum. In hac habitasse platea dictumst.', 91, 195, TO_TIMESTAMP('2015-07-03 14:49:20', 'YYYY-MM-DD HH24:MI:SS'));
insert into MESSAGES (MESSAGE_ID, SUBJECT, BODY, SENDER_ID, RECEIVER_ID, DATE_SENT) values (54, 'Fusce lacus purus, aliquet at, feugiat non, pretium quis, lectus.', 'Suspendisse potenti.', 45, 179, TO_TIMESTAMP('2016-02-07 19:43:49', 'YYYY-MM-DD HH24:MI:SS'));
insert into MESSAGES (MESSAGE_ID, SUBJECT, BODY, SENDER_ID, RECEIVER_ID, DATE_SENT) values (55, 'Etiam faucibus cursus urna.', 'Suspendisse potenti.', 15, 99, TO_TIMESTAMP('2015-10-27 00:10:02', 'YYYY-MM-DD HH24:MI:SS'));
insert into MESSAGES (MESSAGE_ID, SUBJECT, BODY, SENDER_ID, RECEIVER_ID, DATE_SENT) values (56, 'In quis justo.', 'Fusce posuere felis sed lacus. Morbi sem mauris, laoreet ut, rhoncus aliquet, pulvinar sed, nisl.', 116, 70, TO_TIMESTAMP('2016-03-10 04:44:01', 'YYYY-MM-DD HH24:MI:SS'));
insert into MESSAGES (MESSAGE_ID, SUBJECT, BODY, SENDER_ID, RECEIVER_ID, DATE_SENT) values (57, 'Duis at velit eu est congue elementum.', 'Quisque erat eros, viverra eget, congue eget, semper rutrum, nulla.', 11, 167, TO_TIMESTAMP('2015-07-06 05:15:38', 'YYYY-MM-DD HH24:MI:SS'));
insert into MESSAGES (MESSAGE_ID, SUBJECT, BODY, SENDER_ID, RECEIVER_ID, DATE_SENT) values (58, 'Integer non velit.', 'Donec posuere metus vitae ipsum. Aliquam non mauris.', 179, 80, TO_TIMESTAMP('2015-12-21 00:39:43', 'YYYY-MM-DD HH24:MI:SS'));
insert into MESSAGES (MESSAGE_ID, SUBJECT, BODY, SENDER_ID, RECEIVER_ID, DATE_SENT) values (59, 'Aenean sit amet justo.', 'Suspendisse ornare consequat lectus.', 157, 33, TO_TIMESTAMP('2015-06-08 01:28:33', 'YYYY-MM-DD HH24:MI:SS'));
insert into MESSAGES (MESSAGE_ID, SUBJECT, BODY, SENDER_ID, RECEIVER_ID, DATE_SENT) values (60, 'Phasellus id sapien in sapien iaculis congue.', 'Nunc nisl. Duis bibendum, felis sed interdum venenatis, turpis enim blandit mi, in porttitor pede justo eu massa.', 61, 151, TO_TIMESTAMP('2015-12-03 17:03:49', 'YYYY-MM-DD HH24:MI:SS'));
insert into MESSAGES (MESSAGE_ID, SUBJECT, BODY, SENDER_ID, RECEIVER_ID, DATE_SENT) values (61, 'Suspendisse potenti.', 'Donec diam neque, vestibulum eget, vulputate ut, ultrices vel, augue. Vestibulum ante ipsum primis in faucibus orci luctus et ultrices posuere cubilia Curae; Donec pharetra, magna vestibulum aliquet ultrices, erat tortor sollicitudin mi, sit amet lobortis sapien sapien non mi.', 172, 73, TO_TIMESTAMP('2015-08-23 00:32:40', 'YYYY-MM-DD HH24:MI:SS'));
insert into MESSAGES (MESSAGE_ID, SUBJECT, BODY, SENDER_ID, RECEIVER_ID, DATE_SENT) values (62, 'Praesent blandit.', 'Sed vel enim sit amet nunc viverra dapibus.', 136, 138, TO_TIMESTAMP('2015-09-14 18:18:17', 'YYYY-MM-DD HH24:MI:SS'));
insert into MESSAGES (MESSAGE_ID, SUBJECT, BODY, SENDER_ID, RECEIVER_ID, DATE_SENT) values (63, 'Nulla ut erat id mauris vulputate elementum.', 'Etiam faucibus cursus urna.', 116, 189, TO_TIMESTAMP('2015-12-18 09:50:26', 'YYYY-MM-DD HH24:MI:SS'));
insert into MESSAGES (MESSAGE_ID, SUBJECT, BODY, SENDER_ID, RECEIVER_ID, DATE_SENT) values (64, 'In hac habitasse platea dictumst.', 'Phasellus sit amet erat.', 198, 52, TO_TIMESTAMP('2015-10-21 00:16:09', 'YYYY-MM-DD HH24:MI:SS'));
insert into MESSAGES (MESSAGE_ID, SUBJECT, BODY, SENDER_ID, RECEIVER_ID, DATE_SENT) values (65, 'Integer ac leo.', 'Sed sagittis.', 11, 102, TO_TIMESTAMP('2015-10-26 20:55:43', 'YYYY-MM-DD HH24:MI:SS'));
insert into MESSAGES (MESSAGE_ID, SUBJECT, BODY, SENDER_ID, RECEIVER_ID, DATE_SENT) values (66, 'Nulla ac enim.', 'Pellentesque viverra pede ac diam.', 140, 69, TO_TIMESTAMP('2015-09-24 13:29:16', 'YYYY-MM-DD HH24:MI:SS'));
insert into MESSAGES (MESSAGE_ID, SUBJECT, BODY, SENDER_ID, RECEIVER_ID, DATE_SENT) values (67, 'Lorem ipsum dolor sit amet, consectetuer adipiscing elit.', 'Nunc nisl.', 96, 123, TO_TIMESTAMP('2015-07-11 21:26:26', 'YYYY-MM-DD HH24:MI:SS'));
insert into MESSAGES (MESSAGE_ID, SUBJECT, BODY, SENDER_ID, RECEIVER_ID, DATE_SENT) values (68, 'Nulla neque libero, convallis eget, eleifend luctus, ultricies eu, nibh.', 'Integer a nibh.', 85, 83, TO_TIMESTAMP('2016-01-11 17:32:29', 'YYYY-MM-DD HH24:MI:SS'));
insert into MESSAGES (MESSAGE_ID, SUBJECT, BODY, SENDER_ID, RECEIVER_ID, DATE_SENT) values (69, 'Maecenas leo odio, condimentum id, luctus nec, molestie sed, justo.', 'Nulla ut erat id mauris vulputate elementum. Nullam varius.', 112, 102, TO_TIMESTAMP('2015-09-14 02:47:36', 'YYYY-MM-DD HH24:MI:SS'));
insert into MESSAGES (MESSAGE_ID, SUBJECT, BODY, SENDER_ID, RECEIVER_ID, DATE_SENT) values (70, 'Curabitur gravida nisi at nibh.', 'Lorem ipsum dolor sit amet, consectetuer adipiscing elit.', 60, 156, TO_TIMESTAMP('2015-04-23 05:10:41', 'YYYY-MM-DD HH24:MI:SS'));
insert into MESSAGES (MESSAGE_ID, SUBJECT, BODY, SENDER_ID, RECEIVER_ID, DATE_SENT) values (71, 'Morbi a ipsum.', 'Donec ut mauris eget massa tempor convallis. Nulla neque libero, convallis eget, eleifend luctus, ultricies eu, nibh.', 41, 118, TO_TIMESTAMP('2016-03-13 03:41:05', 'YYYY-MM-DD HH24:MI:SS'));
insert into MESSAGES (MESSAGE_ID, SUBJECT, BODY, SENDER_ID, RECEIVER_ID, DATE_SENT) values (72, 'Donec diam neque, vestibulum eget, vulputate ut, ultrices vel, augue.', 'In blandit ultrices enim.', 186, 79, TO_TIMESTAMP('2015-05-29 19:29:19', 'YYYY-MM-DD HH24:MI:SS'));
insert into MESSAGES (MESSAGE_ID, SUBJECT, BODY, SENDER_ID, RECEIVER_ID, DATE_SENT) values (73, 'Aenean sit amet justo.', 'Pellentesque viverra pede ac diam.', 99, 17, TO_TIMESTAMP('2016-01-14 05:08:08', 'YYYY-MM-DD HH24:MI:SS'));
insert into MESSAGES (MESSAGE_ID, SUBJECT, BODY, SENDER_ID, RECEIVER_ID, DATE_SENT) values (74, 'Vivamus tortor.', 'Morbi a ipsum.', 133, 174, TO_TIMESTAMP('2015-10-11 07:13:52', 'YYYY-MM-DD HH24:MI:SS'));
insert into MESSAGES (MESSAGE_ID, SUBJECT, BODY, SENDER_ID, RECEIVER_ID, DATE_SENT) values (75, 'Nulla facilisi.', 'Maecenas pulvinar lobortis est.', 108, 184, TO_TIMESTAMP('2015-08-20 08:42:17', 'YYYY-MM-DD HH24:MI:SS'));
insert into MESSAGES (MESSAGE_ID, SUBJECT, BODY, SENDER_ID, RECEIVER_ID, DATE_SENT) values (76, 'Donec quis orci eget orci vehicula condimentum.', 'Donec posuere metus vitae ipsum. Aliquam non mauris.', 69, 12, TO_TIMESTAMP('2015-12-21 08:31:41', 'YYYY-MM-DD HH24:MI:SS'));
insert into MESSAGES (MESSAGE_ID, SUBJECT, BODY, SENDER_ID, RECEIVER_ID, DATE_SENT) values (77, 'Nulla nisl.', 'Nunc rhoncus dui vel sem.', 14, 117, TO_TIMESTAMP('2015-08-17 05:39:50', 'YYYY-MM-DD HH24:MI:SS'));
insert into MESSAGES (MESSAGE_ID, SUBJECT, BODY, SENDER_ID, RECEIVER_ID, DATE_SENT) values (78, 'Morbi a ipsum.', 'Duis aliquam convallis nunc.', 89, 92, TO_TIMESTAMP('2015-12-10 09:22:58', 'YYYY-MM-DD HH24:MI:SS'));
insert into MESSAGES (MESSAGE_ID, SUBJECT, BODY, SENDER_ID, RECEIVER_ID, DATE_SENT) values (79, 'Proin at turpis a pede posuere nonummy.', 'In hac habitasse platea dictumst. Aliquam augue quam, sollicitudin vitae, consectetuer eget, rutrum at, lorem.', 36, 154, TO_TIMESTAMP('2016-02-26 22:34:08', 'YYYY-MM-DD HH24:MI:SS'));
insert into MESSAGES (MESSAGE_ID, SUBJECT, BODY, SENDER_ID, RECEIVER_ID, DATE_SENT) values (80, 'Integer aliquet, massa id lobortis convallis, tortor risus dapibus augue, vel accumsan tellus nisi eu orci.', 'Donec quis orci eget orci vehicula condimentum.', 175, 163, TO_TIMESTAMP('2016-03-10 10:36:56', 'YYYY-MM-DD HH24:MI:SS'));
insert into MESSAGES (MESSAGE_ID, SUBJECT, BODY, SENDER_ID, RECEIVER_ID, DATE_SENT) values (81, 'Pellentesque eget nunc.', 'Etiam faucibus cursus urna.', 99, 138, TO_TIMESTAMP('2016-03-01 20:05:11', 'YYYY-MM-DD HH24:MI:SS'));
insert into MESSAGES (MESSAGE_ID, SUBJECT, BODY, SENDER_ID, RECEIVER_ID, DATE_SENT) values (82, 'Proin leo odio, porttitor id, consequat in, consequat ut, nulla.', 'Donec vitae nisi.', 101, 196, TO_TIMESTAMP('2015-11-07 11:29:02', 'YYYY-MM-DD HH24:MI:SS'));
insert into MESSAGES (MESSAGE_ID, SUBJECT, BODY, SENDER_ID, RECEIVER_ID, DATE_SENT) values (83, 'Donec posuere metus vitae ipsum.', 'Aenean fermentum.', 22, 80, TO_TIMESTAMP('2015-12-08 20:03:24', 'YYYY-MM-DD HH24:MI:SS'));
insert into MESSAGES (MESSAGE_ID, SUBJECT, BODY, SENDER_ID, RECEIVER_ID, DATE_SENT) values (84, 'Duis bibendum, felis sed interdum venenatis, turpis enim blandit mi, in porttitor pede justo eu massa.', 'Etiam justo. Etiam pretium iaculis justo.', 128, 71, TO_TIMESTAMP('2015-10-03 03:56:02', 'YYYY-MM-DD HH24:MI:SS'));
insert into MESSAGES (MESSAGE_ID, SUBJECT, BODY, SENDER_ID, RECEIVER_ID, DATE_SENT) values (85, 'Ut at dolor quis odio consequat varius.', 'Integer ac neque.', 24, 116, TO_TIMESTAMP('2015-05-20 21:28:33', 'YYYY-MM-DD HH24:MI:SS'));
insert into MESSAGES (MESSAGE_ID, SUBJECT, BODY, SENDER_ID, RECEIVER_ID, DATE_SENT) values (86, 'Nulla neque libero, convallis eget, eleifend luctus, ultricies eu, nibh.', 'Mauris lacinia sapien quis libero.', 41, 101, TO_TIMESTAMP('2015-08-18 08:23:14', 'YYYY-MM-DD HH24:MI:SS'));
insert into MESSAGES (MESSAGE_ID, SUBJECT, BODY, SENDER_ID, RECEIVER_ID, DATE_SENT) values (87, 'In hac habitasse platea dictumst.', 'Aliquam sit amet diam in magna bibendum imperdiet.', 79, 22, TO_TIMESTAMP('2016-02-22 08:49:43', 'YYYY-MM-DD HH24:MI:SS'));
insert into MESSAGES (MESSAGE_ID, SUBJECT, BODY, SENDER_ID, RECEIVER_ID, DATE_SENT) values (88, 'Nam dui.', 'Vestibulum ante ipsum primis in faucibus orci luctus et ultrices posuere cubilia Curae; Mauris viverra diam vitae quam. Suspendisse potenti.', 192, 89, TO_TIMESTAMP('2015-08-12 11:50:44', 'YYYY-MM-DD HH24:MI:SS'));
insert into MESSAGES (MESSAGE_ID, SUBJECT, BODY, SENDER_ID, RECEIVER_ID, DATE_SENT) values (89, 'Phasellus id sapien in sapien iaculis congue.', 'Integer ac neque. Duis bibendum.', 36, 42, TO_TIMESTAMP('2016-04-03 20:54:20', 'YYYY-MM-DD HH24:MI:SS'));
insert into MESSAGES (MESSAGE_ID, SUBJECT, BODY, SENDER_ID, RECEIVER_ID, DATE_SENT) values (90, 'Phasellus in felis.', 'Quisque porta volutpat erat. Quisque erat eros, viverra eget, congue eget, semper rutrum, nulla.', 43, 190, TO_TIMESTAMP('2015-06-22 05:58:10', 'YYYY-MM-DD HH24:MI:SS'));
insert into MESSAGES (MESSAGE_ID, SUBJECT, BODY, SENDER_ID, RECEIVER_ID, DATE_SENT) values (91, 'Quisque id justo sit amet sapien dignissim vestibulum.', 'Nulla tellus.', 69, 48, TO_TIMESTAMP('2015-05-27 00:11:09', 'YYYY-MM-DD HH24:MI:SS'));
insert into MESSAGES (MESSAGE_ID, SUBJECT, BODY, SENDER_ID, RECEIVER_ID, DATE_SENT) values (92, 'Phasellus in felis.', 'Proin interdum mauris non ligula pellentesque ultrices.', 109, 160, TO_TIMESTAMP('2015-10-19 04:42:21', 'YYYY-MM-DD HH24:MI:SS'));
insert into MESSAGES (MESSAGE_ID, SUBJECT, BODY, SENDER_ID, RECEIVER_ID, DATE_SENT) values (93, 'Maecenas ut massa quis augue luctus tincidunt.', 'Fusce consequat. Nulla nisl.', 24, 62, TO_TIMESTAMP('2015-04-11 17:27:43', 'YYYY-MM-DD HH24:MI:SS'));
insert into MESSAGES (MESSAGE_ID, SUBJECT, BODY, SENDER_ID, RECEIVER_ID, DATE_SENT) values (94, 'Nunc nisl.', 'Curabitur in libero ut massa volutpat convallis. Morbi odio odio, elementum eu, interdum eu, tincidunt in, leo.', 73, 129, TO_TIMESTAMP('2016-02-03 17:03:41', 'YYYY-MM-DD HH24:MI:SS'));
insert into MESSAGES (MESSAGE_ID, SUBJECT, BODY, SENDER_ID, RECEIVER_ID, DATE_SENT) values (95, 'Mauris ullamcorper purus sit amet nulla.', 'Morbi quis tortor id nulla ultrices aliquet.', 82, 195, TO_TIMESTAMP('2015-04-09 06:18:40', 'YYYY-MM-DD HH24:MI:SS'));
insert into MESSAGES (MESSAGE_ID, SUBJECT, BODY, SENDER_ID, RECEIVER_ID, DATE_SENT) values (96, 'Nunc purus.', 'Sed ante.', 157, 126, TO_TIMESTAMP('2015-04-26 23:42:23', 'YYYY-MM-DD HH24:MI:SS'));
insert into MESSAGES (MESSAGE_ID, SUBJECT, BODY, SENDER_ID, RECEIVER_ID, DATE_SENT) values (97, 'Vivamus vel nulla eget eros elementum pellentesque.', 'Donec odio justo, sollicitudin ut, suscipit a, feugiat et, eros. Vestibulum ac est lacinia nisi venenatis tristique.', 74, 162, TO_TIMESTAMP('2015-05-14 05:34:50', 'YYYY-MM-DD HH24:MI:SS'));
insert into MESSAGES (MESSAGE_ID, SUBJECT, BODY, SENDER_ID, RECEIVER_ID, DATE_SENT) values (98, 'Cum sociis natoque penatibus et magnis dis parturient montes, nascetur ridiculus mus.', 'Integer ac neque.', 189, 199, TO_TIMESTAMP('2015-05-13 01:17:45', 'YYYY-MM-DD HH24:MI:SS'));
insert into MESSAGES (MESSAGE_ID, SUBJECT, BODY, SENDER_ID, RECEIVER_ID, DATE_SENT) values (99, 'Lorem ipsum dolor sit amet, consectetuer adipiscing elit.', 'Mauris lacinia sapien quis libero.', 155, 85, TO_TIMESTAMP('2015-11-06 08:32:38', 'YYYY-MM-DD HH24:MI:SS'));
insert into MESSAGES (MESSAGE_ID, SUBJECT, BODY, SENDER_ID, RECEIVER_ID, DATE_SENT) values (100, 'Vivamus vestibulum sagittis sapien.', 'Vestibulum ante ipsum primis in faucibus orci luctus et ultrices posuere cubilia Curae; Nulla dapibus dolor vel est.', 183, 129, TO_TIMESTAMP('2015-05-31 21:53:47', 'YYYY-MM-DD HH24:MI:SS'));
insert into MESSAGES (MESSAGE_ID, SUBJECT, BODY, SENDER_ID, RECEIVER_ID, DATE_SENT) values (101, 'Pellentesque viverra pede ac diam.', 'Morbi vel lectus in quam fringilla rhoncus.', 98, 39, TO_TIMESTAMP('2015-11-25 23:10:20', 'YYYY-MM-DD HH24:MI:SS'));
insert into MESSAGES (MESSAGE_ID, SUBJECT, BODY, SENDER_ID, RECEIVER_ID, DATE_SENT) values (102, 'Sed ante.', 'Praesent blandit. Nam nulla.', 169, 151, TO_TIMESTAMP('2016-03-23 04:19:24', 'YYYY-MM-DD HH24:MI:SS'));
insert into MESSAGES (MESSAGE_ID, SUBJECT, BODY, SENDER_ID, RECEIVER_ID, DATE_SENT) values (103, 'In blandit ultrices enim.', 'Nulla suscipit ligula in lacus.', 40, 65, TO_TIMESTAMP('2015-04-09 04:42:05', 'YYYY-MM-DD HH24:MI:SS'));
insert into MESSAGES (MESSAGE_ID, SUBJECT, BODY, SENDER_ID, RECEIVER_ID, DATE_SENT) values (104, 'Suspendisse potenti.', 'Nulla mollis molestie lorem.', 45, 159, TO_TIMESTAMP('2015-06-21 02:51:16', 'YYYY-MM-DD HH24:MI:SS'));
insert into MESSAGES (MESSAGE_ID, SUBJECT, BODY, SENDER_ID, RECEIVER_ID, DATE_SENT) values (105, 'Aliquam augue quam, sollicitudin vitae, consectetuer eget, rutrum at, lorem.', 'Cras in purus eu magna vulputate luctus.', 25, 87, TO_TIMESTAMP('2015-04-26 04:09:13', 'YYYY-MM-DD HH24:MI:SS'));
insert into MESSAGES (MESSAGE_ID, SUBJECT, BODY, SENDER_ID, RECEIVER_ID, DATE_SENT) values (106, 'Nulla facilisi.', 'Morbi vestibulum, velit id pretium iaculis, diam erat fermentum justo, nec condimentum neque sapien placerat ante.', 103, 116, TO_TIMESTAMP('2015-11-13 06:14:15', 'YYYY-MM-DD HH24:MI:SS'));
insert into MESSAGES (MESSAGE_ID, SUBJECT, BODY, SENDER_ID, RECEIVER_ID, DATE_SENT) values (107, 'In sagittis dui vel nisl.', 'Aenean lectus.', 22, 44, TO_TIMESTAMP('2015-07-29 09:34:58', 'YYYY-MM-DD HH24:MI:SS'));
insert into MESSAGES (MESSAGE_ID, SUBJECT, BODY, SENDER_ID, RECEIVER_ID, DATE_SENT) values (108, 'Phasellus sit amet erat.', 'Sed ante. Vivamus tortor.', 163, 2, TO_TIMESTAMP('2016-01-14 14:43:26', 'YYYY-MM-DD HH24:MI:SS'));
insert into MESSAGES (MESSAGE_ID, SUBJECT, BODY, SENDER_ID, RECEIVER_ID, DATE_SENT) values (109, 'Donec odio justo, sollicitudin ut, suscipit a, feugiat et, eros.', 'In hac habitasse platea dictumst. Maecenas ut massa quis augue luctus tincidunt.', 57, 85, TO_TIMESTAMP('2016-03-30 06:46:09', 'YYYY-MM-DD HH24:MI:SS'));
insert into MESSAGES (MESSAGE_ID, SUBJECT, BODY, SENDER_ID, RECEIVER_ID, DATE_SENT) values (110, 'Nulla tellus.', 'Duis ac nibh. Fusce lacus purus, aliquet at, feugiat non, pretium quis, lectus.', 100, 13, TO_TIMESTAMP('2015-05-23 01:26:15', 'YYYY-MM-DD HH24:MI:SS'));
insert into MESSAGES (MESSAGE_ID, SUBJECT, BODY, SENDER_ID, RECEIVER_ID, DATE_SENT) values (111, 'Nulla tempus.', 'Suspendisse potenti.', 103, 151, TO_TIMESTAMP('2015-11-20 16:05:09', 'YYYY-MM-DD HH24:MI:SS'));
insert into MESSAGES (MESSAGE_ID, SUBJECT, BODY, SENDER_ID, RECEIVER_ID, DATE_SENT) values (112, 'Duis at velit eu est congue elementum.', 'Morbi sem mauris, laoreet ut, rhoncus aliquet, pulvinar sed, nisl.', 61, 96, TO_TIMESTAMP('2015-08-30 17:07:45', 'YYYY-MM-DD HH24:MI:SS'));
insert into MESSAGES (MESSAGE_ID, SUBJECT, BODY, SENDER_ID, RECEIVER_ID, DATE_SENT) values (113, 'Nulla neque libero, convallis eget, eleifend luctus, ultricies eu, nibh.', 'Nulla ac enim.', 175, 129, TO_TIMESTAMP('2016-02-03 17:06:28', 'YYYY-MM-DD HH24:MI:SS'));
insert into MESSAGES (MESSAGE_ID, SUBJECT, BODY, SENDER_ID, RECEIVER_ID, DATE_SENT) values (114, 'Maecenas pulvinar lobortis est.', 'Mauris ullamcorper purus sit amet nulla.', 3, 87, TO_TIMESTAMP('2015-11-21 01:55:45', 'YYYY-MM-DD HH24:MI:SS'));
insert into MESSAGES (MESSAGE_ID, SUBJECT, BODY, SENDER_ID, RECEIVER_ID, DATE_SENT) values (115, 'Nunc rhoncus dui vel sem.', 'In hac habitasse platea dictumst.', 73, 120, TO_TIMESTAMP('2015-08-05 21:21:53', 'YYYY-MM-DD HH24:MI:SS'));
insert into MESSAGES (MESSAGE_ID, SUBJECT, BODY, SENDER_ID, RECEIVER_ID, DATE_SENT) values (116, 'Duis ac nibh.', 'Pellentesque viverra pede ac diam. Cras pellentesque volutpat dui.', 151, 136, TO_TIMESTAMP('2015-12-07 07:57:55', 'YYYY-MM-DD HH24:MI:SS'));
insert into MESSAGES (MESSAGE_ID, SUBJECT, BODY, SENDER_ID, RECEIVER_ID, DATE_SENT) values (117, 'Nulla tellus.', 'Nulla tempus.', 30, 34, TO_TIMESTAMP('2015-11-25 09:07:37', 'YYYY-MM-DD HH24:MI:SS'));
insert into MESSAGES (MESSAGE_ID, SUBJECT, BODY, SENDER_ID, RECEIVER_ID, DATE_SENT) values (118, 'In est risus, auctor sed, tristique in, tempus sit amet, sem.', 'In quis justo. Maecenas rhoncus aliquam lacus.', 135, 45, TO_TIMESTAMP('2015-06-25 09:17:03', 'YYYY-MM-DD HH24:MI:SS'));
insert into MESSAGES (MESSAGE_ID, SUBJECT, BODY, SENDER_ID, RECEIVER_ID, DATE_SENT) values (119, 'Vivamus tortor.', 'Etiam justo. Etiam pretium iaculis justo.', 110, 182, TO_TIMESTAMP('2016-02-09 00:49:40', 'YYYY-MM-DD HH24:MI:SS'));
insert into MESSAGES (MESSAGE_ID, SUBJECT, BODY, SENDER_ID, RECEIVER_ID, DATE_SENT) values (120, 'Quisque id justo sit amet sapien dignissim vestibulum.', 'Suspendisse potenti. Nullam porttitor lacus at turpis.', 120, 143, TO_TIMESTAMP('2015-11-21 08:59:29', 'YYYY-MM-DD HH24:MI:SS'));
insert into MESSAGES (MESSAGE_ID, SUBJECT, BODY, SENDER_ID, RECEIVER_ID, DATE_SENT) values (121, 'In hac habitasse platea dictumst.', 'Nunc purus. Phasellus in felis.', 29, 147, TO_TIMESTAMP('2015-05-06 20:59:41', 'YYYY-MM-DD HH24:MI:SS'));
insert into MESSAGES (MESSAGE_ID, SUBJECT, BODY, SENDER_ID, RECEIVER_ID, DATE_SENT) values (122, 'Integer ac leo.', 'Duis at velit eu est congue elementum.', 173, 119, TO_TIMESTAMP('2016-01-20 00:22:25', 'YYYY-MM-DD HH24:MI:SS'));
insert into MESSAGES (MESSAGE_ID, SUBJECT, BODY, SENDER_ID, RECEIVER_ID, DATE_SENT) values (123, 'Praesent blandit.', 'In congue. Etiam justo.', 137, 28, TO_TIMESTAMP('2015-12-03 00:17:20', 'YYYY-MM-DD HH24:MI:SS'));
insert into MESSAGES (MESSAGE_ID, SUBJECT, BODY, SENDER_ID, RECEIVER_ID, DATE_SENT) values (124, 'Etiam pretium iaculis justo.', 'Pellentesque at nulla. Suspendisse potenti.', 18, 171, TO_TIMESTAMP('2015-06-09 23:05:34', 'YYYY-MM-DD HH24:MI:SS'));
insert into MESSAGES (MESSAGE_ID, SUBJECT, BODY, SENDER_ID, RECEIVER_ID, DATE_SENT) values (125, 'Sed sagittis.', 'Duis bibendum. Morbi non quam nec dui luctus rutrum.', 2, 4, TO_TIMESTAMP('2015-09-15 08:19:04', 'YYYY-MM-DD HH24:MI:SS'));
insert into MESSAGES (MESSAGE_ID, SUBJECT, BODY, SENDER_ID, RECEIVER_ID, DATE_SENT) values (126, 'Praesent lectus.', 'Fusce congue, diam id ornare imperdiet, sapien urna pretium nisl, ut volutpat sapien arcu sed augue.', 100, 81, TO_TIMESTAMP('2016-03-09 16:40:17', 'YYYY-MM-DD HH24:MI:SS'));
insert into MESSAGES (MESSAGE_ID, SUBJECT, BODY, SENDER_ID, RECEIVER_ID, DATE_SENT) values (127, 'Aenean auctor gravida sem.', 'Pellentesque eget nunc. Donec quis orci eget orci vehicula condimentum.', 110, 72, TO_TIMESTAMP('2015-10-22 12:22:51', 'YYYY-MM-DD HH24:MI:SS'));
insert into MESSAGES (MESSAGE_ID, SUBJECT, BODY, SENDER_ID, RECEIVER_ID, DATE_SENT) values (128, 'In blandit ultrices enim.', 'Aliquam quis turpis eget elit sodales scelerisque. Mauris sit amet eros.', 27, 119, TO_TIMESTAMP('2015-11-01 01:36:17', 'YYYY-MM-DD HH24:MI:SS'));
insert into MESSAGES (MESSAGE_ID, SUBJECT, BODY, SENDER_ID, RECEIVER_ID, DATE_SENT) values (129, 'Phasellus in felis.', 'Vestibulum ante ipsum primis in faucibus orci luctus et ultrices posuere cubilia Curae; Duis faucibus accumsan odio. Curabitur convallis.', 138, 64, TO_TIMESTAMP('2015-06-15 01:41:44', 'YYYY-MM-DD HH24:MI:SS'));
insert into MESSAGES (MESSAGE_ID, SUBJECT, BODY, SENDER_ID, RECEIVER_ID, DATE_SENT) values (130, 'Morbi quis tortor id nulla ultrices aliquet.', 'Vestibulum ac est lacinia nisi venenatis tristique.', 90, 144, TO_TIMESTAMP('2015-10-17 01:24:26', 'YYYY-MM-DD HH24:MI:SS'));
insert into MESSAGES (MESSAGE_ID, SUBJECT, BODY, SENDER_ID, RECEIVER_ID, DATE_SENT) values (131, 'Morbi ut odio.', 'Maecenas leo odio, condimentum id, luctus nec, molestie sed, justo. Pellentesque viverra pede ac diam.', 61, 38, TO_TIMESTAMP('2016-01-25 12:05:35', 'YYYY-MM-DD HH24:MI:SS'));
insert into MESSAGES (MESSAGE_ID, SUBJECT, BODY, SENDER_ID, RECEIVER_ID, DATE_SENT) values (132, 'Aenean auctor gravida sem.', 'Nunc nisl. Duis bibendum, felis sed interdum venenatis, turpis enim blandit mi, in porttitor pede justo eu massa.', 77, 2, TO_TIMESTAMP('2016-02-15 01:14:11', 'YYYY-MM-DD HH24:MI:SS'));
insert into MESSAGES (MESSAGE_ID, SUBJECT, BODY, SENDER_ID, RECEIVER_ID, DATE_SENT) values (133, 'Etiam pretium iaculis justo.', 'Proin risus. Praesent lectus.', 154, 61, TO_TIMESTAMP('2015-04-25 08:12:02', 'YYYY-MM-DD HH24:MI:SS'));
insert into MESSAGES (MESSAGE_ID, SUBJECT, BODY, SENDER_ID, RECEIVER_ID, DATE_SENT) values (134, 'Donec ut mauris eget massa tempor convallis.', 'Aliquam non mauris.', 78, 142, TO_TIMESTAMP('2016-01-05 16:43:24', 'YYYY-MM-DD HH24:MI:SS'));
insert into MESSAGES (MESSAGE_ID, SUBJECT, BODY, SENDER_ID, RECEIVER_ID, DATE_SENT) values (135, 'Vivamus tortor.', 'Nulla neque libero, convallis eget, eleifend luctus, ultricies eu, nibh. Quisque id justo sit amet sapien dignissim vestibulum.', 44, 71, TO_TIMESTAMP('2015-08-29 03:29:20', 'YYYY-MM-DD HH24:MI:SS'));
insert into MESSAGES (MESSAGE_ID, SUBJECT, BODY, SENDER_ID, RECEIVER_ID, DATE_SENT) values (136, 'Sed sagittis.', 'Maecenas pulvinar lobortis est. Phasellus sit amet erat.', 67, 53, TO_TIMESTAMP('2015-12-07 16:40:41', 'YYYY-MM-DD HH24:MI:SS'));
insert into MESSAGES (MESSAGE_ID, SUBJECT, BODY, SENDER_ID, RECEIVER_ID, DATE_SENT) values (137, 'Nulla ut erat id mauris vulputate elementum.', 'Integer ac neque. Duis bibendum.', 28, 12, TO_TIMESTAMP('2015-09-02 03:05:17', 'YYYY-MM-DD HH24:MI:SS'));
insert into MESSAGES (MESSAGE_ID, SUBJECT, BODY, SENDER_ID, RECEIVER_ID, DATE_SENT) values (138, 'Vivamus in felis eu sapien cursus vestibulum.', 'Morbi non lectus. Aliquam sit amet diam in magna bibendum imperdiet.', 21, 135, TO_TIMESTAMP('2015-12-12 17:07:13', 'YYYY-MM-DD HH24:MI:SS'));
insert into MESSAGES (MESSAGE_ID, SUBJECT, BODY, SENDER_ID, RECEIVER_ID, DATE_SENT) values (139, 'Vivamus vestibulum sagittis sapien.', 'Vivamus tortor. Duis mattis egestas metus.', 35, 101, TO_TIMESTAMP('2016-03-03 19:32:55', 'YYYY-MM-DD HH24:MI:SS'));
insert into MESSAGES (MESSAGE_ID, SUBJECT, BODY, SENDER_ID, RECEIVER_ID, DATE_SENT) values (140, 'Nam tristique tortor eu pede.', 'Aenean auctor gravida sem. Praesent id massa id nisl venenatis lacinia.', 38, 25, TO_TIMESTAMP('2015-07-09 12:29:43', 'YYYY-MM-DD HH24:MI:SS'));
insert into MESSAGES (MESSAGE_ID, SUBJECT, BODY, SENDER_ID, RECEIVER_ID, DATE_SENT) values (141, 'Suspendisse potenti.', 'Aliquam quis turpis eget elit sodales scelerisque.', 2, 56, TO_TIMESTAMP('2016-03-15 04:08:05', 'YYYY-MM-DD HH24:MI:SS'));
insert into MESSAGES (MESSAGE_ID, SUBJECT, BODY, SENDER_ID, RECEIVER_ID, DATE_SENT) values (142, 'Aenean lectus.', 'Pellentesque viverra pede ac diam. Cras pellentesque volutpat dui.', 100, 117, TO_TIMESTAMP('2015-10-31 00:32:47', 'YYYY-MM-DD HH24:MI:SS'));
insert into MESSAGES (MESSAGE_ID, SUBJECT, BODY, SENDER_ID, RECEIVER_ID, DATE_SENT) values (143, 'Quisque arcu libero, rutrum ac, lobortis vel, dapibus at, diam.', 'Duis at velit eu est congue elementum. In hac habitasse platea dictumst.', 88, 57, TO_TIMESTAMP('2015-05-07 14:09:53', 'YYYY-MM-DD HH24:MI:SS'));
insert into MESSAGES (MESSAGE_ID, SUBJECT, BODY, SENDER_ID, RECEIVER_ID, DATE_SENT) values (144, 'In tempor, turpis nec euismod scelerisque, quam turpis adipiscing lorem, vitae mattis nibh ligula nec sem.', 'Nulla ac enim. In tempor, turpis nec euismod scelerisque, quam turpis adipiscing lorem, vitae mattis nibh ligula nec sem.', 144, 66, TO_TIMESTAMP('2015-11-16 10:16:55', 'YYYY-MM-DD HH24:MI:SS'));
insert into MESSAGES (MESSAGE_ID, SUBJECT, BODY, SENDER_ID, RECEIVER_ID, DATE_SENT) values (145, 'Proin risus.', 'Lorem ipsum dolor sit amet, consectetuer adipiscing elit.', 43, 136, TO_TIMESTAMP('2015-08-05 03:10:57', 'YYYY-MM-DD HH24:MI:SS'));
insert into MESSAGES (MESSAGE_ID, SUBJECT, BODY, SENDER_ID, RECEIVER_ID, DATE_SENT) values (146, 'Cras non velit nec nisi vulputate nonummy.', 'Proin at turpis a pede posuere nonummy.', 72, 52, TO_TIMESTAMP('2016-02-24 14:22:05', 'YYYY-MM-DD HH24:MI:SS'));
insert into MESSAGES (MESSAGE_ID, SUBJECT, BODY, SENDER_ID, RECEIVER_ID, DATE_SENT) values (147, 'Sed accumsan felis.', 'Curabitur gravida nisi at nibh.', 192, 137, TO_TIMESTAMP('2016-04-07 21:40:53', 'YYYY-MM-DD HH24:MI:SS'));
insert into MESSAGES (MESSAGE_ID, SUBJECT, BODY, SENDER_ID, RECEIVER_ID, DATE_SENT) values (148, 'Cum sociis natoque penatibus et magnis dis parturient montes, nascetur ridiculus mus.', 'Integer aliquet, massa id lobortis convallis, tortor risus dapibus augue, vel accumsan tellus nisi eu orci. Mauris lacinia sapien quis libero.', 189, 73, TO_TIMESTAMP('2016-03-07 14:49:20', 'YYYY-MM-DD HH24:MI:SS'));
insert into MESSAGES (MESSAGE_ID, SUBJECT, BODY, SENDER_ID, RECEIVER_ID, DATE_SENT) values (149, 'Sed sagittis.', 'Morbi a ipsum.', 124, 47, TO_TIMESTAMP('2016-01-30 01:50:49', 'YYYY-MM-DD HH24:MI:SS'));
insert into MESSAGES (MESSAGE_ID, SUBJECT, BODY, SENDER_ID, RECEIVER_ID, DATE_SENT) values (150, 'Phasellus in felis.', 'Cum sociis natoque penatibus et magnis dis parturient montes, nascetur ridiculus mus.', 89, 27, TO_TIMESTAMP('2015-09-12 12:34:35', 'YYYY-MM-DD HH24:MI:SS'));
insert into MESSAGES (MESSAGE_ID, SUBJECT, BODY, SENDER_ID, RECEIVER_ID, DATE_SENT) values (151, 'Duis at velit eu est congue elementum.', 'Donec vitae nisi. Nam ultrices, libero non mattis pulvinar, nulla pede ullamcorper augue, a suscipit nulla elit ac nulla.', 36, 125, TO_TIMESTAMP('2016-03-16 13:19:32', 'YYYY-MM-DD HH24:MI:SS'));
insert into MESSAGES (MESSAGE_ID, SUBJECT, BODY, SENDER_ID, RECEIVER_ID, DATE_SENT) values (152, 'Morbi non lectus.', 'Duis aliquam convallis nunc. Proin at turpis a pede posuere nonummy.', 118, 27, TO_TIMESTAMP('2015-11-11 21:12:05', 'YYYY-MM-DD HH24:MI:SS'));
insert into MESSAGES (MESSAGE_ID, SUBJECT, BODY, SENDER_ID, RECEIVER_ID, DATE_SENT) values (153, 'Morbi vestibulum, velit id pretium iaculis, diam erat fermentum justo, nec condimentum neque sapien placerat ante.', 'Donec quis orci eget orci vehicula condimentum. Curabitur in libero ut massa volutpat convallis.', 174, 133, TO_TIMESTAMP('2015-04-26 22:26:28', 'YYYY-MM-DD HH24:MI:SS'));
insert into MESSAGES (MESSAGE_ID, SUBJECT, BODY, SENDER_ID, RECEIVER_ID, DATE_SENT) values (154, 'In hac habitasse platea dictumst.', 'Morbi non quam nec dui luctus rutrum. Nulla tellus.', 110, 163, TO_TIMESTAMP('2015-10-29 03:55:01', 'YYYY-MM-DD HH24:MI:SS'));
insert into MESSAGES (MESSAGE_ID, SUBJECT, BODY, SENDER_ID, RECEIVER_ID, DATE_SENT) values (155, 'Aenean lectus.', 'Ut at dolor quis odio consequat varius. Integer ac leo.', 166, 71, TO_TIMESTAMP('2015-05-31 21:04:21', 'YYYY-MM-DD HH24:MI:SS'));
insert into MESSAGES (MESSAGE_ID, SUBJECT, BODY, SENDER_ID, RECEIVER_ID, DATE_SENT) values (156, 'Duis consequat dui nec nisi volutpat eleifend.', 'Quisque arcu libero, rutrum ac, lobortis vel, dapibus at, diam.', 66, 76, TO_TIMESTAMP('2016-03-13 12:56:15', 'YYYY-MM-DD HH24:MI:SS'));
insert into MESSAGES (MESSAGE_ID, SUBJECT, BODY, SENDER_ID, RECEIVER_ID, DATE_SENT) values (157, 'Cum sociis natoque penatibus et magnis dis parturient montes, nascetur ridiculus mus.', 'Nullam varius.', 167, 83, TO_TIMESTAMP('2016-03-18 04:56:28', 'YYYY-MM-DD HH24:MI:SS'));
insert into MESSAGES (MESSAGE_ID, SUBJECT, BODY, SENDER_ID, RECEIVER_ID, DATE_SENT) values (158, 'Praesent blandit lacinia erat.', 'In est risus, auctor sed, tristique in, tempus sit amet, sem.', 160, 59, TO_TIMESTAMP('2016-03-30 20:13:16', 'YYYY-MM-DD HH24:MI:SS'));
insert into MESSAGES (MESSAGE_ID, SUBJECT, BODY, SENDER_ID, RECEIVER_ID, DATE_SENT) values (159, 'Vestibulum rutrum rutrum neque.', 'Duis consequat dui nec nisi volutpat eleifend. Donec ut dolor.', 72, 134, TO_TIMESTAMP('2015-06-19 16:01:46', 'YYYY-MM-DD HH24:MI:SS'));
insert into MESSAGES (MESSAGE_ID, SUBJECT, BODY, SENDER_ID, RECEIVER_ID, DATE_SENT) values (160, 'Cum sociis natoque penatibus et magnis dis parturient montes, nascetur ridiculus mus.', 'Integer ac neque. Duis bibendum.', 108, 139, TO_TIMESTAMP('2015-10-07 22:47:41', 'YYYY-MM-DD HH24:MI:SS'));
insert into MESSAGES (MESSAGE_ID, SUBJECT, BODY, SENDER_ID, RECEIVER_ID, DATE_SENT) values (161, 'Nullam varius.', 'Curabitur gravida nisi at nibh.', 178, 136, TO_TIMESTAMP('2015-09-14 01:12:59', 'YYYY-MM-DD HH24:MI:SS'));
insert into MESSAGES (MESSAGE_ID, SUBJECT, BODY, SENDER_ID, RECEIVER_ID, DATE_SENT) values (162, 'Vestibulum sed magna at nunc commodo placerat.', 'Proin leo odio, porttitor id, consequat in, consequat ut, nulla. Sed accumsan felis.', 4, 53, TO_TIMESTAMP('2015-06-15 09:16:08', 'YYYY-MM-DD HH24:MI:SS'));
insert into MESSAGES (MESSAGE_ID, SUBJECT, BODY, SENDER_ID, RECEIVER_ID, DATE_SENT) values (163, 'Cras non velit nec nisi vulputate nonummy.', 'In quis justo. Maecenas rhoncus aliquam lacus.', 19, 13, TO_TIMESTAMP('2015-10-30 19:56:16', 'YYYY-MM-DD HH24:MI:SS'));
insert into MESSAGES (MESSAGE_ID, SUBJECT, BODY, SENDER_ID, RECEIVER_ID, DATE_SENT) values (164, 'Donec dapibus.', 'Fusce congue, diam id ornare imperdiet, sapien urna pretium nisl, ut volutpat sapien arcu sed augue.', 2, 63, TO_TIMESTAMP('2015-05-28 15:28:33', 'YYYY-MM-DD HH24:MI:SS'));
insert into MESSAGES (MESSAGE_ID, SUBJECT, BODY, SENDER_ID, RECEIVER_ID, DATE_SENT) values (165, 'Vestibulum ante ipsum primis in faucibus orci luctus et ultrices posuere cubilia Curae; Nulla dapibus dolor vel est.', 'Quisque ut erat.', 99, 81, TO_TIMESTAMP('2015-10-02 08:55:56', 'YYYY-MM-DD HH24:MI:SS'));
insert into MESSAGES (MESSAGE_ID, SUBJECT, BODY, SENDER_ID, RECEIVER_ID, DATE_SENT) values (166, 'Donec ut dolor.', 'Vestibulum ante ipsum primis in faucibus orci luctus et ultrices posuere cubilia Curae; Mauris viverra diam vitae quam.', 101, 120, TO_TIMESTAMP('2015-07-09 22:15:31', 'YYYY-MM-DD HH24:MI:SS'));
insert into MESSAGES (MESSAGE_ID, SUBJECT, BODY, SENDER_ID, RECEIVER_ID, DATE_SENT) values (167, 'Integer non velit.', 'Suspendisse potenti. In eleifend quam a odio.', 43, 62, TO_TIMESTAMP('2015-07-22 01:33:12', 'YYYY-MM-DD HH24:MI:SS'));
insert into MESSAGES (MESSAGE_ID, SUBJECT, BODY, SENDER_ID, RECEIVER_ID, DATE_SENT) values (168, 'Vivamus vel nulla eget eros elementum pellentesque.', 'Mauris enim leo, rhoncus sed, vestibulum sit amet, cursus id, turpis. Integer aliquet, massa id lobortis convallis, tortor risus dapibus augue, vel accumsan tellus nisi eu orci.', 31, 8, TO_TIMESTAMP('2015-05-30 05:07:19', 'YYYY-MM-DD HH24:MI:SS'));
insert into MESSAGES (MESSAGE_ID, SUBJECT, BODY, SENDER_ID, RECEIVER_ID, DATE_SENT) values (169, 'Sed ante.', 'Quisque arcu libero, rutrum ac, lobortis vel, dapibus at, diam. Nam tristique tortor eu pede.', 190, 47, TO_TIMESTAMP('2016-02-16 03:03:07', 'YYYY-MM-DD HH24:MI:SS'));
insert into MESSAGES (MESSAGE_ID, SUBJECT, BODY, SENDER_ID, RECEIVER_ID, DATE_SENT) values (170, 'Nulla facilisi.', 'Vestibulum rutrum rutrum neque.', 145, 99, TO_TIMESTAMP('2016-01-01 09:28:17', 'YYYY-MM-DD HH24:MI:SS'));
insert into MESSAGES (MESSAGE_ID, SUBJECT, BODY, SENDER_ID, RECEIVER_ID, DATE_SENT) values (171, 'Donec odio justo, sollicitudin ut, suscipit a, feugiat et, eros.', 'Pellentesque at nulla. Suspendisse potenti.', 92, 126, TO_TIMESTAMP('2015-09-25 01:46:22', 'YYYY-MM-DD HH24:MI:SS'));
insert into MESSAGES (MESSAGE_ID, SUBJECT, BODY, SENDER_ID, RECEIVER_ID, DATE_SENT) values (172, 'In est risus, auctor sed, tristique in, tempus sit amet, sem.', 'Vestibulum ante ipsum primis in faucibus orci luctus et ultrices posuere cubilia Curae; Mauris viverra diam vitae quam. Suspendisse potenti.', 74, 43, TO_TIMESTAMP('2015-12-18 15:43:37', 'YYYY-MM-DD HH24:MI:SS'));
insert into MESSAGES (MESSAGE_ID, SUBJECT, BODY, SENDER_ID, RECEIVER_ID, DATE_SENT) values (173, 'Morbi non lectus.', 'Nullam porttitor lacus at turpis.', 17, 132, TO_TIMESTAMP('2015-07-16 09:00:45', 'YYYY-MM-DD HH24:MI:SS'));
insert into MESSAGES (MESSAGE_ID, SUBJECT, BODY, SENDER_ID, RECEIVER_ID, DATE_SENT) values (174, 'Suspendisse accumsan tortor quis turpis.', 'Vivamus tortor. Duis mattis egestas metus.', 107, 116, TO_TIMESTAMP('2016-01-28 05:22:25', 'YYYY-MM-DD HH24:MI:SS'));
insert into MESSAGES (MESSAGE_ID, SUBJECT, BODY, SENDER_ID, RECEIVER_ID, DATE_SENT) values (175, 'Vestibulum sed magna at nunc commodo placerat.', 'Mauris ullamcorper purus sit amet nulla.', 56, 81, TO_TIMESTAMP('2015-07-08 15:49:52', 'YYYY-MM-DD HH24:MI:SS'));
insert into MESSAGES (MESSAGE_ID, SUBJECT, BODY, SENDER_ID, RECEIVER_ID, DATE_SENT) values (176, 'Vivamus vestibulum sagittis sapien.', 'Pellentesque eget nunc. Donec quis orci eget orci vehicula condimentum.', 104, 123, TO_TIMESTAMP('2016-02-13 10:49:51', 'YYYY-MM-DD HH24:MI:SS'));
insert into MESSAGES (MESSAGE_ID, SUBJECT, BODY, SENDER_ID, RECEIVER_ID, DATE_SENT) values (177, 'Duis bibendum, felis sed interdum venenatis, turpis enim blandit mi, in porttitor pede justo eu massa.', 'Morbi quis tortor id nulla ultrices aliquet.', 28, 21, TO_TIMESTAMP('2015-12-30 10:46:44', 'YYYY-MM-DD HH24:MI:SS'));
insert into MESSAGES (MESSAGE_ID, SUBJECT, BODY, SENDER_ID, RECEIVER_ID, DATE_SENT) values (178, 'Duis aliquam convallis nunc.', 'Nulla suscipit ligula in lacus.', 31, 91, TO_TIMESTAMP('2015-10-02 21:28:58', 'YYYY-MM-DD HH24:MI:SS'));
insert into MESSAGES (MESSAGE_ID, SUBJECT, BODY, SENDER_ID, RECEIVER_ID, DATE_SENT) values (179, 'Nulla nisl.', 'Etiam pretium iaculis justo. In hac habitasse platea dictumst.', 152, 19, TO_TIMESTAMP('2015-05-01 01:21:54', 'YYYY-MM-DD HH24:MI:SS'));
insert into MESSAGES (MESSAGE_ID, SUBJECT, BODY, SENDER_ID, RECEIVER_ID, DATE_SENT) values (180, 'Morbi a ipsum.', 'In hac habitasse platea dictumst.', 165, 140, TO_TIMESTAMP('2015-06-15 11:28:39', 'YYYY-MM-DD HH24:MI:SS'));
insert into MESSAGES (MESSAGE_ID, SUBJECT, BODY, SENDER_ID, RECEIVER_ID, DATE_SENT) values (181, 'Phasellus in felis.', 'Morbi vestibulum, velit id pretium iaculis, diam erat fermentum justo, nec condimentum neque sapien placerat ante.', 192, 161, TO_TIMESTAMP('2015-04-23 01:04:50', 'YYYY-MM-DD HH24:MI:SS'));
insert into MESSAGES (MESSAGE_ID, SUBJECT, BODY, SENDER_ID, RECEIVER_ID, DATE_SENT) values (182, 'Suspendisse ornare consequat lectus.', 'Lorem ipsum dolor sit amet, consectetuer adipiscing elit. Proin risus.', 127, 178, TO_TIMESTAMP('2015-04-25 13:39:33', 'YYYY-MM-DD HH24:MI:SS'));
insert into MESSAGES (MESSAGE_ID, SUBJECT, BODY, SENDER_ID, RECEIVER_ID, DATE_SENT) values (183, 'Aliquam erat volutpat.', 'Nulla tempus. Vivamus in felis eu sapien cursus vestibulum.', 94, 125, TO_TIMESTAMP('2015-05-10 18:12:04', 'YYYY-MM-DD HH24:MI:SS'));
insert into MESSAGES (MESSAGE_ID, SUBJECT, BODY, SENDER_ID, RECEIVER_ID, DATE_SENT) values (184, 'In est risus, auctor sed, tristique in, tempus sit amet, sem.', 'Nullam porttitor lacus at turpis.', 137, 188, TO_TIMESTAMP('2015-09-25 15:02:41', 'YYYY-MM-DD HH24:MI:SS'));
insert into MESSAGES (MESSAGE_ID, SUBJECT, BODY, SENDER_ID, RECEIVER_ID, DATE_SENT) values (185, 'Maecenas rhoncus aliquam lacus.', 'Donec semper sapien a libero.', 44, 169, TO_TIMESTAMP('2015-05-03 13:02:48', 'YYYY-MM-DD HH24:MI:SS'));
insert into MESSAGES (MESSAGE_ID, SUBJECT, BODY, SENDER_ID, RECEIVER_ID, DATE_SENT) values (186, 'Aliquam sit amet diam in magna bibendum imperdiet.', 'Nulla mollis molestie lorem.', 124, 177, TO_TIMESTAMP('2016-02-01 15:19:56', 'YYYY-MM-DD HH24:MI:SS'));
insert into MESSAGES (MESSAGE_ID, SUBJECT, BODY, SENDER_ID, RECEIVER_ID, DATE_SENT) values (187, 'Pellentesque ultrices mattis odio.', 'Morbi ut odio. Cras mi pede, malesuada in, imperdiet et, commodo vulputate, justo.', 82, 84, TO_TIMESTAMP('2015-10-28 14:47:21', 'YYYY-MM-DD HH24:MI:SS'));
insert into MESSAGES (MESSAGE_ID, SUBJECT, BODY, SENDER_ID, RECEIVER_ID, DATE_SENT) values (188, 'Aliquam quis turpis eget elit sodales scelerisque.', 'Ut tellus.', 28, 7, TO_TIMESTAMP('2015-07-24 04:30:42', 'YYYY-MM-DD HH24:MI:SS'));
insert into MESSAGES (MESSAGE_ID, SUBJECT, BODY, SENDER_ID, RECEIVER_ID, DATE_SENT) values (189, 'Maecenas tristique, est et tempus semper, est quam pharetra magna, ac consequat metus sapien ut nunc.', 'Donec ut dolor. Morbi vel lectus in quam fringilla rhoncus.', 90, 188, TO_TIMESTAMP('2016-02-06 06:25:48', 'YYYY-MM-DD HH24:MI:SS'));
insert into MESSAGES (MESSAGE_ID, SUBJECT, BODY, SENDER_ID, RECEIVER_ID, DATE_SENT) values (190, 'Maecenas pulvinar lobortis est.', 'Duis mattis egestas metus. Aenean fermentum.', 85, 23, TO_TIMESTAMP('2015-09-29 14:36:47', 'YYYY-MM-DD HH24:MI:SS'));
insert into MESSAGES (MESSAGE_ID, SUBJECT, BODY, SENDER_ID, RECEIVER_ID, DATE_SENT) values (191, 'In blandit ultrices enim.', 'Donec ut mauris eget massa tempor convallis.', 1, 150, TO_TIMESTAMP('2015-12-30 07:59:48', 'YYYY-MM-DD HH24:MI:SS'));
insert into MESSAGES (MESSAGE_ID, SUBJECT, BODY, SENDER_ID, RECEIVER_ID, DATE_SENT) values (192, 'Donec odio justo, sollicitudin ut, suscipit a, feugiat et, eros.', 'Curabitur convallis.', 166, 68, TO_TIMESTAMP('2015-05-28 20:57:26', 'YYYY-MM-DD HH24:MI:SS'));
insert into MESSAGES (MESSAGE_ID, SUBJECT, BODY, SENDER_ID, RECEIVER_ID, DATE_SENT) values (193, 'Integer pede justo, lacinia eget, tincidunt eget, tempus vel, pede.', 'Donec posuere metus vitae ipsum.', 189, 152, TO_TIMESTAMP('2015-11-27 16:02:29', 'YYYY-MM-DD HH24:MI:SS'));
insert into MESSAGES (MESSAGE_ID, SUBJECT, BODY, SENDER_ID, RECEIVER_ID, DATE_SENT) values (194, 'Aenean fermentum.', 'In sagittis dui vel nisl. Duis ac nibh.', 77, 192, TO_TIMESTAMP('2015-07-19 02:04:56', 'YYYY-MM-DD HH24:MI:SS'));
insert into MESSAGES (MESSAGE_ID, SUBJECT, BODY, SENDER_ID, RECEIVER_ID, DATE_SENT) values (195, 'Duis mattis egestas metus.', 'Lorem ipsum dolor sit amet, consectetuer adipiscing elit. Proin risus.', 124, 107, TO_TIMESTAMP('2015-10-31 02:50:57', 'YYYY-MM-DD HH24:MI:SS'));
insert into MESSAGES (MESSAGE_ID, SUBJECT, BODY, SENDER_ID, RECEIVER_ID, DATE_SENT) values (196, 'Cras mi pede, malesuada in, imperdiet et, commodo vulputate, justo.', 'Lorem ipsum dolor sit amet, consectetuer adipiscing elit.', 104, 156, TO_TIMESTAMP('2015-06-16 16:49:20', 'YYYY-MM-DD HH24:MI:SS'));
insert into MESSAGES (MESSAGE_ID, SUBJECT, BODY, SENDER_ID, RECEIVER_ID, DATE_SENT) values (197, 'Sed ante.', 'In congue.', 118, 75, TO_TIMESTAMP('2015-04-15 00:59:31', 'YYYY-MM-DD HH24:MI:SS'));
insert into MESSAGES (MESSAGE_ID, SUBJECT, BODY, SENDER_ID, RECEIVER_ID, DATE_SENT) values (198, 'Quisque porta volutpat erat.', 'Etiam justo.', 154, 36, TO_TIMESTAMP('2016-03-15 01:15:18', 'YYYY-MM-DD HH24:MI:SS'));
insert into MESSAGES (MESSAGE_ID, SUBJECT, BODY, SENDER_ID, RECEIVER_ID, DATE_SENT) values (199, 'Donec posuere metus vitae ipsum.', 'Cras pellentesque volutpat dui.', 64, 194, TO_TIMESTAMP('2015-09-08 09:05:34', 'YYYY-MM-DD HH24:MI:SS'));
insert into MESSAGES (MESSAGE_ID, SUBJECT, BODY, SENDER_ID, RECEIVER_ID, DATE_SENT) values (200, 'Integer ac leo.', 'Duis ac nibh. Fusce lacus purus, aliquet at, feugiat non, pretium quis, lectus.', 32, 174, TO_TIMESTAMP('2015-06-06 13:27:27', 'YYYY-MM-DD HH24:MI:SS'));
insert into MESSAGES (MESSAGE_ID, SUBJECT, BODY, SENDER_ID, RECEIVER_ID, DATE_SENT) values (201, 'Fusce lacus purus, aliquet at, feugiat non, pretium quis, lectus.', 'Vestibulum ante ipsum primis in faucibus orci luctus et ultrices posuere cubilia Curae; Donec pharetra, magna vestibulum aliquet ultrices, erat tortor sollicitudin mi, sit amet lobortis sapien sapien non mi. Integer ac neque.', 117, 169, TO_TIMESTAMP('2015-05-27 20:21:37', 'YYYY-MM-DD HH24:MI:SS'));
insert into MESSAGES (MESSAGE_ID, SUBJECT, BODY, SENDER_ID, RECEIVER_ID, DATE_SENT) values (202, 'Maecenas leo odio, condimentum id, luctus nec, molestie sed, justo.', 'Proin leo odio, porttitor id, consequat in, consequat ut, nulla. Sed accumsan felis.', 90, 185, TO_TIMESTAMP('2015-06-20 21:21:39', 'YYYY-MM-DD HH24:MI:SS'));
insert into MESSAGES (MESSAGE_ID, SUBJECT, BODY, SENDER_ID, RECEIVER_ID, DATE_SENT) values (203, 'Morbi porttitor lorem id ligula.', 'In congue. Etiam justo.', 171, 13, TO_TIMESTAMP('2015-11-03 01:09:02', 'YYYY-MM-DD HH24:MI:SS'));
insert into MESSAGES (MESSAGE_ID, SUBJECT, BODY, SENDER_ID, RECEIVER_ID, DATE_SENT) values (204, 'Donec odio justo, sollicitudin ut, suscipit a, feugiat et, eros.', 'Duis at velit eu est congue elementum. In hac habitasse platea dictumst.', 13, 32, TO_TIMESTAMP('2015-11-30 15:05:09', 'YYYY-MM-DD HH24:MI:SS'));
insert into MESSAGES (MESSAGE_ID, SUBJECT, BODY, SENDER_ID, RECEIVER_ID, DATE_SENT) values (205, 'Vivamus tortor.', 'Quisque arcu libero, rutrum ac, lobortis vel, dapibus at, diam.', 168, 12, TO_TIMESTAMP('2016-03-25 23:44:01', 'YYYY-MM-DD HH24:MI:SS'));
insert into MESSAGES (MESSAGE_ID, SUBJECT, BODY, SENDER_ID, RECEIVER_ID, DATE_SENT) values (206, 'Proin eu mi.', 'Proin interdum mauris non ligula pellentesque ultrices. Phasellus id sapien in sapien iaculis congue.', 22, 135, TO_TIMESTAMP('2016-04-07 11:34:20', 'YYYY-MM-DD HH24:MI:SS'));
insert into MESSAGES (MESSAGE_ID, SUBJECT, BODY, SENDER_ID, RECEIVER_ID, DATE_SENT) values (207, 'Lorem ipsum dolor sit amet, consectetuer adipiscing elit.', 'Aenean sit amet justo.', 5, 198, TO_TIMESTAMP('2015-08-24 22:29:44', 'YYYY-MM-DD HH24:MI:SS'));
insert into MESSAGES (MESSAGE_ID, SUBJECT, BODY, SENDER_ID, RECEIVER_ID, DATE_SENT) values (208, 'Morbi vel lectus in quam fringilla rhoncus.', 'Proin at turpis a pede posuere nonummy.', 110, 138, TO_TIMESTAMP('2015-09-01 04:29:55', 'YYYY-MM-DD HH24:MI:SS'));
insert into MESSAGES (MESSAGE_ID, SUBJECT, BODY, SENDER_ID, RECEIVER_ID, DATE_SENT) values (209, 'Suspendisse ornare consequat lectus.', 'Vivamus vel nulla eget eros elementum pellentesque.', 49, 107, TO_TIMESTAMP('2015-12-05 08:35:51', 'YYYY-MM-DD HH24:MI:SS'));
insert into MESSAGES (MESSAGE_ID, SUBJECT, BODY, SENDER_ID, RECEIVER_ID, DATE_SENT) values (210, 'Quisque porta volutpat erat.', 'Nullam varius. Nulla facilisi.', 83, 76, TO_TIMESTAMP('2015-10-14 06:02:48', 'YYYY-MM-DD HH24:MI:SS'));
insert into MESSAGES (MESSAGE_ID, SUBJECT, BODY, SENDER_ID, RECEIVER_ID, DATE_SENT) values (211, 'Nam congue, risus semper porta volutpat, quam pede lobortis ligula, sit amet eleifend pede libero quis orci.', 'Aliquam non mauris. Morbi non lectus.', 152, 119, TO_TIMESTAMP('2015-04-25 04:18:43', 'YYYY-MM-DD HH24:MI:SS'));
insert into MESSAGES (MESSAGE_ID, SUBJECT, BODY, SENDER_ID, RECEIVER_ID, DATE_SENT) values (212, 'Integer ac neque.', 'In hac habitasse platea dictumst.', 163, 116, TO_TIMESTAMP('2016-01-09 06:42:36', 'YYYY-MM-DD HH24:MI:SS'));
insert into MESSAGES (MESSAGE_ID, SUBJECT, BODY, SENDER_ID, RECEIVER_ID, DATE_SENT) values (213, 'In blandit ultrices enim.', 'Etiam vel augue. Vestibulum rutrum rutrum neque.', 124, 121, TO_TIMESTAMP('2015-09-24 11:41:44', 'YYYY-MM-DD HH24:MI:SS'));
insert into MESSAGES (MESSAGE_ID, SUBJECT, BODY, SENDER_ID, RECEIVER_ID, DATE_SENT) values (214, 'Aliquam non mauris.', 'Donec quis orci eget orci vehicula condimentum.', 34, 47, TO_TIMESTAMP('2015-05-05 07:49:14', 'YYYY-MM-DD HH24:MI:SS'));
insert into MESSAGES (MESSAGE_ID, SUBJECT, BODY, SENDER_ID, RECEIVER_ID, DATE_SENT) values (215, 'Nam tristique tortor eu pede.', 'Donec dapibus. Duis at velit eu est congue elementum.', 49, 112, TO_TIMESTAMP('2015-09-17 05:25:49', 'YYYY-MM-DD HH24:MI:SS'));
insert into MESSAGES (MESSAGE_ID, SUBJECT, BODY, SENDER_ID, RECEIVER_ID, DATE_SENT) values (216, 'Nulla tellus.', 'In hac habitasse platea dictumst. Maecenas ut massa quis augue luctus tincidunt.', 135, 63, TO_TIMESTAMP('2015-10-20 23:04:22', 'YYYY-MM-DD HH24:MI:SS'));
insert into MESSAGES (MESSAGE_ID, SUBJECT, BODY, SENDER_ID, RECEIVER_ID, DATE_SENT) values (217, 'Etiam faucibus cursus urna.', 'In quis justo. Maecenas rhoncus aliquam lacus.', 28, 13, TO_TIMESTAMP('2015-05-11 12:06:00', 'YYYY-MM-DD HH24:MI:SS'));
insert into MESSAGES (MESSAGE_ID, SUBJECT, BODY, SENDER_ID, RECEIVER_ID, DATE_SENT) values (218, 'Nullam sit amet turpis elementum ligula vehicula consequat.', 'Praesent blandit. Nam nulla.', 176, 52, TO_TIMESTAMP('2015-05-12 04:37:43', 'YYYY-MM-DD HH24:MI:SS'));
insert into MESSAGES (MESSAGE_ID, SUBJECT, BODY, SENDER_ID, RECEIVER_ID, DATE_SENT) values (219, 'Donec ut mauris eget massa tempor convallis.', 'Nullam sit amet turpis elementum ligula vehicula consequat.', 71, 140, TO_TIMESTAMP('2016-03-02 17:11:55', 'YYYY-MM-DD HH24:MI:SS'));
insert into MESSAGES (MESSAGE_ID, SUBJECT, BODY, SENDER_ID, RECEIVER_ID, DATE_SENT) values (220, 'Vivamus vestibulum sagittis sapien.', 'Proin eu mi. Nulla ac enim.', 88, 2, TO_TIMESTAMP('2015-09-06 03:29:07', 'YYYY-MM-DD HH24:MI:SS'));
insert into MESSAGES (MESSAGE_ID, SUBJECT, BODY, SENDER_ID, RECEIVER_ID, DATE_SENT) values (221, 'Donec quis orci eget orci vehicula condimentum.', 'Morbi odio odio, elementum eu, interdum eu, tincidunt in, leo. Maecenas pulvinar lobortis est.', 142, 163, TO_TIMESTAMP('2015-06-18 16:51:24', 'YYYY-MM-DD HH24:MI:SS'));
insert into MESSAGES (MESSAGE_ID, SUBJECT, BODY, SENDER_ID, RECEIVER_ID, DATE_SENT) values (222, 'Suspendisse potenti.', 'Quisque id justo sit amet sapien dignissim vestibulum.', 89, 168, TO_TIMESTAMP('2015-07-17 12:44:35', 'YYYY-MM-DD HH24:MI:SS'));
insert into MESSAGES (MESSAGE_ID, SUBJECT, BODY, SENDER_ID, RECEIVER_ID, DATE_SENT) values (223, 'Duis bibendum, felis sed interdum venenatis, turpis enim blandit mi, in porttitor pede justo eu massa.', 'Nulla neque libero, convallis eget, eleifend luctus, ultricies eu, nibh.', 72, 12, TO_TIMESTAMP('2016-02-19 19:34:31', 'YYYY-MM-DD HH24:MI:SS'));
insert into MESSAGES (MESSAGE_ID, SUBJECT, BODY, SENDER_ID, RECEIVER_ID, DATE_SENT) values (224, 'Nulla tellus.', 'Vivamus vestibulum sagittis sapien.', 200, 6, TO_TIMESTAMP('2016-03-29 15:05:58', 'YYYY-MM-DD HH24:MI:SS'));
insert into MESSAGES (MESSAGE_ID, SUBJECT, BODY, SENDER_ID, RECEIVER_ID, DATE_SENT) values (225, 'Vivamus vestibulum sagittis sapien.', 'Duis consequat dui nec nisi volutpat eleifend. Donec ut dolor.', 32, 183, TO_TIMESTAMP('2015-11-18 06:36:15', 'YYYY-MM-DD HH24:MI:SS'));
insert into MESSAGES (MESSAGE_ID, SUBJECT, BODY, SENDER_ID, RECEIVER_ID, DATE_SENT) values (226, 'Nulla tellus.', 'Duis bibendum.', 192, 113, TO_TIMESTAMP('2015-06-13 19:11:50', 'YYYY-MM-DD HH24:MI:SS'));
insert into MESSAGES (MESSAGE_ID, SUBJECT, BODY, SENDER_ID, RECEIVER_ID, DATE_SENT) values (227, 'Proin at turpis a pede posuere nonummy.', 'Proin interdum mauris non ligula pellentesque ultrices.', 80, 33, TO_TIMESTAMP('2016-01-24 01:25:13', 'YYYY-MM-DD HH24:MI:SS'));
insert into MESSAGES (MESSAGE_ID, SUBJECT, BODY, SENDER_ID, RECEIVER_ID, DATE_SENT) values (228, 'Proin leo odio, porttitor id, consequat in, consequat ut, nulla.', 'Vestibulum ante ipsum primis in faucibus orci luctus et ultrices posuere cubilia Curae; Duis faucibus accumsan odio. Curabitur convallis.', 18, 142, TO_TIMESTAMP('2015-07-25 12:56:25', 'YYYY-MM-DD HH24:MI:SS'));
insert into MESSAGES (MESSAGE_ID, SUBJECT, BODY, SENDER_ID, RECEIVER_ID, DATE_SENT) values (229, 'Curabitur at ipsum ac tellus semper interdum.', 'Suspendisse accumsan tortor quis turpis.', 168, 34, TO_TIMESTAMP('2016-03-02 13:43:28', 'YYYY-MM-DD HH24:MI:SS'));
insert into MESSAGES (MESSAGE_ID, SUBJECT, BODY, SENDER_ID, RECEIVER_ID, DATE_SENT) values (230, 'In eleifend quam a odio.', 'Vivamus in felis eu sapien cursus vestibulum.', 26, 25, TO_TIMESTAMP('2015-04-13 04:03:51', 'YYYY-MM-DD HH24:MI:SS'));
insert into MESSAGES (MESSAGE_ID, SUBJECT, BODY, SENDER_ID, RECEIVER_ID, DATE_SENT) values (231, 'Vivamus in felis eu sapien cursus vestibulum.', 'Integer ac leo.', 185, 14, TO_TIMESTAMP('2015-06-11 23:10:58', 'YYYY-MM-DD HH24:MI:SS'));
insert into MESSAGES (MESSAGE_ID, SUBJECT, BODY, SENDER_ID, RECEIVER_ID, DATE_SENT) values (232, 'Lorem ipsum dolor sit amet, consectetuer adipiscing elit.', 'Morbi porttitor lorem id ligula. Suspendisse ornare consequat lectus.', 167, 18, TO_TIMESTAMP('2015-06-09 15:17:26', 'YYYY-MM-DD HH24:MI:SS'));
insert into MESSAGES (MESSAGE_ID, SUBJECT, BODY, SENDER_ID, RECEIVER_ID, DATE_SENT) values (233, 'Vivamus vel nulla eget eros elementum pellentesque.', 'Nulla justo.', 94, 93, TO_TIMESTAMP('2015-08-16 12:10:29', 'YYYY-MM-DD HH24:MI:SS'));
insert into MESSAGES (MESSAGE_ID, SUBJECT, BODY, SENDER_ID, RECEIVER_ID, DATE_SENT) values (234, 'Vivamus tortor.', 'Integer non velit.', 152, 176, TO_TIMESTAMP('2015-07-01 07:07:06', 'YYYY-MM-DD HH24:MI:SS'));
insert into MESSAGES (MESSAGE_ID, SUBJECT, BODY, SENDER_ID, RECEIVER_ID, DATE_SENT) values (235, 'Vestibulum quam sapien, varius ut, blandit non, interdum in, ante.', 'Nam dui. Proin leo odio, porttitor id, consequat in, consequat ut, nulla.', 79, 3, TO_TIMESTAMP('2015-07-21 13:53:09', 'YYYY-MM-DD HH24:MI:SS'));
insert into MESSAGES (MESSAGE_ID, SUBJECT, BODY, SENDER_ID, RECEIVER_ID, DATE_SENT) values (236, 'Donec odio justo, sollicitudin ut, suscipit a, feugiat et, eros.', 'Maecenas ut massa quis augue luctus tincidunt. Nulla mollis molestie lorem.', 52, 134, TO_TIMESTAMP('2015-04-23 22:59:21', 'YYYY-MM-DD HH24:MI:SS'));
insert into MESSAGES (MESSAGE_ID, SUBJECT, BODY, SENDER_ID, RECEIVER_ID, DATE_SENT) values (237, 'Suspendisse ornare consequat lectus.', 'Vivamus tortor.', 115, 195, TO_TIMESTAMP('2016-01-31 07:17:18', 'YYYY-MM-DD HH24:MI:SS'));
insert into MESSAGES (MESSAGE_ID, SUBJECT, BODY, SENDER_ID, RECEIVER_ID, DATE_SENT) values (238, 'Suspendisse ornare consequat lectus.', 'In hac habitasse platea dictumst.', 55, 125, TO_TIMESTAMP('2015-08-22 11:33:56', 'YYYY-MM-DD HH24:MI:SS'));
insert into MESSAGES (MESSAGE_ID, SUBJECT, BODY, SENDER_ID, RECEIVER_ID, DATE_SENT) values (239, 'Etiam vel augue.', 'Integer ac leo. Pellentesque ultrices mattis odio.', 116, 52, TO_TIMESTAMP('2015-04-19 04:03:50', 'YYYY-MM-DD HH24:MI:SS'));
insert into MESSAGES (MESSAGE_ID, SUBJECT, BODY, SENDER_ID, RECEIVER_ID, DATE_SENT) values (240, 'Donec semper sapien a libero.', 'Ut at dolor quis odio consequat varius.', 193, 145, TO_TIMESTAMP('2015-10-26 05:49:31', 'YYYY-MM-DD HH24:MI:SS'));
insert into MESSAGES (MESSAGE_ID, SUBJECT, BODY, SENDER_ID, RECEIVER_ID, DATE_SENT) values (241, 'Nulla suscipit ligula in lacus.', 'Cum sociis natoque penatibus et magnis dis parturient montes, nascetur ridiculus mus. Vivamus vestibulum sagittis sapien.', 137, 100, TO_TIMESTAMP('2016-03-27 04:37:21', 'YYYY-MM-DD HH24:MI:SS'));
insert into MESSAGES (MESSAGE_ID, SUBJECT, BODY, SENDER_ID, RECEIVER_ID, DATE_SENT) values (242, 'Vivamus in felis eu sapien cursus vestibulum.', 'Nulla suscipit ligula in lacus. Curabitur at ipsum ac tellus semper interdum.', 104, 7, TO_TIMESTAMP('2016-01-03 01:50:45', 'YYYY-MM-DD HH24:MI:SS'));
insert into MESSAGES (MESSAGE_ID, SUBJECT, BODY, SENDER_ID, RECEIVER_ID, DATE_SENT) values (243, 'Aliquam erat volutpat.', 'Fusce congue, diam id ornare imperdiet, sapien urna pretium nisl, ut volutpat sapien arcu sed augue. Aliquam erat volutpat.', 149, 83, TO_TIMESTAMP('2016-01-13 01:20:02', 'YYYY-MM-DD HH24:MI:SS'));
insert into MESSAGES (MESSAGE_ID, SUBJECT, BODY, SENDER_ID, RECEIVER_ID, DATE_SENT) values (244, 'Donec vitae nisi.', 'Vestibulum ante ipsum primis in faucibus orci luctus et ultrices posuere cubilia Curae; Duis faucibus accumsan odio.', 187, 157, TO_TIMESTAMP('2015-08-06 14:53:14', 'YYYY-MM-DD HH24:MI:SS'));
insert into MESSAGES (MESSAGE_ID, SUBJECT, BODY, SENDER_ID, RECEIVER_ID, DATE_SENT) values (245, 'Suspendisse potenti.', 'Aliquam quis turpis eget elit sodales scelerisque.', 93, 128, TO_TIMESTAMP('2015-12-06 07:54:21', 'YYYY-MM-DD HH24:MI:SS'));
insert into MESSAGES (MESSAGE_ID, SUBJECT, BODY, SENDER_ID, RECEIVER_ID, DATE_SENT) values (246, 'Quisque erat eros, viverra eget, congue eget, semper rutrum, nulla.', 'Aenean auctor gravida sem.', 154, 70, TO_TIMESTAMP('2016-03-19 15:54:45', 'YYYY-MM-DD HH24:MI:SS'));
insert into MESSAGES (MESSAGE_ID, SUBJECT, BODY, SENDER_ID, RECEIVER_ID, DATE_SENT) values (247, 'Vestibulum ac est lacinia nisi venenatis tristique.', 'Mauris sit amet eros.', 117, 172, TO_TIMESTAMP('2015-06-23 04:32:11', 'YYYY-MM-DD HH24:MI:SS'));
insert into MESSAGES (MESSAGE_ID, SUBJECT, BODY, SENDER_ID, RECEIVER_ID, DATE_SENT) values (248, 'Maecenas rhoncus aliquam lacus.', 'Donec vitae nisi. Nam ultrices, libero non mattis pulvinar, nulla pede ullamcorper augue, a suscipit nulla elit ac nulla.', 5, 45, TO_TIMESTAMP('2015-09-13 10:10:20', 'YYYY-MM-DD HH24:MI:SS'));
insert into MESSAGES (MESSAGE_ID, SUBJECT, BODY, SENDER_ID, RECEIVER_ID, DATE_SENT) values (249, 'Donec diam neque, vestibulum eget, vulputate ut, ultrices vel, augue.', 'Sed vel enim sit amet nunc viverra dapibus.', 89, 160, TO_TIMESTAMP('2015-08-31 09:31:47', 'YYYY-MM-DD HH24:MI:SS'));
insert into MESSAGES (MESSAGE_ID, SUBJECT, BODY, SENDER_ID, RECEIVER_ID, DATE_SENT) values (250, 'Lorem ipsum dolor sit amet, consectetuer adipiscing elit.', 'Duis bibendum, felis sed interdum venenatis, turpis enim blandit mi, in porttitor pede justo eu massa. Donec dapibus.', 32, 119, TO_TIMESTAMP('2016-03-24 01:28:15', 'YYYY-MM-DD HH24:MI:SS'));
insert into MESSAGES (MESSAGE_ID, SUBJECT, BODY, SENDER_ID, RECEIVER_ID, DATE_SENT) values (251, 'Etiam justo.', 'Ut tellus.', 164, 58, TO_TIMESTAMP('2015-10-03 05:11:47', 'YYYY-MM-DD HH24:MI:SS'));
insert into MESSAGES (MESSAGE_ID, SUBJECT, BODY, SENDER_ID, RECEIVER_ID, DATE_SENT) values (252, 'Vivamus vestibulum sagittis sapien.', 'Morbi sem mauris, laoreet ut, rhoncus aliquet, pulvinar sed, nisl. Nunc rhoncus dui vel sem.', 105, 108, TO_TIMESTAMP('2015-11-26 14:28:58', 'YYYY-MM-DD HH24:MI:SS'));
insert into MESSAGES (MESSAGE_ID, SUBJECT, BODY, SENDER_ID, RECEIVER_ID, DATE_SENT) values (253, 'Vestibulum ante ipsum primis in faucibus orci luctus et ultrices posuere cubilia Curae; Mauris viverra diam vitae quam.', 'Cum sociis natoque penatibus et magnis dis parturient montes, nascetur ridiculus mus. Etiam vel augue.', 7, 18, TO_TIMESTAMP('2015-09-21 17:47:15', 'YYYY-MM-DD HH24:MI:SS'));
insert into MESSAGES (MESSAGE_ID, SUBJECT, BODY, SENDER_ID, RECEIVER_ID, DATE_SENT) values (254, 'In est risus, auctor sed, tristique in, tempus sit amet, sem.', 'Nulla ut erat id mauris vulputate elementum. Nullam varius.', 165, 105, TO_TIMESTAMP('2015-10-14 02:49:58', 'YYYY-MM-DD HH24:MI:SS'));
insert into MESSAGES (MESSAGE_ID, SUBJECT, BODY, SENDER_ID, RECEIVER_ID, DATE_SENT) values (255, 'Aenean lectus.', 'Aliquam non mauris.', 147, 159, TO_TIMESTAMP('2015-04-11 10:45:43', 'YYYY-MM-DD HH24:MI:SS'));
insert into MESSAGES (MESSAGE_ID, SUBJECT, BODY, SENDER_ID, RECEIVER_ID, DATE_SENT) values (256, 'Nulla neque libero, convallis eget, eleifend luctus, ultricies eu, nibh.', 'Aliquam sit amet diam in magna bibendum imperdiet.', 96, 19, TO_TIMESTAMP('2016-03-13 09:47:09', 'YYYY-MM-DD HH24:MI:SS'));
insert into MESSAGES (MESSAGE_ID, SUBJECT, BODY, SENDER_ID, RECEIVER_ID, DATE_SENT) values (257, 'Curabitur convallis.', 'Nulla tempus.', 146, 126, TO_TIMESTAMP('2015-08-14 22:24:13', 'YYYY-MM-DD HH24:MI:SS'));
insert into MESSAGES (MESSAGE_ID, SUBJECT, BODY, SENDER_ID, RECEIVER_ID, DATE_SENT) values (258, 'Pellentesque ultrices mattis odio.', 'Vestibulum quam sapien, varius ut, blandit non, interdum in, ante. Vestibulum ante ipsum primis in faucibus orci luctus et ultrices posuere cubilia Curae; Duis faucibus accumsan odio.', 99, 135, TO_TIMESTAMP('2015-10-01 08:00:05', 'YYYY-MM-DD HH24:MI:SS'));
insert into MESSAGES (MESSAGE_ID, SUBJECT, BODY, SENDER_ID, RECEIVER_ID, DATE_SENT) values (259, 'Duis ac nibh.', 'Duis bibendum, felis sed interdum venenatis, turpis enim blandit mi, in porttitor pede justo eu massa.', 2, 81, TO_TIMESTAMP('2015-09-19 23:42:01', 'YYYY-MM-DD HH24:MI:SS'));
insert into MESSAGES (MESSAGE_ID, SUBJECT, BODY, SENDER_ID, RECEIVER_ID, DATE_SENT) values (260, 'Integer ac neque.', 'Vivamus vestibulum sagittis sapien. Cum sociis natoque penatibus et magnis dis parturient montes, nascetur ridiculus mus.', 15, 81, TO_TIMESTAMP('2016-01-03 00:45:24', 'YYYY-MM-DD HH24:MI:SS'));
insert into MESSAGES (MESSAGE_ID, SUBJECT, BODY, SENDER_ID, RECEIVER_ID, DATE_SENT) values (261, 'Quisque erat eros, viverra eget, congue eget, semper rutrum, nulla.', 'Nunc rhoncus dui vel sem. Sed sagittis.', 127, 100, TO_TIMESTAMP('2015-08-23 07:07:30', 'YYYY-MM-DD HH24:MI:SS'));
insert into MESSAGES (MESSAGE_ID, SUBJECT, BODY, SENDER_ID, RECEIVER_ID, DATE_SENT) values (262, 'Aliquam quis turpis eget elit sodales scelerisque.', 'In blandit ultrices enim.', 115, 92, TO_TIMESTAMP('2015-05-14 20:21:38', 'YYYY-MM-DD HH24:MI:SS'));
insert into MESSAGES (MESSAGE_ID, SUBJECT, BODY, SENDER_ID, RECEIVER_ID, DATE_SENT) values (263, 'Quisque erat eros, viverra eget, congue eget, semper rutrum, nulla.', 'Curabitur convallis.', 80, 83, TO_TIMESTAMP('2016-03-09 19:59:05', 'YYYY-MM-DD HH24:MI:SS'));
insert into MESSAGES (MESSAGE_ID, SUBJECT, BODY, SENDER_ID, RECEIVER_ID, DATE_SENT) values (264, 'Vestibulum ante ipsum primis in faucibus orci luctus et ultrices posuere cubilia Curae; Mauris viverra diam vitae quam.', 'Duis aliquam convallis nunc.', 190, 82, TO_TIMESTAMP('2015-09-27 07:53:00', 'YYYY-MM-DD HH24:MI:SS'));
insert into MESSAGES (MESSAGE_ID, SUBJECT, BODY, SENDER_ID, RECEIVER_ID, DATE_SENT) values (265, 'Duis mattis egestas metus.', 'In est risus, auctor sed, tristique in, tempus sit amet, sem. Fusce consequat.', 70, 161, TO_TIMESTAMP('2015-09-13 02:44:02', 'YYYY-MM-DD HH24:MI:SS'));
insert into MESSAGES (MESSAGE_ID, SUBJECT, BODY, SENDER_ID, RECEIVER_ID, DATE_SENT) values (266, 'Cras pellentesque volutpat dui.', 'Proin leo odio, porttitor id, consequat in, consequat ut, nulla.', 191, 99, TO_TIMESTAMP('2015-09-22 23:26:58', 'YYYY-MM-DD HH24:MI:SS'));
insert into MESSAGES (MESSAGE_ID, SUBJECT, BODY, SENDER_ID, RECEIVER_ID, DATE_SENT) values (267, 'Aliquam quis turpis eget elit sodales scelerisque.', 'Donec semper sapien a libero.', 23, 28, TO_TIMESTAMP('2016-01-03 11:31:00', 'YYYY-MM-DD HH24:MI:SS'));
insert into MESSAGES (MESSAGE_ID, SUBJECT, BODY, SENDER_ID, RECEIVER_ID, DATE_SENT) values (268, 'Duis bibendum, felis sed interdum venenatis, turpis enim blandit mi, in porttitor pede justo eu massa.', 'In est risus, auctor sed, tristique in, tempus sit amet, sem. Fusce consequat.', 64, 147, TO_TIMESTAMP('2015-05-14 12:57:09', 'YYYY-MM-DD HH24:MI:SS'));
insert into MESSAGES (MESSAGE_ID, SUBJECT, BODY, SENDER_ID, RECEIVER_ID, DATE_SENT) values (269, 'Phasellus id sapien in sapien iaculis congue.', 'Integer tincidunt ante vel ipsum.', 168, 164, TO_TIMESTAMP('2015-11-11 03:26:31', 'YYYY-MM-DD HH24:MI:SS'));
insert into MESSAGES (MESSAGE_ID, SUBJECT, BODY, SENDER_ID, RECEIVER_ID, DATE_SENT) values (270, 'Maecenas leo odio, condimentum id, luctus nec, molestie sed, justo.', 'Nulla neque libero, convallis eget, eleifend luctus, ultricies eu, nibh. Quisque id justo sit amet sapien dignissim vestibulum.', 113, 48, TO_TIMESTAMP('2015-11-25 21:01:49', 'YYYY-MM-DD HH24:MI:SS'));
insert into MESSAGES (MESSAGE_ID, SUBJECT, BODY, SENDER_ID, RECEIVER_ID, DATE_SENT) values (271, 'Aenean lectus.', 'Vestibulum sed magna at nunc commodo placerat. Praesent blandit.', 133, 164, TO_TIMESTAMP('2015-11-28 01:24:00', 'YYYY-MM-DD HH24:MI:SS'));
insert into MESSAGES (MESSAGE_ID, SUBJECT, BODY, SENDER_ID, RECEIVER_ID, DATE_SENT) values (272, 'Lorem ipsum dolor sit amet, consectetuer adipiscing elit.', 'Nunc purus. Phasellus in felis.', 2, 10, TO_TIMESTAMP('2015-10-06 22:38:58', 'YYYY-MM-DD HH24:MI:SS'));
insert into MESSAGES (MESSAGE_ID, SUBJECT, BODY, SENDER_ID, RECEIVER_ID, DATE_SENT) values (273, 'Cras mi pede, malesuada in, imperdiet et, commodo vulputate, justo.', 'Nulla facilisi.', 128, 138, TO_TIMESTAMP('2015-04-20 20:21:13', 'YYYY-MM-DD HH24:MI:SS'));
insert into MESSAGES (MESSAGE_ID, SUBJECT, BODY, SENDER_ID, RECEIVER_ID, DATE_SENT) values (274, 'In quis justo.', 'Suspendisse potenti. Nullam porttitor lacus at turpis.', 110, 18, TO_TIMESTAMP('2016-02-25 18:03:17', 'YYYY-MM-DD HH24:MI:SS'));
insert into MESSAGES (MESSAGE_ID, SUBJECT, BODY, SENDER_ID, RECEIVER_ID, DATE_SENT) values (275, 'Vivamus in felis eu sapien cursus vestibulum.', 'In hac habitasse platea dictumst. Maecenas ut massa quis augue luctus tincidunt.', 156, 153, TO_TIMESTAMP('2016-03-19 19:11:23', 'YYYY-MM-DD HH24:MI:SS'));
insert into MESSAGES (MESSAGE_ID, SUBJECT, BODY, SENDER_ID, RECEIVER_ID, DATE_SENT) values (276, 'Vestibulum ante ipsum primis in faucibus orci luctus et ultrices posuere cubilia Curae; Duis faucibus accumsan odio.', 'Integer a nibh.', 58, 134, TO_TIMESTAMP('2015-04-24 05:55:30', 'YYYY-MM-DD HH24:MI:SS'));
insert into MESSAGES (MESSAGE_ID, SUBJECT, BODY, SENDER_ID, RECEIVER_ID, DATE_SENT) values (277, 'Fusce posuere felis sed lacus.', 'Praesent blandit lacinia erat. Vestibulum sed magna at nunc commodo placerat.', 36, 13, TO_TIMESTAMP('2016-02-19 03:08:30', 'YYYY-MM-DD HH24:MI:SS'));
insert into MESSAGES (MESSAGE_ID, SUBJECT, BODY, SENDER_ID, RECEIVER_ID, DATE_SENT) values (278, 'Nulla neque libero, convallis eget, eleifend luctus, ultricies eu, nibh.', 'Suspendisse potenti. Cras in purus eu magna vulputate luctus.', 147, 80, TO_TIMESTAMP('2015-11-28 04:41:17', 'YYYY-MM-DD HH24:MI:SS'));
insert into MESSAGES (MESSAGE_ID, SUBJECT, BODY, SENDER_ID, RECEIVER_ID, DATE_SENT) values (279, 'Morbi odio odio, elementum eu, interdum eu, tincidunt in, leo.', 'Vestibulum ante ipsum primis in faucibus orci luctus et ultrices posuere cubilia Curae; Mauris viverra diam vitae quam.', 153, 64, TO_TIMESTAMP('2015-12-23 23:35:45', 'YYYY-MM-DD HH24:MI:SS'));
insert into MESSAGES (MESSAGE_ID, SUBJECT, BODY, SENDER_ID, RECEIVER_ID, DATE_SENT) values (280, 'Quisque porta volutpat erat.', 'In hac habitasse platea dictumst.', 157, 52, TO_TIMESTAMP('2015-08-04 20:55:56', 'YYYY-MM-DD HH24:MI:SS'));
insert into MESSAGES (MESSAGE_ID, SUBJECT, BODY, SENDER_ID, RECEIVER_ID, DATE_SENT) values (281, 'Nulla tempus.', 'Quisque id justo sit amet sapien dignissim vestibulum. Vestibulum ante ipsum primis in faucibus orci luctus et ultrices posuere cubilia Curae; Nulla dapibus dolor vel est.', 169, 190, TO_TIMESTAMP('2015-11-10 07:17:01', 'YYYY-MM-DD HH24:MI:SS'));
insert into MESSAGES (MESSAGE_ID, SUBJECT, BODY, SENDER_ID, RECEIVER_ID, DATE_SENT) values (282, 'Aliquam quis turpis eget elit sodales scelerisque.', 'Nam ultrices, libero non mattis pulvinar, nulla pede ullamcorper augue, a suscipit nulla elit ac nulla. Sed vel enim sit amet nunc viverra dapibus.', 4, 145, TO_TIMESTAMP('2015-10-14 09:09:06', 'YYYY-MM-DD HH24:MI:SS'));
insert into MESSAGES (MESSAGE_ID, SUBJECT, BODY, SENDER_ID, RECEIVER_ID, DATE_SENT) values (283, 'Suspendisse potenti.', 'Duis consequat dui nec nisi volutpat eleifend.', 165, 172, TO_TIMESTAMP('2015-12-21 10:31:30', 'YYYY-MM-DD HH24:MI:SS'));
insert into MESSAGES (MESSAGE_ID, SUBJECT, BODY, SENDER_ID, RECEIVER_ID, DATE_SENT) values (284, 'Vivamus in felis eu sapien cursus vestibulum.', 'In tempor, turpis nec euismod scelerisque, quam turpis adipiscing lorem, vitae mattis nibh ligula nec sem.', 102, 169, TO_TIMESTAMP('2015-10-10 19:23:45', 'YYYY-MM-DD HH24:MI:SS'));
insert into MESSAGES (MESSAGE_ID, SUBJECT, BODY, SENDER_ID, RECEIVER_ID, DATE_SENT) values (285, 'Nulla nisl.', 'Vestibulum ante ipsum primis in faucibus orci luctus et ultrices posuere cubilia Curae; Duis faucibus accumsan odio.', 161, 23, TO_TIMESTAMP('2015-06-11 15:17:33', 'YYYY-MM-DD HH24:MI:SS'));
insert into MESSAGES (MESSAGE_ID, SUBJECT, BODY, SENDER_ID, RECEIVER_ID, DATE_SENT) values (286, 'Duis aliquam convallis nunc.', 'Donec vitae nisi. Nam ultrices, libero non mattis pulvinar, nulla pede ullamcorper augue, a suscipit nulla elit ac nulla.', 129, 148, TO_TIMESTAMP('2015-06-25 00:46:49', 'YYYY-MM-DD HH24:MI:SS'));
insert into MESSAGES (MESSAGE_ID, SUBJECT, BODY, SENDER_ID, RECEIVER_ID, DATE_SENT) values (287, 'Vestibulum ante ipsum primis in faucibus orci luctus et ultrices posuere cubilia Curae; Donec pharetra, magna vestibulum aliquet ultrices, erat tortor sollicitudin mi, sit amet lobortis sapien sapien non mi.', 'Donec ut dolor. Morbi vel lectus in quam fringilla rhoncus.', 83, 186, TO_TIMESTAMP('2016-03-09 01:54:57', 'YYYY-MM-DD HH24:MI:SS'));
insert into MESSAGES (MESSAGE_ID, SUBJECT, BODY, SENDER_ID, RECEIVER_ID, DATE_SENT) values (288, 'Praesent lectus.', 'Nulla tempus. Vivamus in felis eu sapien cursus vestibulum.', 108, 131, TO_TIMESTAMP('2016-01-04 09:43:29', 'YYYY-MM-DD HH24:MI:SS'));
insert into MESSAGES (MESSAGE_ID, SUBJECT, BODY, SENDER_ID, RECEIVER_ID, DATE_SENT) values (289, 'Praesent blandit lacinia erat.', 'Vestibulum sed magna at nunc commodo placerat. Praesent blandit.', 101, 175, TO_TIMESTAMP('2015-09-21 20:53:39', 'YYYY-MM-DD HH24:MI:SS'));
insert into MESSAGES (MESSAGE_ID, SUBJECT, BODY, SENDER_ID, RECEIVER_ID, DATE_SENT) values (290, 'Nullam varius.', 'Aenean sit amet justo. Morbi ut odio.', 124, 185, TO_TIMESTAMP('2015-09-07 22:51:01', 'YYYY-MM-DD HH24:MI:SS'));
insert into MESSAGES (MESSAGE_ID, SUBJECT, BODY, SENDER_ID, RECEIVER_ID, DATE_SENT) values (291, 'Nulla ut erat id mauris vulputate elementum.', 'Quisque id justo sit amet sapien dignissim vestibulum. Vestibulum ante ipsum primis in faucibus orci luctus et ultrices posuere cubilia Curae; Nulla dapibus dolor vel est.', 187, 108, TO_TIMESTAMP('2016-03-04 15:10:11', 'YYYY-MM-DD HH24:MI:SS'));
insert into MESSAGES (MESSAGE_ID, SUBJECT, BODY, SENDER_ID, RECEIVER_ID, DATE_SENT) values (292, 'Quisque erat eros, viverra eget, congue eget, semper rutrum, nulla.', 'Morbi sem mauris, laoreet ut, rhoncus aliquet, pulvinar sed, nisl. Nunc rhoncus dui vel sem.', 118, 145, TO_TIMESTAMP('2016-02-28 14:19:41', 'YYYY-MM-DD HH24:MI:SS'));
insert into MESSAGES (MESSAGE_ID, SUBJECT, BODY, SENDER_ID, RECEIVER_ID, DATE_SENT) values (293, 'Pellentesque ultrices mattis odio.', 'Aliquam non mauris. Morbi non lectus.', 102, 173, TO_TIMESTAMP('2015-05-21 10:59:43', 'YYYY-MM-DD HH24:MI:SS'));
insert into MESSAGES (MESSAGE_ID, SUBJECT, BODY, SENDER_ID, RECEIVER_ID, DATE_SENT) values (294, 'Curabitur convallis.', 'Morbi vestibulum, velit id pretium iaculis, diam erat fermentum justo, nec condimentum neque sapien placerat ante. Nulla justo.', 150, 42, TO_TIMESTAMP('2015-11-18 10:24:08', 'YYYY-MM-DD HH24:MI:SS'));
insert into MESSAGES (MESSAGE_ID, SUBJECT, BODY, SENDER_ID, RECEIVER_ID, DATE_SENT) values (295, 'In eleifend quam a odio.', 'Vivamus vestibulum sagittis sapien. Cum sociis natoque penatibus et magnis dis parturient montes, nascetur ridiculus mus.', 176, 176, TO_TIMESTAMP('2016-03-17 16:42:38', 'YYYY-MM-DD HH24:MI:SS'));
insert into MESSAGES (MESSAGE_ID, SUBJECT, BODY, SENDER_ID, RECEIVER_ID, DATE_SENT) values (296, 'Lorem ipsum dolor sit amet, consectetuer adipiscing elit.', 'Nam ultrices, libero non mattis pulvinar, nulla pede ullamcorper augue, a suscipit nulla elit ac nulla.', 105, 82, TO_TIMESTAMP('2015-07-13 00:44:40', 'YYYY-MM-DD HH24:MI:SS'));
insert into MESSAGES (MESSAGE_ID, SUBJECT, BODY, SENDER_ID, RECEIVER_ID, DATE_SENT) values (297, 'Nunc purus.', 'Duis bibendum.', 40, 189, TO_TIMESTAMP('2015-06-17 11:18:41', 'YYYY-MM-DD HH24:MI:SS'));
insert into MESSAGES (MESSAGE_ID, SUBJECT, BODY, SENDER_ID, RECEIVER_ID, DATE_SENT) values (298, 'In hac habitasse platea dictumst.', 'Nunc purus.', 39, 61, TO_TIMESTAMP('2016-01-26 07:09:51', 'YYYY-MM-DD HH24:MI:SS'));
insert into MESSAGES (MESSAGE_ID, SUBJECT, BODY, SENDER_ID, RECEIVER_ID, DATE_SENT) values (299, 'Phasellus id sapien in sapien iaculis congue.', 'Cras in purus eu magna vulputate luctus. Cum sociis natoque penatibus et magnis dis parturient montes, nascetur ridiculus mus.', 115, 54, TO_TIMESTAMP('2015-09-20 06:52:17', 'YYYY-MM-DD HH24:MI:SS'));
insert into MESSAGES (MESSAGE_ID, SUBJECT, BODY, SENDER_ID, RECEIVER_ID, DATE_SENT) values (300, 'Suspendisse potenti.', 'Donec diam neque, vestibulum eget, vulputate ut, ultrices vel, augue. Vestibulum ante ipsum primis in faucibus orci luctus et ultrices posuere cubilia Curae; Donec pharetra, magna vestibulum aliquet ultrices, erat tortor sollicitudin mi, sit amet lobortis sapien sapien non mi.', 43, 36, TO_TIMESTAMP('2016-02-06 19:35:24', 'YYYY-MM-DD HH24:MI:SS'));
