--Ben Kristofic
-----------------------------
insert into USERS (USER_ID, F_NAME, L_NAME, EMAIL, BIRTH, LAST_LOGIN) values (1, 'Victor', 'Willis', 'vwillis0@loc.gov', TO_TIMESTAMP('1994-03-15 23:48:55', 'YYYY-MM-DD HH24:MI:SS'), TO_TIMESTAMP('2016-02-21 07:42:18', 'YYYY-MM-DD HH24:MI:SS'));
insert into USERS (USER_ID, F_NAME, L_NAME, EMAIL, BIRTH, LAST_LOGIN) values (2, 'Scott', 'Bryant', 'sbryant1@npr.org', TO_TIMESTAMP('1991-02-26 20:13:01', 'YYYY-MM-DD HH24:MI:SS'), TO_TIMESTAMP('2015-12-30 11:13:56', 'YYYY-MM-DD HH24:MI:SS'));
insert into USERS (USER_ID, F_NAME, L_NAME, EMAIL, BIRTH, LAST_LOGIN) values (3, 'Judith', 'Gonzales', 'jgonzales2@4shared.com', TO_TIMESTAMP('1981-02-06 04:29:28', 'YYYY-MM-DD HH24:MI:SS'), TO_TIMESTAMP('2015-05-12 01:14:50', 'YYYY-MM-DD HH24:MI:SS'));
insert into USERS (USER_ID, F_NAME, L_NAME, EMAIL, BIRTH, LAST_LOGIN) values (4, 'Carl', 'Rogers', 'crogers3@timesonline.co.uk', TO_TIMESTAMP('1996-09-04 11:31:43', 'YYYY-MM-DD HH24:MI:SS'), TO_TIMESTAMP('2015-12-02 16:21:16', 'YYYY-MM-DD HH24:MI:SS'));
insert into USERS (USER_ID, F_NAME, L_NAME, EMAIL, BIRTH, LAST_LOGIN) values (5, 'Mark', 'Fox', 'mfox4@craigslist.org', TO_TIMESTAMP('1985-10-31 14:31:27', 'YYYY-MM-DD HH24:MI:SS'), TO_TIMESTAMP('2015-06-01 13:45:54', 'YYYY-MM-DD HH24:MI:SS'));
insert into USERS (USER_ID, F_NAME, L_NAME, EMAIL, BIRTH, LAST_LOGIN) values (6, 'Lois', 'Spencer', 'lspencer5@wikispaces.com', TO_TIMESTAMP('1982-09-10 23:59:21', 'YYYY-MM-DD HH24:MI:SS'), TO_TIMESTAMP('2015-09-18 20:18:26', 'YYYY-MM-DD HH24:MI:SS'));
insert into USERS (USER_ID, F_NAME, L_NAME, EMAIL, BIRTH, LAST_LOGIN) values (7, 'Timothy', 'Sanchez', 'tsanchez6@webmd.com', TO_TIMESTAMP('1988-08-21 05:02:22', 'YYYY-MM-DD HH24:MI:SS'), TO_TIMESTAMP('2015-09-16 02:45:52', 'YYYY-MM-DD HH24:MI:SS'));
insert into USERS (USER_ID, F_NAME, L_NAME, EMAIL, BIRTH, LAST_LOGIN) values (8, 'Judy', 'Wheeler', 'jwheeler7@cyberchimps.com', TO_TIMESTAMP('1983-02-14 01:17:56', 'YYYY-MM-DD HH24:MI:SS'), TO_TIMESTAMP('2015-08-22 15:12:00', 'YYYY-MM-DD HH24:MI:SS'));
insert into USERS (USER_ID, F_NAME, L_NAME, EMAIL, BIRTH, LAST_LOGIN) values (9, 'Marie', 'Cunningham', 'mcunningham8@e-recht24.de', TO_TIMESTAMP('1990-06-02 18:32:02', 'YYYY-MM-DD HH24:MI:SS'), TO_TIMESTAMP('2015-11-15 03:18:33', 'YYYY-MM-DD HH24:MI:SS'));
insert into USERS (USER_ID, F_NAME, L_NAME, EMAIL, BIRTH, LAST_LOGIN) values (10, 'Mark', 'Wells', 'mwells9@wired.com', TO_TIMESTAMP('1980-10-15 12:30:18', 'YYYY-MM-DD HH24:MI:SS'), TO_TIMESTAMP('2015-06-14 00:11:49', 'YYYY-MM-DD HH24:MI:SS'));
insert into USERS (USER_ID, F_NAME, L_NAME, EMAIL, BIRTH, LAST_LOGIN) values (11, 'Karen', 'Perez', 'kpereza@japanpost.jp', TO_TIMESTAMP('1999-11-25 05:46:18', 'YYYY-MM-DD HH24:MI:SS'), TO_TIMESTAMP('2015-04-21 02:51:48', 'YYYY-MM-DD HH24:MI:SS'));
insert into USERS (USER_ID, F_NAME, L_NAME, EMAIL, BIRTH, LAST_LOGIN) values (12, 'Billy', 'Elliott', 'belliottb@simplemachines.org', TO_TIMESTAMP('1987-07-23 00:30:53', 'YYYY-MM-DD HH24:MI:SS'), TO_TIMESTAMP('2016-02-27 02:52:26', 'YYYY-MM-DD HH24:MI:SS'));
insert into USERS (USER_ID, F_NAME, L_NAME, EMAIL, BIRTH, LAST_LOGIN) values (13, 'Barbara', 'Jordan', 'bjordanc@163.com', TO_TIMESTAMP('2000-06-30 08:21:44', 'YYYY-MM-DD HH24:MI:SS'), TO_TIMESTAMP('2015-07-03 03:38:08', 'YYYY-MM-DD HH24:MI:SS'));
insert into USERS (USER_ID, F_NAME, L_NAME, EMAIL, BIRTH, LAST_LOGIN) values (14, 'Juan', 'Phillips', 'jphillipsd@about.com', TO_TIMESTAMP('1992-01-28 12:32:10', 'YYYY-MM-DD HH24:MI:SS'), TO_TIMESTAMP('2016-03-07 07:58:09', 'YYYY-MM-DD HH24:MI:SS'));
insert into USERS (USER_ID, F_NAME, L_NAME, EMAIL, BIRTH, LAST_LOGIN) values (15, 'William', 'Berry', 'wberrye@networkadvertising.org', TO_TIMESTAMP('1993-05-23 12:19:56', 'YYYY-MM-DD HH24:MI:SS'), TO_TIMESTAMP('2015-09-02 00:26:36', 'YYYY-MM-DD HH24:MI:SS'));
insert into USERS (USER_ID, F_NAME, L_NAME, EMAIL, BIRTH, LAST_LOGIN) values (16, 'Juan', 'Jones', 'jjonesf@reddit.com', TO_TIMESTAMP('1998-05-16 22:42:05', 'YYYY-MM-DD HH24:MI:SS'), TO_TIMESTAMP('2015-09-02 00:34:20', 'YYYY-MM-DD HH24:MI:SS'));
insert into USERS (USER_ID, F_NAME, L_NAME, EMAIL, BIRTH, LAST_LOGIN) values (17, 'Arthur', 'Burton', 'aburtong@bandcamp.com', TO_TIMESTAMP('1992-11-07 18:42:00', 'YYYY-MM-DD HH24:MI:SS'), TO_TIMESTAMP('2015-08-04 08:28:36', 'YYYY-MM-DD HH24:MI:SS'));
insert into USERS (USER_ID, F_NAME, L_NAME, EMAIL, BIRTH, LAST_LOGIN) values (18, 'Sandra', 'Ford', 'sfordh@drupal.org', TO_TIMESTAMP('1998-05-03 13:47:01', 'YYYY-MM-DD HH24:MI:SS'), TO_TIMESTAMP('2016-02-04 10:45:29', 'YYYY-MM-DD HH24:MI:SS'));
insert into USERS (USER_ID, F_NAME, L_NAME, EMAIL, BIRTH, LAST_LOGIN) values (19, 'Alice', 'Banks', 'abanksi@zimbio.com', TO_TIMESTAMP('1997-10-18 17:59:49', 'YYYY-MM-DD HH24:MI:SS'), TO_TIMESTAMP('2015-10-21 03:58:26', 'YYYY-MM-DD HH24:MI:SS'));
insert into USERS (USER_ID, F_NAME, L_NAME, EMAIL, BIRTH, LAST_LOGIN) values (20, 'Scott', 'Johnson', 'sjohnsonj@oaic.gov.au', TO_TIMESTAMP('1988-11-15 17:08:16', 'YYYY-MM-DD HH24:MI:SS'), TO_TIMESTAMP('2016-03-21 22:37:28', 'YYYY-MM-DD HH24:MI:SS'));
insert into USERS (USER_ID, F_NAME, L_NAME, EMAIL, BIRTH, LAST_LOGIN) values (21, 'Christopher', 'Jackson', 'cjacksonk@apache.org', TO_TIMESTAMP('1993-09-09 22:37:58', 'YYYY-MM-DD HH24:MI:SS'), TO_TIMESTAMP('2015-11-06 11:54:01', 'YYYY-MM-DD HH24:MI:SS'));
insert into USERS (USER_ID, F_NAME, L_NAME, EMAIL, BIRTH, LAST_LOGIN) values (22, 'Frank', 'Rose', 'frosel@xinhuanet.com', TO_TIMESTAMP('1999-04-09 22:42:33', 'YYYY-MM-DD HH24:MI:SS'), TO_TIMESTAMP('2015-08-17 03:17:18', 'YYYY-MM-DD HH24:MI:SS'));
insert into USERS (USER_ID, F_NAME, L_NAME, EMAIL, BIRTH, LAST_LOGIN) values (23, 'Kathy', 'Graham', 'kgrahamm@dailymotion.com', TO_TIMESTAMP('1988-11-10 22:43:32', 'YYYY-MM-DD HH24:MI:SS'), TO_TIMESTAMP('2015-06-14 23:49:32', 'YYYY-MM-DD HH24:MI:SS'));
insert into USERS (USER_ID, F_NAME, L_NAME, EMAIL, BIRTH, LAST_LOGIN) values (24, 'Howard', 'Armstrong', 'harmstrongn@squidoo.com', TO_TIMESTAMP('1983-09-26 10:12:49', 'YYYY-MM-DD HH24:MI:SS'), TO_TIMESTAMP('2016-01-22 18:35:43', 'YYYY-MM-DD HH24:MI:SS'));
insert into USERS (USER_ID, F_NAME, L_NAME, EMAIL, BIRTH, LAST_LOGIN) values (25, 'Amy', 'Harrison', 'aharrisono@who.int', TO_TIMESTAMP('1996-09-25 09:26:45', 'YYYY-MM-DD HH24:MI:SS'), TO_TIMESTAMP('2015-11-09 19:28:57', 'YYYY-MM-DD HH24:MI:SS'));
insert into USERS (USER_ID, F_NAME, L_NAME, EMAIL, BIRTH, LAST_LOGIN) values (26, 'Craig', 'Gutierrez', 'cgutierrezp@yellowbook.com', TO_TIMESTAMP('1999-12-13 01:37:11', 'YYYY-MM-DD HH24:MI:SS'), TO_TIMESTAMP('2015-07-05 09:53:00', 'YYYY-MM-DD HH24:MI:SS'));
insert into USERS (USER_ID, F_NAME, L_NAME, EMAIL, BIRTH, LAST_LOGIN) values (27, 'Steve', 'Young', 'syoungq@hugedomains.com', TO_TIMESTAMP('1992-12-31 21:22:55', 'YYYY-MM-DD HH24:MI:SS'), TO_TIMESTAMP('2015-12-09 08:55:02', 'YYYY-MM-DD HH24:MI:SS'));
insert into USERS (USER_ID, F_NAME, L_NAME, EMAIL, BIRTH, LAST_LOGIN) values (28, 'Lori', 'Hall', 'lhallr@sciencedaily.com', TO_TIMESTAMP('1999-05-12 00:06:21', 'YYYY-MM-DD HH24:MI:SS'), TO_TIMESTAMP('2015-06-24 09:38:15', 'YYYY-MM-DD HH24:MI:SS'));
insert into USERS (USER_ID, F_NAME, L_NAME, EMAIL, BIRTH, LAST_LOGIN) values (29, 'Kathryn', 'King', 'kkings@linkedin.com', TO_TIMESTAMP('1998-10-20 15:55:00', 'YYYY-MM-DD HH24:MI:SS'), TO_TIMESTAMP('2015-07-16 23:02:13', 'YYYY-MM-DD HH24:MI:SS'));
insert into USERS (USER_ID, F_NAME, L_NAME, EMAIL, BIRTH, LAST_LOGIN) values (30, 'Betty', 'Henry', 'bhenryt@moonfruit.com', TO_TIMESTAMP('1987-04-22 15:42:06', 'YYYY-MM-DD HH24:MI:SS'), TO_TIMESTAMP('2015-06-10 04:09:08', 'YYYY-MM-DD HH24:MI:SS'));
insert into USERS (USER_ID, F_NAME, L_NAME, EMAIL, BIRTH, LAST_LOGIN) values (31, 'Justin', 'Rodriguez', 'jrodriguezu@shutterfly.com', TO_TIMESTAMP('1983-12-09 02:57:19', 'YYYY-MM-DD HH24:MI:SS'), TO_TIMESTAMP('2015-08-09 18:43:44', 'YYYY-MM-DD HH24:MI:SS'));
insert into USERS (USER_ID, F_NAME, L_NAME, EMAIL, BIRTH, LAST_LOGIN) values (32, 'Stephanie', 'Wallace', 'swallacev@spiegel.de', TO_TIMESTAMP('1998-12-09 09:21:44', 'YYYY-MM-DD HH24:MI:SS'), TO_TIMESTAMP('2015-07-11 07:28:55', 'YYYY-MM-DD HH24:MI:SS'));
insert into USERS (USER_ID, F_NAME, L_NAME, EMAIL, BIRTH, LAST_LOGIN) values (33, 'Emily', 'Harris', 'eharrisw@amazon.co.uk', TO_TIMESTAMP('1981-04-28 20:13:09', 'YYYY-MM-DD HH24:MI:SS'), TO_TIMESTAMP('2016-03-22 23:27:27', 'YYYY-MM-DD HH24:MI:SS'));
insert into USERS (USER_ID, F_NAME, L_NAME, EMAIL, BIRTH, LAST_LOGIN) values (34, 'Norma', 'Gibson', 'ngibsonx@miibeian.gov.cn', TO_TIMESTAMP('1997-12-02 11:36:27', 'YYYY-MM-DD HH24:MI:SS'), TO_TIMESTAMP('2015-07-23 12:18:54', 'YYYY-MM-DD HH24:MI:SS'));
insert into USERS (USER_ID, F_NAME, L_NAME, EMAIL, BIRTH, LAST_LOGIN) values (35, 'Lawrence', 'Jenkins', 'ljenkinsy@deliciousdays.com', TO_TIMESTAMP('1995-12-08 12:16:30', 'YYYY-MM-DD HH24:MI:SS'), TO_TIMESTAMP('2015-06-02 00:26:54', 'YYYY-MM-DD HH24:MI:SS'));
insert into USERS (USER_ID, F_NAME, L_NAME, EMAIL, BIRTH, LAST_LOGIN) values (36, 'Marilyn', 'Kelly', 'mkellyz@chronoengine.com', TO_TIMESTAMP('1991-08-09 22:17:53', 'YYYY-MM-DD HH24:MI:SS'), TO_TIMESTAMP('2015-08-29 16:55:50', 'YYYY-MM-DD HH24:MI:SS'));
insert into USERS (USER_ID, F_NAME, L_NAME, EMAIL, BIRTH, LAST_LOGIN) values (37, 'John', 'Gonzales', 'jgonzales10@eventbrite.com', TO_TIMESTAMP('1997-03-14 18:58:15', 'YYYY-MM-DD HH24:MI:SS'), TO_TIMESTAMP('2015-09-26 09:23:37', 'YYYY-MM-DD HH24:MI:SS'));
insert into USERS (USER_ID, F_NAME, L_NAME, EMAIL, BIRTH, LAST_LOGIN) values (38, 'Julia', 'Washington', 'jwashington11@cnet.com', TO_TIMESTAMP('1998-06-26 12:28:56', 'YYYY-MM-DD HH24:MI:SS'), TO_TIMESTAMP('2016-02-13 03:09:37', 'YYYY-MM-DD HH24:MI:SS'));
insert into USERS (USER_ID, F_NAME, L_NAME, EMAIL, BIRTH, LAST_LOGIN) values (39, 'Kenneth', 'Miller', 'kmiller12@exblog.jp', TO_TIMESTAMP('1990-11-09 00:51:22', 'YYYY-MM-DD HH24:MI:SS'), TO_TIMESTAMP('2015-10-06 13:18:53', 'YYYY-MM-DD HH24:MI:SS'));
insert into USERS (USER_ID, F_NAME, L_NAME, EMAIL, BIRTH, LAST_LOGIN) values (40, 'Daniel', 'Stevens', 'dstevens13@acquirethisname.com', TO_TIMESTAMP('1997-09-24 20:52:48', 'YYYY-MM-DD HH24:MI:SS'), TO_TIMESTAMP('2016-02-07 21:34:14', 'YYYY-MM-DD HH24:MI:SS'));
insert into USERS (USER_ID, F_NAME, L_NAME, EMAIL, BIRTH, LAST_LOGIN) values (41, 'Patrick', 'Lawrence', 'plawrence14@angelfire.com', TO_TIMESTAMP('1994-10-29 07:19:22', 'YYYY-MM-DD HH24:MI:SS'), TO_TIMESTAMP('2015-04-18 18:50:49', 'YYYY-MM-DD HH24:MI:SS'));
insert into USERS (USER_ID, F_NAME, L_NAME, EMAIL, BIRTH, LAST_LOGIN) values (42, 'Donald', 'Hughes', 'dhughes15@fema.gov', TO_TIMESTAMP('1986-05-09 22:51:17', 'YYYY-MM-DD HH24:MI:SS'), TO_TIMESTAMP('2015-07-22 08:43:55', 'YYYY-MM-DD HH24:MI:SS'));
insert into USERS (USER_ID, F_NAME, L_NAME, EMAIL, BIRTH, LAST_LOGIN) values (43, 'Emily', 'Hicks', 'ehicks16@pen.io', TO_TIMESTAMP('1992-10-03 18:50:11', 'YYYY-MM-DD HH24:MI:SS'), TO_TIMESTAMP('2015-06-30 12:41:16', 'YYYY-MM-DD HH24:MI:SS'));
insert into USERS (USER_ID, F_NAME, L_NAME, EMAIL, BIRTH, LAST_LOGIN) values (44, 'Laura', 'Little', 'llittle17@cbsnews.com', TO_TIMESTAMP('1993-07-21 04:34:05', 'YYYY-MM-DD HH24:MI:SS'), TO_TIMESTAMP('2015-04-21 13:12:40', 'YYYY-MM-DD HH24:MI:SS'));
insert into USERS (USER_ID, F_NAME, L_NAME, EMAIL, BIRTH, LAST_LOGIN) values (45, 'Thomas', 'Hudson', 'thudson18@census.gov', TO_TIMESTAMP('1994-10-26 11:30:00', 'YYYY-MM-DD HH24:MI:SS'), TO_TIMESTAMP('2016-01-01 15:00:50', 'YYYY-MM-DD HH24:MI:SS'));
insert into USERS (USER_ID, F_NAME, L_NAME, EMAIL, BIRTH, LAST_LOGIN) values (46, 'Shawn', 'Gonzales', 'sgonzales19@qq.com', TO_TIMESTAMP('1980-03-27 02:16:26', 'YYYY-MM-DD HH24:MI:SS'), TO_TIMESTAMP('2015-09-15 00:48:57', 'YYYY-MM-DD HH24:MI:SS'));
insert into USERS (USER_ID, F_NAME, L_NAME, EMAIL, BIRTH, LAST_LOGIN) values (47, 'Mary', 'Carpenter', 'mcarpenter1a@un.org', TO_TIMESTAMP('1984-06-28 23:15:41', 'YYYY-MM-DD HH24:MI:SS'), TO_TIMESTAMP('2016-02-02 00:41:04', 'YYYY-MM-DD HH24:MI:SS'));
insert into USERS (USER_ID, F_NAME, L_NAME, EMAIL, BIRTH, LAST_LOGIN) values (48, 'Marilyn', 'Brooks', 'mbrooks1b@sfgate.com', TO_TIMESTAMP('1987-02-08 11:41:46', 'YYYY-MM-DD HH24:MI:SS'), TO_TIMESTAMP('2015-07-16 20:15:29', 'YYYY-MM-DD HH24:MI:SS'));
insert into USERS (USER_ID, F_NAME, L_NAME, EMAIL, BIRTH, LAST_LOGIN) values (49, 'Kelly', 'Carr', 'kcarr1c@ezinearticles.com', TO_TIMESTAMP('1988-05-01 17:04:12', 'YYYY-MM-DD HH24:MI:SS'), TO_TIMESTAMP('2016-01-14 07:22:46', 'YYYY-MM-DD HH24:MI:SS'));
insert into USERS (USER_ID, F_NAME, L_NAME, EMAIL, BIRTH, LAST_LOGIN) values (50, 'Richard', 'Burns', 'rburns1d@woothemes.com', TO_TIMESTAMP('1985-05-17 10:51:37', 'YYYY-MM-DD HH24:MI:SS'), TO_TIMESTAMP('2015-08-03 20:05:14', 'YYYY-MM-DD HH24:MI:SS'));
insert into USERS (USER_ID, F_NAME, L_NAME, EMAIL, BIRTH, LAST_LOGIN) values (51, 'Randy', 'Nichols', 'rnichols1e@twitpic.com', TO_TIMESTAMP('1999-06-21 15:59:15', 'YYYY-MM-DD HH24:MI:SS'), TO_TIMESTAMP('2016-03-26 19:38:18', 'YYYY-MM-DD HH24:MI:SS'));
insert into USERS (USER_ID, F_NAME, L_NAME, EMAIL, BIRTH, LAST_LOGIN) values (52, 'Carlos', 'Ray', 'cray1f@google.cn', TO_TIMESTAMP('1987-06-01 05:42:00', 'YYYY-MM-DD HH24:MI:SS'), TO_TIMESTAMP('2015-12-17 12:33:10', 'YYYY-MM-DD HH24:MI:SS'));
insert into USERS (USER_ID, F_NAME, L_NAME, EMAIL, BIRTH, LAST_LOGIN) values (53, 'Gloria', 'Armstrong', 'garmstrong1g@senate.gov', TO_TIMESTAMP('1986-12-13 19:46:29', 'YYYY-MM-DD HH24:MI:SS'), TO_TIMESTAMP('2015-10-06 17:25:20', 'YYYY-MM-DD HH24:MI:SS'));
insert into USERS (USER_ID, F_NAME, L_NAME, EMAIL, BIRTH, LAST_LOGIN) values (54, 'Willie', 'Lawson', 'wlawson1h@time.com', TO_TIMESTAMP('1980-09-01 19:37:15', 'YYYY-MM-DD HH24:MI:SS'), TO_TIMESTAMP('2015-12-29 22:47:25', 'YYYY-MM-DD HH24:MI:SS'));
insert into USERS (USER_ID, F_NAME, L_NAME, EMAIL, BIRTH, LAST_LOGIN) values (55, 'Jason', 'Rose', 'jrose1i@google.com.br', TO_TIMESTAMP('1983-04-23 17:03:25', 'YYYY-MM-DD HH24:MI:SS'), TO_TIMESTAMP('2015-09-03 18:42:02', 'YYYY-MM-DD HH24:MI:SS'));
insert into USERS (USER_ID, F_NAME, L_NAME, EMAIL, BIRTH, LAST_LOGIN) values (56, 'Roy', 'Kennedy', 'rkennedy1j@merriam-webster.com', TO_TIMESTAMP('1980-05-09 22:47:31', 'YYYY-MM-DD HH24:MI:SS'), TO_TIMESTAMP('2015-11-29 01:58:33', 'YYYY-MM-DD HH24:MI:SS'));
insert into USERS (USER_ID, F_NAME, L_NAME, EMAIL, BIRTH, LAST_LOGIN) values (57, 'Roger', 'Mendoza', 'rmendoza1k@sakura.ne.jp', TO_TIMESTAMP('1997-08-31 20:21:27', 'YYYY-MM-DD HH24:MI:SS'), TO_TIMESTAMP('2016-03-27 09:10:42', 'YYYY-MM-DD HH24:MI:SS'));
insert into USERS (USER_ID, F_NAME, L_NAME, EMAIL, BIRTH, LAST_LOGIN) values (58, 'Cheryl', 'Hernandez', 'chernandez1l@cbsnews.com', TO_TIMESTAMP('1983-07-25 10:20:04', 'YYYY-MM-DD HH24:MI:SS'), TO_TIMESTAMP('2015-05-06 15:49:42', 'YYYY-MM-DD HH24:MI:SS'));
insert into USERS (USER_ID, F_NAME, L_NAME, EMAIL, BIRTH, LAST_LOGIN) values (59, 'Ruby', 'Jones', 'rjones1m@oakley.com', TO_TIMESTAMP('1997-01-16 13:00:15', 'YYYY-MM-DD HH24:MI:SS'), TO_TIMESTAMP('2016-02-08 21:22:27', 'YYYY-MM-DD HH24:MI:SS'));
insert into USERS (USER_ID, F_NAME, L_NAME, EMAIL, BIRTH, LAST_LOGIN) values (60, 'Melissa', 'Black', 'mblack1n@live.com', TO_TIMESTAMP('1988-05-20 20:26:08', 'YYYY-MM-DD HH24:MI:SS'), TO_TIMESTAMP('2015-10-01 01:38:17', 'YYYY-MM-DD HH24:MI:SS'));
insert into USERS (USER_ID, F_NAME, L_NAME, EMAIL, BIRTH, LAST_LOGIN) values (61, 'Sean', 'Matthews', 'smatthews1o@ask.com', TO_TIMESTAMP('1980-02-24 09:51:55', 'YYYY-MM-DD HH24:MI:SS'), TO_TIMESTAMP('2015-11-26 15:59:42', 'YYYY-MM-DD HH24:MI:SS'));
insert into USERS (USER_ID, F_NAME, L_NAME, EMAIL, BIRTH, LAST_LOGIN) values (62, 'Steven', 'Rivera', 'srivera1p@nasa.gov', TO_TIMESTAMP('1983-06-15 01:18:19', 'YYYY-MM-DD HH24:MI:SS'), TO_TIMESTAMP('2015-04-20 07:01:38', 'YYYY-MM-DD HH24:MI:SS'));
insert into USERS (USER_ID, F_NAME, L_NAME, EMAIL, BIRTH, LAST_LOGIN) values (63, 'Scott', 'Crawford', 'scrawford1q@webs.com', TO_TIMESTAMP('1980-02-13 20:34:26', 'YYYY-MM-DD HH24:MI:SS'), TO_TIMESTAMP('2016-01-08 20:39:30', 'YYYY-MM-DD HH24:MI:SS'));
insert into USERS (USER_ID, F_NAME, L_NAME, EMAIL, BIRTH, LAST_LOGIN) values (64, 'James', 'Davis', 'jdavis1r@vimeo.com', TO_TIMESTAMP('1987-08-02 14:41:01', 'YYYY-MM-DD HH24:MI:SS'), TO_TIMESTAMP('2016-01-11 03:06:00', 'YYYY-MM-DD HH24:MI:SS'));
insert into USERS (USER_ID, F_NAME, L_NAME, EMAIL, BIRTH, LAST_LOGIN) values (65, 'Dennis', 'Gutierrez', 'dgutierrez1s@creativecommons.org', TO_TIMESTAMP('1980-09-15 06:11:51', 'YYYY-MM-DD HH24:MI:SS'), TO_TIMESTAMP('2015-12-12 02:06:11', 'YYYY-MM-DD HH24:MI:SS'));
insert into USERS (USER_ID, F_NAME, L_NAME, EMAIL, BIRTH, LAST_LOGIN) values (66, 'Brandon', 'Pierce', 'bpierce1t@goo.ne.jp', TO_TIMESTAMP('1988-07-28 23:02:22', 'YYYY-MM-DD HH24:MI:SS'), TO_TIMESTAMP('2016-03-23 07:42:41', 'YYYY-MM-DD HH24:MI:SS'));
insert into USERS (USER_ID, F_NAME, L_NAME, EMAIL, BIRTH, LAST_LOGIN) values (67, 'Annie', 'Bishop', 'abishop1u@newyorker.com', TO_TIMESTAMP('2000-01-05 06:01:18', 'YYYY-MM-DD HH24:MI:SS'), TO_TIMESTAMP('2015-05-26 00:25:49', 'YYYY-MM-DD HH24:MI:SS'));
insert into USERS (USER_ID, F_NAME, L_NAME, EMAIL, BIRTH, LAST_LOGIN) values (68, 'Christina', 'Hawkins', 'chawkins1v@free.fr', TO_TIMESTAMP('1997-10-24 11:01:31', 'YYYY-MM-DD HH24:MI:SS'), TO_TIMESTAMP('2016-02-22 13:17:40', 'YYYY-MM-DD HH24:MI:SS'));
insert into USERS (USER_ID, F_NAME, L_NAME, EMAIL, BIRTH, LAST_LOGIN) values (69, 'Paul', 'Ward', 'pward1w@phoca.cz', TO_TIMESTAMP('1994-09-01 15:54:43', 'YYYY-MM-DD HH24:MI:SS'), TO_TIMESTAMP('2015-08-27 20:36:46', 'YYYY-MM-DD HH24:MI:SS'));
insert into USERS (USER_ID, F_NAME, L_NAME, EMAIL, BIRTH, LAST_LOGIN) values (70, 'Jonathan', 'Oliver', 'joliver1x@virginia.edu', TO_TIMESTAMP('1995-04-05 01:23:20', 'YYYY-MM-DD HH24:MI:SS'), TO_TIMESTAMP('2015-05-09 01:21:41', 'YYYY-MM-DD HH24:MI:SS'));
insert into USERS (USER_ID, F_NAME, L_NAME, EMAIL, BIRTH, LAST_LOGIN) values (71, 'Jason', 'Sanders', 'jsanders1y@privacy.gov.au', TO_TIMESTAMP('1984-03-25 06:04:10', 'YYYY-MM-DD HH24:MI:SS'), TO_TIMESTAMP('2016-02-09 00:12:47', 'YYYY-MM-DD HH24:MI:SS'));
insert into USERS (USER_ID, F_NAME, L_NAME, EMAIL, BIRTH, LAST_LOGIN) values (72, 'Gary', 'Stone', 'gstone1z@house.gov', TO_TIMESTAMP('1984-06-25 07:42:32', 'YYYY-MM-DD HH24:MI:SS'), TO_TIMESTAMP('2016-01-21 19:47:31', 'YYYY-MM-DD HH24:MI:SS'));
insert into USERS (USER_ID, F_NAME, L_NAME, EMAIL, BIRTH, LAST_LOGIN) values (73, 'Paula', 'Austin', 'paustin20@nydailynews.com', TO_TIMESTAMP('1981-06-16 11:55:33', 'YYYY-MM-DD HH24:MI:SS'), TO_TIMESTAMP('2016-02-01 12:55:00', 'YYYY-MM-DD HH24:MI:SS'));
insert into USERS (USER_ID, F_NAME, L_NAME, EMAIL, BIRTH, LAST_LOGIN) values (74, 'Carolyn', 'Garza', 'cgarza21@sakura.ne.jp', TO_TIMESTAMP('1984-10-08 14:48:08', 'YYYY-MM-DD HH24:MI:SS'), TO_TIMESTAMP('2015-06-28 02:49:14', 'YYYY-MM-DD HH24:MI:SS'));
insert into USERS (USER_ID, F_NAME, L_NAME, EMAIL, BIRTH, LAST_LOGIN) values (75, 'Phillip', 'Kim', 'pkim22@businessweek.com', TO_TIMESTAMP('1994-02-01 21:23:01', 'YYYY-MM-DD HH24:MI:SS'), TO_TIMESTAMP('2015-10-14 09:58:52', 'YYYY-MM-DD HH24:MI:SS'));
insert into USERS (USER_ID, F_NAME, L_NAME, EMAIL, BIRTH, LAST_LOGIN) values (76, 'Peter', 'Perez', 'pperez23@about.com', TO_TIMESTAMP('1981-10-20 19:13:26', 'YYYY-MM-DD HH24:MI:SS'), TO_TIMESTAMP('2015-10-01 06:53:10', 'YYYY-MM-DD HH24:MI:SS'));
insert into USERS (USER_ID, F_NAME, L_NAME, EMAIL, BIRTH, LAST_LOGIN) values (77, 'Martha', 'Wallace', 'mwallace24@howstuffworks.com', TO_TIMESTAMP('1989-04-01 22:50:59', 'YYYY-MM-DD HH24:MI:SS'), TO_TIMESTAMP('2015-06-06 03:57:23', 'YYYY-MM-DD HH24:MI:SS'));
insert into USERS (USER_ID, F_NAME, L_NAME, EMAIL, BIRTH, LAST_LOGIN) values (78, 'Clarence', 'Parker', 'cparker25@webnode.com', TO_TIMESTAMP('1985-09-20 17:17:27', 'YYYY-MM-DD HH24:MI:SS'), TO_TIMESTAMP('2015-09-26 16:33:39', 'YYYY-MM-DD HH24:MI:SS'));
insert into USERS (USER_ID, F_NAME, L_NAME, EMAIL, BIRTH, LAST_LOGIN) values (79, 'Donald', 'Patterson', 'dpatterson26@smh.com.au', TO_TIMESTAMP('1980-08-15 01:40:54', 'YYYY-MM-DD HH24:MI:SS'), TO_TIMESTAMP('2015-10-08 16:06:26', 'YYYY-MM-DD HH24:MI:SS'));
insert into USERS (USER_ID, F_NAME, L_NAME, EMAIL, BIRTH, LAST_LOGIN) values (80, 'Kathryn', 'Roberts', 'kroberts27@edublogs.org', TO_TIMESTAMP('1986-05-04 16:32:23', 'YYYY-MM-DD HH24:MI:SS'), TO_TIMESTAMP('2015-09-11 16:42:49', 'YYYY-MM-DD HH24:MI:SS'));
insert into USERS (USER_ID, F_NAME, L_NAME, EMAIL, BIRTH, LAST_LOGIN) values (81, 'Andrea', 'West', 'awest28@deviantart.com', TO_TIMESTAMP('1991-01-30 14:45:44', 'YYYY-MM-DD HH24:MI:SS'), TO_TIMESTAMP('2015-09-12 17:10:12', 'YYYY-MM-DD HH24:MI:SS'));
insert into USERS (USER_ID, F_NAME, L_NAME, EMAIL, BIRTH, LAST_LOGIN) values (82, 'Rebecca', 'Reynolds', 'rreynolds29@ox.ac.uk', TO_TIMESTAMP('1999-02-18 15:02:19', 'YYYY-MM-DD HH24:MI:SS'), TO_TIMESTAMP('2015-06-15 02:50:02', 'YYYY-MM-DD HH24:MI:SS'));
insert into USERS (USER_ID, F_NAME, L_NAME, EMAIL, BIRTH, LAST_LOGIN) values (83, 'Doris', 'Morales', 'dmorales2a@moonfruit.com', TO_TIMESTAMP('1991-11-17 19:33:29', 'YYYY-MM-DD HH24:MI:SS'), TO_TIMESTAMP('2015-04-19 18:49:29', 'YYYY-MM-DD HH24:MI:SS'));
insert into USERS (USER_ID, F_NAME, L_NAME, EMAIL, BIRTH, LAST_LOGIN) values (84, 'Shawn', 'Kelley', 'skelley2b@dion.ne.jp', TO_TIMESTAMP('2000-08-06 03:00:33', 'YYYY-MM-DD HH24:MI:SS'), TO_TIMESTAMP('2015-12-07 09:32:21', 'YYYY-MM-DD HH24:MI:SS'));
insert into USERS (USER_ID, F_NAME, L_NAME, EMAIL, BIRTH, LAST_LOGIN) values (85, 'Juan', 'Reid', 'jreid2c@google.ru', TO_TIMESTAMP('1986-11-21 14:15:12', 'YYYY-MM-DD HH24:MI:SS'), TO_TIMESTAMP('2015-08-02 18:32:00', 'YYYY-MM-DD HH24:MI:SS'));
insert into USERS (USER_ID, F_NAME, L_NAME, EMAIL, BIRTH, LAST_LOGIN) values (86, 'Doris', 'Mccoy', 'dmccoy2d@house.gov', TO_TIMESTAMP('1991-08-09 15:58:28', 'YYYY-MM-DD HH24:MI:SS'), TO_TIMESTAMP('2015-06-15 04:24:31', 'YYYY-MM-DD HH24:MI:SS'));
insert into USERS (USER_ID, F_NAME, L_NAME, EMAIL, BIRTH, LAST_LOGIN) values (87, 'Joseph', 'Wood', 'jwood2e@sun.com', TO_TIMESTAMP('1991-07-26 12:29:04', 'YYYY-MM-DD HH24:MI:SS'), TO_TIMESTAMP('2016-01-18 22:12:10', 'YYYY-MM-DD HH24:MI:SS'));
insert into USERS (USER_ID, F_NAME, L_NAME, EMAIL, BIRTH, LAST_LOGIN) values (88, 'Amy', 'James', 'ajames2f@wufoo.com', TO_TIMESTAMP('1994-12-29 21:59:52', 'YYYY-MM-DD HH24:MI:SS'), TO_TIMESTAMP('2016-03-11 13:31:51', 'YYYY-MM-DD HH24:MI:SS'));
insert into USERS (USER_ID, F_NAME, L_NAME, EMAIL, BIRTH, LAST_LOGIN) values (89, 'Peter', 'Romero', 'promero2g@exblog.jp', TO_TIMESTAMP('1980-01-28 15:13:04', 'YYYY-MM-DD HH24:MI:SS'), TO_TIMESTAMP('2015-10-30 06:34:17', 'YYYY-MM-DD HH24:MI:SS'));
insert into USERS (USER_ID, F_NAME, L_NAME, EMAIL, BIRTH, LAST_LOGIN) values (90, 'Lisa', 'Marshall', 'lmarshall2h@google.com.hk', TO_TIMESTAMP('1985-03-21 21:46:42', 'YYYY-MM-DD HH24:MI:SS'), TO_TIMESTAMP('2016-02-10 16:08:18', 'YYYY-MM-DD HH24:MI:SS'));
insert into USERS (USER_ID, F_NAME, L_NAME, EMAIL, BIRTH, LAST_LOGIN) values (91, 'Eugene', 'Porter', 'eporter2i@arizona.edu', TO_TIMESTAMP('1984-10-22 14:27:58', 'YYYY-MM-DD HH24:MI:SS'), TO_TIMESTAMP('2015-05-20 20:20:43', 'YYYY-MM-DD HH24:MI:SS'));
insert into USERS (USER_ID, F_NAME, L_NAME, EMAIL, BIRTH, LAST_LOGIN) values (92, 'Catherine', 'Barnes', 'cbarnes2j@boston.com', TO_TIMESTAMP('1980-06-15 05:30:32', 'YYYY-MM-DD HH24:MI:SS'), TO_TIMESTAMP('2015-09-25 12:02:04', 'YYYY-MM-DD HH24:MI:SS'));
insert into USERS (USER_ID, F_NAME, L_NAME, EMAIL, BIRTH, LAST_LOGIN) values (93, 'Kimberly', 'Roberts', 'kroberts2k@reuters.com', TO_TIMESTAMP('1986-08-20 21:19:17', 'YYYY-MM-DD HH24:MI:SS'), TO_TIMESTAMP('2015-08-17 20:40:58', 'YYYY-MM-DD HH24:MI:SS'));
insert into USERS (USER_ID, F_NAME, L_NAME, EMAIL, BIRTH, LAST_LOGIN) values (94, 'Daniel', 'Mccoy', 'dmccoy2l@lycos.com', TO_TIMESTAMP('1986-04-01 02:42:16', 'YYYY-MM-DD HH24:MI:SS'), TO_TIMESTAMP('2015-06-18 21:01:24', 'YYYY-MM-DD HH24:MI:SS'));
insert into USERS (USER_ID, F_NAME, L_NAME, EMAIL, BIRTH, LAST_LOGIN) values (95, 'Diana', 'Weaver', 'dweaver2m@cdbaby.com', TO_TIMESTAMP('1984-09-10 04:49:39', 'YYYY-MM-DD HH24:MI:SS'), TO_TIMESTAMP('2015-08-18 15:21:48', 'YYYY-MM-DD HH24:MI:SS'));
insert into USERS (USER_ID, F_NAME, L_NAME, EMAIL, BIRTH, LAST_LOGIN) values (96, 'Judy', 'Welch', 'jwelch2n@examiner.com', TO_TIMESTAMP('1990-02-22 19:56:48', 'YYYY-MM-DD HH24:MI:SS'), TO_TIMESTAMP('2015-09-25 00:15:45', 'YYYY-MM-DD HH24:MI:SS'));
insert into USERS (USER_ID, F_NAME, L_NAME, EMAIL, BIRTH, LAST_LOGIN) values (97, 'Jose', 'Gonzales', 'jgonzales2o@illinois.edu', TO_TIMESTAMP('1991-06-20 04:25:05', 'YYYY-MM-DD HH24:MI:SS'), TO_TIMESTAMP('2015-08-01 10:08:27', 'YYYY-MM-DD HH24:MI:SS'));
insert into USERS (USER_ID, F_NAME, L_NAME, EMAIL, BIRTH, LAST_LOGIN) values (98, 'Justin', 'Young', 'jyoung2p@cdbaby.com', TO_TIMESTAMP('1994-06-16 05:30:32', 'YYYY-MM-DD HH24:MI:SS'), TO_TIMESTAMP('2015-09-18 11:29:53', 'YYYY-MM-DD HH24:MI:SS'));
insert into USERS (USER_ID, F_NAME, L_NAME, EMAIL, BIRTH, LAST_LOGIN) values (99, 'Lois', 'Perez', 'lperez2q@globo.com', TO_TIMESTAMP('1991-07-27 22:12:53', 'YYYY-MM-DD HH24:MI:SS'), TO_TIMESTAMP('2015-04-20 10:55:39', 'YYYY-MM-DD HH24:MI:SS'));
insert into USERS (USER_ID, F_NAME, L_NAME, EMAIL, BIRTH, LAST_LOGIN) values (100, 'Kathryn', 'Little', 'klittle2r@printfriendly.com', TO_TIMESTAMP('1984-08-25 01:26:22', 'YYYY-MM-DD HH24:MI:SS'), TO_TIMESTAMP('2015-05-13 20:28:39', 'YYYY-MM-DD HH24:MI:SS'));
insert into USERS (USER_ID, F_NAME, L_NAME, EMAIL, BIRTH, LAST_LOGIN) values (101, 'Denise', 'Washington', 'dwashington0@over-blog.com', TO_TIMESTAMP('1996-07-20 00:33:21', 'YYYY-MM-DD HH24:MI:SS'), TO_TIMESTAMP('2015-06-18 12:43:53', 'YYYY-MM-DD HH24:MI:SS'));
insert into USERS (USER_ID, F_NAME, L_NAME, EMAIL, BIRTH, LAST_LOGIN) values (102, 'Norma', 'Reid', 'nreid1@oakley.com', TO_TIMESTAMP('1998-04-08 18:00:56', 'YYYY-MM-DD HH24:MI:SS'), TO_TIMESTAMP('2015-08-02 11:17:34', 'YYYY-MM-DD HH24:MI:SS'));
insert into USERS (USER_ID, F_NAME, L_NAME, EMAIL, BIRTH, LAST_LOGIN) values (103, 'Stephanie', 'Baker', 'sbaker2@vk.com', TO_TIMESTAMP('1998-07-22 03:12:48', 'YYYY-MM-DD HH24:MI:SS'), TO_TIMESTAMP('2016-02-10 11:18:20', 'YYYY-MM-DD HH24:MI:SS'));
insert into USERS (USER_ID, F_NAME, L_NAME, EMAIL, BIRTH, LAST_LOGIN) values (104, 'Henry', 'Dunn', 'hdunn3@domainmarket.com', TO_TIMESTAMP('1990-06-28 05:23:36', 'YYYY-MM-DD HH24:MI:SS'), TO_TIMESTAMP('2015-05-29 16:32:12', 'YYYY-MM-DD HH24:MI:SS'));
insert into USERS (USER_ID, F_NAME, L_NAME, EMAIL, BIRTH, LAST_LOGIN) values (105, 'Charles', 'Little', 'clittle4@nba.com', TO_TIMESTAMP('1994-08-26 02:52:55', 'YYYY-MM-DD HH24:MI:SS'), TO_TIMESTAMP('2015-07-17 23:42:21', 'YYYY-MM-DD HH24:MI:SS'));
insert into USERS (USER_ID, F_NAME, L_NAME, EMAIL, BIRTH, LAST_LOGIN) values (106, 'Christina', 'King', 'cking5@t-online.de', TO_TIMESTAMP('1999-09-18 05:36:17', 'YYYY-MM-DD HH24:MI:SS'), TO_TIMESTAMP('2015-12-16 23:17:24', 'YYYY-MM-DD HH24:MI:SS'));
insert into USERS (USER_ID, F_NAME, L_NAME, EMAIL, BIRTH, LAST_LOGIN) values (107, 'Joe', 'Thomas', 'jthomas6@sciencedirect.com', TO_TIMESTAMP('1995-09-27 21:11:16', 'YYYY-MM-DD HH24:MI:SS'), TO_TIMESTAMP('2015-09-29 15:26:28', 'YYYY-MM-DD HH24:MI:SS'));
insert into USERS (USER_ID, F_NAME, L_NAME, EMAIL, BIRTH, LAST_LOGIN) values (108, 'Diane', 'Harrison', 'dharrison7@gov.uk', TO_TIMESTAMP('1994-11-27 19:23:07', 'YYYY-MM-DD HH24:MI:SS'), TO_TIMESTAMP('2015-11-05 12:26:27', 'YYYY-MM-DD HH24:MI:SS'));
insert into USERS (USER_ID, F_NAME, L_NAME, EMAIL, BIRTH, LAST_LOGIN) values (109, 'Lillian', 'Henry', 'lhenry8@shinystat.com', TO_TIMESTAMP('1989-06-04 22:20:51', 'YYYY-MM-DD HH24:MI:SS'), TO_TIMESTAMP('2015-12-27 02:01:06', 'YYYY-MM-DD HH24:MI:SS'));
insert into USERS (USER_ID, F_NAME, L_NAME, EMAIL, BIRTH, LAST_LOGIN) values (110, 'Rachel', 'Marshall', 'rmarshall9@dmoz.org', TO_TIMESTAMP('1995-11-21 01:20:03', 'YYYY-MM-DD HH24:MI:SS'), TO_TIMESTAMP('2015-10-15 11:46:32', 'YYYY-MM-DD HH24:MI:SS'));
insert into USERS (USER_ID, F_NAME, L_NAME, EMAIL, BIRTH, LAST_LOGIN) values (111, 'Frances', 'Morris', 'fmorrisa@dropbox.com', TO_TIMESTAMP('1983-03-17 23:00:40', 'YYYY-MM-DD HH24:MI:SS'), TO_TIMESTAMP('2016-03-22 15:27:40', 'YYYY-MM-DD HH24:MI:SS'));
insert into USERS (USER_ID, F_NAME, L_NAME, EMAIL, BIRTH, LAST_LOGIN) values (112, 'Russell', 'Nguyen', 'rnguyenb@yellowpages.com', TO_TIMESTAMP('1989-09-05 17:46:58', 'YYYY-MM-DD HH24:MI:SS'), TO_TIMESTAMP('2015-12-22 12:16:12', 'YYYY-MM-DD HH24:MI:SS'));
insert into USERS (USER_ID, F_NAME, L_NAME, EMAIL, BIRTH, LAST_LOGIN) values (113, 'Joseph', 'Rivera', 'jriverac@wordpress.org', TO_TIMESTAMP('1993-06-30 08:49:32', 'YYYY-MM-DD HH24:MI:SS'), TO_TIMESTAMP('2015-09-28 20:43:46', 'YYYY-MM-DD HH24:MI:SS'));
insert into USERS (USER_ID, F_NAME, L_NAME, EMAIL, BIRTH, LAST_LOGIN) values (114, 'Peter', 'Peterson', 'ppetersond@dyndns.org', TO_TIMESTAMP('1982-04-23 23:45:00', 'YYYY-MM-DD HH24:MI:SS'), TO_TIMESTAMP('2016-02-05 03:09:20', 'YYYY-MM-DD HH24:MI:SS'));
insert into USERS (USER_ID, F_NAME, L_NAME, EMAIL, BIRTH, LAST_LOGIN) values (115, 'Dennis', 'Hansen', 'dhansene@ning.com', TO_TIMESTAMP('1993-01-10 07:56:47', 'YYYY-MM-DD HH24:MI:SS'), TO_TIMESTAMP('2015-09-30 21:04:38', 'YYYY-MM-DD HH24:MI:SS'));
insert into USERS (USER_ID, F_NAME, L_NAME, EMAIL, BIRTH, LAST_LOGIN) values (116, 'Philip', 'Cook', 'pcookf@flavors.me', TO_TIMESTAMP('1992-05-10 20:30:40', 'YYYY-MM-DD HH24:MI:SS'), TO_TIMESTAMP('2015-05-04 23:37:55', 'YYYY-MM-DD HH24:MI:SS'));
insert into USERS (USER_ID, F_NAME, L_NAME, EMAIL, BIRTH, LAST_LOGIN) values (117, 'Brian', 'Turner', 'bturnerg@spiegel.de', TO_TIMESTAMP('1987-05-18 08:37:49', 'YYYY-MM-DD HH24:MI:SS'), TO_TIMESTAMP('2016-02-08 05:40:06', 'YYYY-MM-DD HH24:MI:SS'));
insert into USERS (USER_ID, F_NAME, L_NAME, EMAIL, BIRTH, LAST_LOGIN) values (118, 'Terry', 'Carpenter', 'tcarpenterh@cdc.gov', TO_TIMESTAMP('1983-07-09 19:21:20', 'YYYY-MM-DD HH24:MI:SS'), TO_TIMESTAMP('2016-01-09 06:43:26', 'YYYY-MM-DD HH24:MI:SS'));
insert into USERS (USER_ID, F_NAME, L_NAME, EMAIL, BIRTH, LAST_LOGIN) values (119, 'Eric', 'Coleman', 'ecolemani@eepurl.com', TO_TIMESTAMP('1989-04-29 16:18:54', 'YYYY-MM-DD HH24:MI:SS'), TO_TIMESTAMP('2016-02-27 11:10:09', 'YYYY-MM-DD HH24:MI:SS'));
insert into USERS (USER_ID, F_NAME, L_NAME, EMAIL, BIRTH, LAST_LOGIN) values (120, 'Linda', 'Jones', 'ljonesj@elpais.com', TO_TIMESTAMP('1994-02-28 20:12:48', 'YYYY-MM-DD HH24:MI:SS'), TO_TIMESTAMP('2015-12-10 08:13:58', 'YYYY-MM-DD HH24:MI:SS'));
insert into USERS (USER_ID, F_NAME, L_NAME, EMAIL, BIRTH, LAST_LOGIN) values (121, 'Michael', 'Perez', 'mperezk@phoca.cz', TO_TIMESTAMP('1992-12-12 23:53:09', 'YYYY-MM-DD HH24:MI:SS'), TO_TIMESTAMP('2016-01-04 19:31:23', 'YYYY-MM-DD HH24:MI:SS'));
insert into USERS (USER_ID, F_NAME, L_NAME, EMAIL, BIRTH, LAST_LOGIN) values (122, 'Clarence', 'Pierce', 'cpiercel@umich.edu', TO_TIMESTAMP('1992-08-07 19:52:14', 'YYYY-MM-DD HH24:MI:SS'), TO_TIMESTAMP('2016-01-30 03:03:20', 'YYYY-MM-DD HH24:MI:SS'));
insert into USERS (USER_ID, F_NAME, L_NAME, EMAIL, BIRTH, LAST_LOGIN) values (123, 'Edward', 'Harrison', 'eharrisonm@vkontakte.ru', TO_TIMESTAMP('2000-04-09 03:01:55', 'YYYY-MM-DD HH24:MI:SS'), TO_TIMESTAMP('2016-01-13 22:46:52', 'YYYY-MM-DD HH24:MI:SS'));
insert into USERS (USER_ID, F_NAME, L_NAME, EMAIL, BIRTH, LAST_LOGIN) values (124, 'Julie', 'Sanchez', 'jsanchezn@salon.com', TO_TIMESTAMP('1983-11-19 16:19:00', 'YYYY-MM-DD HH24:MI:SS'), TO_TIMESTAMP('2015-12-06 03:39:34', 'YYYY-MM-DD HH24:MI:SS'));
insert into USERS (USER_ID, F_NAME, L_NAME, EMAIL, BIRTH, LAST_LOGIN) values (125, 'Harry', 'Bennett', 'hbennetto@phpbb.com', TO_TIMESTAMP('1988-09-08 14:47:56', 'YYYY-MM-DD HH24:MI:SS'), TO_TIMESTAMP('2016-03-13 17:51:38', 'YYYY-MM-DD HH24:MI:SS'));
insert into USERS (USER_ID, F_NAME, L_NAME, EMAIL, BIRTH, LAST_LOGIN) values (126, 'Paul', 'Harper', 'pharperp@state.tx.us', TO_TIMESTAMP('1988-01-27 19:53:34', 'YYYY-MM-DD HH24:MI:SS'), TO_TIMESTAMP('2015-07-19 12:04:49', 'YYYY-MM-DD HH24:MI:SS'));
insert into USERS (USER_ID, F_NAME, L_NAME, EMAIL, BIRTH, LAST_LOGIN) values (127, 'Wanda', 'Ford', 'wfordq@about.me', TO_TIMESTAMP('1989-09-14 15:25:07', 'YYYY-MM-DD HH24:MI:SS'), TO_TIMESTAMP('2015-11-20 00:01:33', 'YYYY-MM-DD HH24:MI:SS'));
insert into USERS (USER_ID, F_NAME, L_NAME, EMAIL, BIRTH, LAST_LOGIN) values (128, 'Bobby', 'Jones', 'bjonesr@loc.gov', TO_TIMESTAMP('1983-02-20 10:41:30', 'YYYY-MM-DD HH24:MI:SS'), TO_TIMESTAMP('2015-06-24 05:33:08', 'YYYY-MM-DD HH24:MI:SS'));
insert into USERS (USER_ID, F_NAME, L_NAME, EMAIL, BIRTH, LAST_LOGIN) values (129, 'Donald', 'Ellis', 'delliss@nifty.com', TO_TIMESTAMP('1994-03-30 01:44:21', 'YYYY-MM-DD HH24:MI:SS'), TO_TIMESTAMP('2015-09-28 16:14:31', 'YYYY-MM-DD HH24:MI:SS'));
insert into USERS (USER_ID, F_NAME, L_NAME, EMAIL, BIRTH, LAST_LOGIN) values (130, 'Angela', 'Ferguson', 'afergusont@networkadvertising.org', TO_TIMESTAMP('1983-09-04 00:23:36', 'YYYY-MM-DD HH24:MI:SS'), TO_TIMESTAMP('2016-04-03 02:55:11', 'YYYY-MM-DD HH24:MI:SS'));
insert into USERS (USER_ID, F_NAME, L_NAME, EMAIL, BIRTH, LAST_LOGIN) values (131, 'Diane', 'Torres', 'dtorresu@barnesandnoble.com', TO_TIMESTAMP('1994-06-27 13:29:12', 'YYYY-MM-DD HH24:MI:SS'), TO_TIMESTAMP('2015-10-25 14:10:39', 'YYYY-MM-DD HH24:MI:SS'));
insert into USERS (USER_ID, F_NAME, L_NAME, EMAIL, BIRTH, LAST_LOGIN) values (132, 'Howard', 'Watson', 'hwatsonv@wordpress.org', TO_TIMESTAMP('1982-03-07 21:38:16', 'YYYY-MM-DD HH24:MI:SS'), TO_TIMESTAMP('2015-10-01 13:42:49', 'YYYY-MM-DD HH24:MI:SS'));
insert into USERS (USER_ID, F_NAME, L_NAME, EMAIL, BIRTH, LAST_LOGIN) values (133, 'Ryan', 'Owens', 'rowensw@techcrunch.com', TO_TIMESTAMP('1983-08-08 19:47:32', 'YYYY-MM-DD HH24:MI:SS'), TO_TIMESTAMP('2015-06-22 23:47:26', 'YYYY-MM-DD HH24:MI:SS'));
insert into USERS (USER_ID, F_NAME, L_NAME, EMAIL, BIRTH, LAST_LOGIN) values (134, 'Carlos', 'Gonzales', 'cgonzalesx@skype.com', TO_TIMESTAMP('1997-04-18 01:32:29', 'YYYY-MM-DD HH24:MI:SS'), TO_TIMESTAMP('2015-09-24 08:55:13', 'YYYY-MM-DD HH24:MI:SS'));
insert into USERS (USER_ID, F_NAME, L_NAME, EMAIL, BIRTH, LAST_LOGIN) values (135, 'Marilyn', 'Alvarez', 'malvarezy@quantcast.com', TO_TIMESTAMP('1996-06-05 14:46:06', 'YYYY-MM-DD HH24:MI:SS'), TO_TIMESTAMP('2015-08-19 17:12:49', 'YYYY-MM-DD HH24:MI:SS'));
insert into USERS (USER_ID, F_NAME, L_NAME, EMAIL, BIRTH, LAST_LOGIN) values (136, 'Beverly', 'Schmidt', 'bschmidtz@cmu.edu', TO_TIMESTAMP('1992-07-04 15:43:25', 'YYYY-MM-DD HH24:MI:SS'), TO_TIMESTAMP('2015-10-24 04:47:19', 'YYYY-MM-DD HH24:MI:SS'));
insert into USERS (USER_ID, F_NAME, L_NAME, EMAIL, BIRTH, LAST_LOGIN) values (137, 'Dorothy', 'Roberts', 'droberts10@hp.com', TO_TIMESTAMP('1984-12-05 19:11:39', 'YYYY-MM-DD HH24:MI:SS'), TO_TIMESTAMP('2016-03-01 14:29:09', 'YYYY-MM-DD HH24:MI:SS'));
insert into USERS (USER_ID, F_NAME, L_NAME, EMAIL, BIRTH, LAST_LOGIN) values (138, 'Jack', 'Snyder', 'jsnyder11@instagram.com', TO_TIMESTAMP('1989-03-18 12:23:23', 'YYYY-MM-DD HH24:MI:SS'), TO_TIMESTAMP('2015-07-17 20:33:36', 'YYYY-MM-DD HH24:MI:SS'));
insert into USERS (USER_ID, F_NAME, L_NAME, EMAIL, BIRTH, LAST_LOGIN) values (139, 'Melissa', 'Berry', 'mberry12@icio.us', TO_TIMESTAMP('1994-02-15 11:55:52', 'YYYY-MM-DD HH24:MI:SS'), TO_TIMESTAMP('2016-01-04 23:24:45', 'YYYY-MM-DD HH24:MI:SS'));
insert into USERS (USER_ID, F_NAME, L_NAME, EMAIL, BIRTH, LAST_LOGIN) values (140, 'Jesse', 'Green', 'jgreen13@nasa.gov', TO_TIMESTAMP('1986-01-31 20:08:58', 'YYYY-MM-DD HH24:MI:SS'), TO_TIMESTAMP('2015-10-31 15:36:17', 'YYYY-MM-DD HH24:MI:SS'));
insert into USERS (USER_ID, F_NAME, L_NAME, EMAIL, BIRTH, LAST_LOGIN) values (141, 'Gloria', 'Collins', 'gcollins14@bravesites.com', TO_TIMESTAMP('1993-03-11 06:03:47', 'YYYY-MM-DD HH24:MI:SS'), TO_TIMESTAMP('2015-08-04 20:27:25', 'YYYY-MM-DD HH24:MI:SS'));
insert into USERS (USER_ID, F_NAME, L_NAME, EMAIL, BIRTH, LAST_LOGIN) values (142, 'Walter', 'Spencer', 'wspencer15@gizmodo.com', TO_TIMESTAMP('1983-07-26 21:21:54', 'YYYY-MM-DD HH24:MI:SS'), TO_TIMESTAMP('2015-08-13 10:33:08', 'YYYY-MM-DD HH24:MI:SS'));
insert into USERS (USER_ID, F_NAME, L_NAME, EMAIL, BIRTH, LAST_LOGIN) values (143, 'Cynthia', 'Mccoy', 'cmccoy16@i2i.jp', TO_TIMESTAMP('1984-11-29 02:24:56', 'YYYY-MM-DD HH24:MI:SS'), TO_TIMESTAMP('2015-07-25 23:19:32', 'YYYY-MM-DD HH24:MI:SS'));
insert into USERS (USER_ID, F_NAME, L_NAME, EMAIL, BIRTH, LAST_LOGIN) values (144, 'Kelly', 'Garcia', 'kgarcia17@edublogs.org', TO_TIMESTAMP('1988-06-24 16:06:16', 'YYYY-MM-DD HH24:MI:SS'), TO_TIMESTAMP('2016-03-26 02:59:45', 'YYYY-MM-DD HH24:MI:SS'));
insert into USERS (USER_ID, F_NAME, L_NAME, EMAIL, BIRTH, LAST_LOGIN) values (145, 'James', 'Jenkins', 'jjenkins18@npr.org', TO_TIMESTAMP('1985-01-06 08:40:53', 'YYYY-MM-DD HH24:MI:SS'), TO_TIMESTAMP('2016-02-23 00:06:46', 'YYYY-MM-DD HH24:MI:SS'));
insert into USERS (USER_ID, F_NAME, L_NAME, EMAIL, BIRTH, LAST_LOGIN) values (146, 'Mildred', 'Wells', 'mwells19@xrea.com', TO_TIMESTAMP('1994-09-26 15:45:34', 'YYYY-MM-DD HH24:MI:SS'), TO_TIMESTAMP('2015-05-23 03:32:26', 'YYYY-MM-DD HH24:MI:SS'));
insert into USERS (USER_ID, F_NAME, L_NAME, EMAIL, BIRTH, LAST_LOGIN) values (147, 'Rachel', 'Gutierrez', 'rgutierrez1a@marriott.com', TO_TIMESTAMP('1985-09-25 17:31:34', 'YYYY-MM-DD HH24:MI:SS'), TO_TIMESTAMP('2015-11-11 09:09:18', 'YYYY-MM-DD HH24:MI:SS'));
insert into USERS (USER_ID, F_NAME, L_NAME, EMAIL, BIRTH, LAST_LOGIN) values (148, 'Henry', 'Banks', 'hbanks1b@opensource.org', TO_TIMESTAMP('1995-06-26 15:09:13', 'YYYY-MM-DD HH24:MI:SS'), TO_TIMESTAMP('2015-10-29 18:35:38', 'YYYY-MM-DD HH24:MI:SS'));
insert into USERS (USER_ID, F_NAME, L_NAME, EMAIL, BIRTH, LAST_LOGIN) values (149, 'Henry', 'Little', 'hlittle1c@geocities.jp', TO_TIMESTAMP('1986-11-01 02:13:28', 'YYYY-MM-DD HH24:MI:SS'), TO_TIMESTAMP('2015-10-28 17:24:14', 'YYYY-MM-DD HH24:MI:SS'));
insert into USERS (USER_ID, F_NAME, L_NAME, EMAIL, BIRTH, LAST_LOGIN) values (150, 'Stephen', 'Perry', 'sperry1d@umn.edu', TO_TIMESTAMP('1997-06-24 19:33:45', 'YYYY-MM-DD HH24:MI:SS'), TO_TIMESTAMP('2016-03-27 08:37:31', 'YYYY-MM-DD HH24:MI:SS'));
insert into USERS (USER_ID, F_NAME, L_NAME, EMAIL, BIRTH, LAST_LOGIN) values (151, 'Antonio', 'Willis', 'awillis1e@hostgator.com', TO_TIMESTAMP('1984-12-10 10:27:16', 'YYYY-MM-DD HH24:MI:SS'), TO_TIMESTAMP('2015-05-24 00:58:34', 'YYYY-MM-DD HH24:MI:SS'));
insert into USERS (USER_ID, F_NAME, L_NAME, EMAIL, BIRTH, LAST_LOGIN) values (152, 'Samuel', 'Hernandez', 'shernandez1f@artisteer.com', TO_TIMESTAMP('1981-02-16 12:39:17', 'YYYY-MM-DD HH24:MI:SS'), TO_TIMESTAMP('2015-10-16 03:57:33', 'YYYY-MM-DD HH24:MI:SS'));
insert into USERS (USER_ID, F_NAME, L_NAME, EMAIL, BIRTH, LAST_LOGIN) values (153, 'Philip', 'Castillo', 'pcastillo1g@virginia.edu', TO_TIMESTAMP('1987-11-30 17:57:46', 'YYYY-MM-DD HH24:MI:SS'), TO_TIMESTAMP('2015-06-23 17:11:10', 'YYYY-MM-DD HH24:MI:SS'));
insert into USERS (USER_ID, F_NAME, L_NAME, EMAIL, BIRTH, LAST_LOGIN) values (154, 'Joe', 'Fisher', 'jfisher1h@washington.edu', TO_TIMESTAMP('1981-10-24 10:54:15', 'YYYY-MM-DD HH24:MI:SS'), TO_TIMESTAMP('2015-10-01 19:13:30', 'YYYY-MM-DD HH24:MI:SS'));
insert into USERS (USER_ID, F_NAME, L_NAME, EMAIL, BIRTH, LAST_LOGIN) values (155, 'Christine', 'Lee', 'clee1i@boston.com', TO_TIMESTAMP('1990-10-13 01:26:20', 'YYYY-MM-DD HH24:MI:SS'), TO_TIMESTAMP('2015-05-29 15:04:32', 'YYYY-MM-DD HH24:MI:SS'));
insert into USERS (USER_ID, F_NAME, L_NAME, EMAIL, BIRTH, LAST_LOGIN) values (156, 'Barbara', 'Meyer', 'bmeyer1j@yandex.ru', TO_TIMESTAMP('1992-01-28 08:24:17', 'YYYY-MM-DD HH24:MI:SS'), TO_TIMESTAMP('2015-05-09 02:29:04', 'YYYY-MM-DD HH24:MI:SS'));
insert into USERS (USER_ID, F_NAME, L_NAME, EMAIL, BIRTH, LAST_LOGIN) values (157, 'Jimmy', 'Reid', 'jreid1k@dedecms.com', TO_TIMESTAMP('2000-01-24 06:25:23', 'YYYY-MM-DD HH24:MI:SS'), TO_TIMESTAMP('2015-10-23 02:06:21', 'YYYY-MM-DD HH24:MI:SS'));
insert into USERS (USER_ID, F_NAME, L_NAME, EMAIL, BIRTH, LAST_LOGIN) values (158, 'Robin', 'Allen', 'rallen1l@sciencedaily.com', TO_TIMESTAMP('2000-02-09 00:18:09', 'YYYY-MM-DD HH24:MI:SS'), TO_TIMESTAMP('2016-01-14 00:18:39', 'YYYY-MM-DD HH24:MI:SS'));
insert into USERS (USER_ID, F_NAME, L_NAME, EMAIL, BIRTH, LAST_LOGIN) values (159, 'Jack', 'Torres', 'jtorres1m@netlog.com', TO_TIMESTAMP('1986-05-13 06:26:39', 'YYYY-MM-DD HH24:MI:SS'), TO_TIMESTAMP('2016-01-15 21:31:43', 'YYYY-MM-DD HH24:MI:SS'));
insert into USERS (USER_ID, F_NAME, L_NAME, EMAIL, BIRTH, LAST_LOGIN) values (160, 'Rachel', 'Gomez', 'rgomez1n@feedburner.com', TO_TIMESTAMP('1994-06-13 16:02:28', 'YYYY-MM-DD HH24:MI:SS'), TO_TIMESTAMP('2015-09-11 18:36:07', 'YYYY-MM-DD HH24:MI:SS'));
insert into USERS (USER_ID, F_NAME, L_NAME, EMAIL, BIRTH, LAST_LOGIN) values (161, 'Adam', 'Burton', 'aburton1o@nationalgeographic.com', TO_TIMESTAMP('1982-09-05 13:56:36', 'YYYY-MM-DD HH24:MI:SS'), TO_TIMESTAMP('2015-07-24 03:57:17', 'YYYY-MM-DD HH24:MI:SS'));
insert into USERS (USER_ID, F_NAME, L_NAME, EMAIL, BIRTH, LAST_LOGIN) values (162, 'Harold', 'Castillo', 'hcastillo1p@arstechnica.com', TO_TIMESTAMP('1982-04-11 19:42:49', 'YYYY-MM-DD HH24:MI:SS'), TO_TIMESTAMP('2015-04-22 19:40:54', 'YYYY-MM-DD HH24:MI:SS'));
insert into USERS (USER_ID, F_NAME, L_NAME, EMAIL, BIRTH, LAST_LOGIN) values (163, 'Ralph', 'Knight', 'rknight1q@craigslist.org', TO_TIMESTAMP('1999-05-08 08:25:10', 'YYYY-MM-DD HH24:MI:SS'), TO_TIMESTAMP('2015-05-04 23:06:17', 'YYYY-MM-DD HH24:MI:SS'));
insert into USERS (USER_ID, F_NAME, L_NAME, EMAIL, BIRTH, LAST_LOGIN) values (164, 'Christine', 'Evans', 'cevans1r@ft.com', TO_TIMESTAMP('1987-01-28 18:40:18', 'YYYY-MM-DD HH24:MI:SS'), TO_TIMESTAMP('2016-03-11 22:10:49', 'YYYY-MM-DD HH24:MI:SS'));
insert into USERS (USER_ID, F_NAME, L_NAME, EMAIL, BIRTH, LAST_LOGIN) values (165, 'Bobby', 'Hunt', 'bhunt1s@vkontakte.ru', TO_TIMESTAMP('1988-05-27 17:19:59', 'YYYY-MM-DD HH24:MI:SS'), TO_TIMESTAMP('2015-05-02 23:14:19', 'YYYY-MM-DD HH24:MI:SS'));
insert into USERS (USER_ID, F_NAME, L_NAME, EMAIL, BIRTH, LAST_LOGIN) values (166, 'Adam', 'Payne', 'apayne1t@nasa.gov', TO_TIMESTAMP('1982-01-08 15:40:46', 'YYYY-MM-DD HH24:MI:SS'), TO_TIMESTAMP('2015-04-19 23:14:12', 'YYYY-MM-DD HH24:MI:SS'));
insert into USERS (USER_ID, F_NAME, L_NAME, EMAIL, BIRTH, LAST_LOGIN) values (167, 'Joe', 'Mcdonald', 'jmcdonald1u@vinaora.com', TO_TIMESTAMP('1997-12-27 11:21:41', 'YYYY-MM-DD HH24:MI:SS'), TO_TIMESTAMP('2015-12-09 15:35:43', 'YYYY-MM-DD HH24:MI:SS'));
insert into USERS (USER_ID, F_NAME, L_NAME, EMAIL, BIRTH, LAST_LOGIN) values (168, 'Timothy', 'Burns', 'tburns1v@japanpost.jp', TO_TIMESTAMP('1992-02-20 12:55:30', 'YYYY-MM-DD HH24:MI:SS'), TO_TIMESTAMP('2016-03-02 07:28:40', 'YYYY-MM-DD HH24:MI:SS'));
insert into USERS (USER_ID, F_NAME, L_NAME, EMAIL, BIRTH, LAST_LOGIN) values (169, 'Arthur', 'Day', 'aday1w@state.gov', TO_TIMESTAMP('1985-05-31 01:40:17', 'YYYY-MM-DD HH24:MI:SS'), TO_TIMESTAMP('2016-02-06 03:50:27', 'YYYY-MM-DD HH24:MI:SS'));
insert into USERS (USER_ID, F_NAME, L_NAME, EMAIL, BIRTH, LAST_LOGIN) values (170, 'Carl', 'Bennett', 'cbennett1x@ycombinator.com', TO_TIMESTAMP('1990-08-29 21:21:21', 'YYYY-MM-DD HH24:MI:SS'), TO_TIMESTAMP('2015-07-03 22:56:42', 'YYYY-MM-DD HH24:MI:SS'));
insert into USERS (USER_ID, F_NAME, L_NAME, EMAIL, BIRTH, LAST_LOGIN) values (171, 'Alice', 'Gutierrez', 'agutierrez1y@pinterest.com', TO_TIMESTAMP('1997-12-04 19:26:01', 'YYYY-MM-DD HH24:MI:SS'), TO_TIMESTAMP('2015-09-18 12:29:44', 'YYYY-MM-DD HH24:MI:SS'));
insert into USERS (USER_ID, F_NAME, L_NAME, EMAIL, BIRTH, LAST_LOGIN) values (172, 'Kenneth', 'Patterson', 'kpatterson1z@lycos.com', TO_TIMESTAMP('1990-09-19 04:11:42', 'YYYY-MM-DD HH24:MI:SS'), TO_TIMESTAMP('2015-09-07 17:53:46', 'YYYY-MM-DD HH24:MI:SS'));
insert into USERS (USER_ID, F_NAME, L_NAME, EMAIL, BIRTH, LAST_LOGIN) values (173, 'Deborah', 'Stephens', 'dstephens20@webnode.com', TO_TIMESTAMP('1995-03-04 19:57:13', 'YYYY-MM-DD HH24:MI:SS'), TO_TIMESTAMP('2015-05-31 20:06:13', 'YYYY-MM-DD HH24:MI:SS'));
insert into USERS (USER_ID, F_NAME, L_NAME, EMAIL, BIRTH, LAST_LOGIN) values (174, 'Amy', 'Dean', 'adean21@chicagotribune.com', TO_TIMESTAMP('1988-03-12 13:59:14', 'YYYY-MM-DD HH24:MI:SS'), TO_TIMESTAMP('2015-07-25 15:28:29', 'YYYY-MM-DD HH24:MI:SS'));
insert into USERS (USER_ID, F_NAME, L_NAME, EMAIL, BIRTH, LAST_LOGIN) values (175, 'Jack', 'Riley', 'jriley22@hao123.com', TO_TIMESTAMP('1981-05-04 23:19:01', 'YYYY-MM-DD HH24:MI:SS'), TO_TIMESTAMP('2015-06-02 23:57:07', 'YYYY-MM-DD HH24:MI:SS'));
insert into USERS (USER_ID, F_NAME, L_NAME, EMAIL, BIRTH, LAST_LOGIN) values (176, 'Angela', 'Hicks', 'ahicks23@epa.gov', TO_TIMESTAMP('1985-09-17 19:46:42', 'YYYY-MM-DD HH24:MI:SS'), TO_TIMESTAMP('2015-04-24 18:11:02', 'YYYY-MM-DD HH24:MI:SS'));
insert into USERS (USER_ID, F_NAME, L_NAME, EMAIL, BIRTH, LAST_LOGIN) values (177, 'Eric', 'Ellis', 'eellis24@elpais.com', TO_TIMESTAMP('1996-11-13 16:00:15', 'YYYY-MM-DD HH24:MI:SS'), TO_TIMESTAMP('2016-02-10 20:59:38', 'YYYY-MM-DD HH24:MI:SS'));
insert into USERS (USER_ID, F_NAME, L_NAME, EMAIL, BIRTH, LAST_LOGIN) values (178, 'Rebecca', 'Rice', 'rrice25@cornell.edu', TO_TIMESTAMP('1983-06-15 21:14:29', 'YYYY-MM-DD HH24:MI:SS'), TO_TIMESTAMP('2015-08-18 23:19:03', 'YYYY-MM-DD HH24:MI:SS'));
insert into USERS (USER_ID, F_NAME, L_NAME, EMAIL, BIRTH, LAST_LOGIN) values (179, 'Craig', 'Tucker', 'ctucker26@tmall.com', TO_TIMESTAMP('1980-05-24 20:26:12', 'YYYY-MM-DD HH24:MI:SS'), TO_TIMESTAMP('2016-01-27 16:01:40', 'YYYY-MM-DD HH24:MI:SS'));
insert into USERS (USER_ID, F_NAME, L_NAME, EMAIL, BIRTH, LAST_LOGIN) values (180, 'Helen', 'Perez', 'hperez27@cmu.edu', TO_TIMESTAMP('1980-04-20 10:50:18', 'YYYY-MM-DD HH24:MI:SS'), TO_TIMESTAMP('2015-07-17 13:45:25', 'YYYY-MM-DD HH24:MI:SS'));
insert into USERS (USER_ID, F_NAME, L_NAME, EMAIL, BIRTH, LAST_LOGIN) values (181, 'Jessica', 'Fuller', 'jfuller28@meetup.com', TO_TIMESTAMP('1998-08-16 11:05:34', 'YYYY-MM-DD HH24:MI:SS'), TO_TIMESTAMP('2015-04-12 10:28:05', 'YYYY-MM-DD HH24:MI:SS'));
insert into USERS (USER_ID, F_NAME, L_NAME, EMAIL, BIRTH, LAST_LOGIN) values (182, 'Todd', 'Stevens', 'tstevens29@chron.com', TO_TIMESTAMP('1987-02-11 10:33:38', 'YYYY-MM-DD HH24:MI:SS'), TO_TIMESTAMP('2015-08-23 18:13:53', 'YYYY-MM-DD HH24:MI:SS'));
insert into USERS (USER_ID, F_NAME, L_NAME, EMAIL, BIRTH, LAST_LOGIN) values (183, 'Phillip', 'Castillo', 'pcastillo2a@purevolume.com', TO_TIMESTAMP('1989-05-16 01:26:10', 'YYYY-MM-DD HH24:MI:SS'), TO_TIMESTAMP('2015-10-09 03:10:48', 'YYYY-MM-DD HH24:MI:SS'));
insert into USERS (USER_ID, F_NAME, L_NAME, EMAIL, BIRTH, LAST_LOGIN) values (184, 'Maria', 'Ross', 'mross2b@whitehouse.gov', TO_TIMESTAMP('1989-08-27 01:06:13', 'YYYY-MM-DD HH24:MI:SS'), TO_TIMESTAMP('2016-03-07 14:04:58', 'YYYY-MM-DD HH24:MI:SS'));
insert into USERS (USER_ID, F_NAME, L_NAME, EMAIL, BIRTH, LAST_LOGIN) values (185, 'Nancy', 'Reid', 'nreid2c@comsenz.com', TO_TIMESTAMP('1991-05-18 03:09:15', 'YYYY-MM-DD HH24:MI:SS'), TO_TIMESTAMP('2015-07-27 22:23:49', 'YYYY-MM-DD HH24:MI:SS'));
insert into USERS (USER_ID, F_NAME, L_NAME, EMAIL, BIRTH, LAST_LOGIN) values (186, 'Todd', 'Mitchell', 'tmitchell2d@irs.gov', TO_TIMESTAMP('1987-08-25 09:59:31', 'YYYY-MM-DD HH24:MI:SS'), TO_TIMESTAMP('2015-12-12 16:06:01', 'YYYY-MM-DD HH24:MI:SS'));
insert into USERS (USER_ID, F_NAME, L_NAME, EMAIL, BIRTH, LAST_LOGIN) values (187, 'Earl', 'Flores', 'eflores2e@elpais.com', TO_TIMESTAMP('1983-10-24 22:02:44', 'YYYY-MM-DD HH24:MI:SS'), TO_TIMESTAMP('2015-12-03 04:14:45', 'YYYY-MM-DD HH24:MI:SS'));
insert into USERS (USER_ID, F_NAME, L_NAME, EMAIL, BIRTH, LAST_LOGIN) values (188, 'Gregory', 'Ortiz', 'gortiz2f@stumbleupon.com', TO_TIMESTAMP('1992-08-22 10:04:56', 'YYYY-MM-DD HH24:MI:SS'), TO_TIMESTAMP('2015-12-29 10:23:28', 'YYYY-MM-DD HH24:MI:SS'));
insert into USERS (USER_ID, F_NAME, L_NAME, EMAIL, BIRTH, LAST_LOGIN) values (189, 'Anna', 'Webb', 'awebb2g@samsung.com', TO_TIMESTAMP('1985-09-26 06:27:41', 'YYYY-MM-DD HH24:MI:SS'), TO_TIMESTAMP('2016-01-05 09:40:08', 'YYYY-MM-DD HH24:MI:SS'));
insert into USERS (USER_ID, F_NAME, L_NAME, EMAIL, BIRTH, LAST_LOGIN) values (190, 'Teresa', 'Grant', 'tgrant2h@microsoft.com', TO_TIMESTAMP('1990-03-27 08:25:08', 'YYYY-MM-DD HH24:MI:SS'), TO_TIMESTAMP('2015-12-25 03:29:23', 'YYYY-MM-DD HH24:MI:SS'));
insert into USERS (USER_ID, F_NAME, L_NAME, EMAIL, BIRTH, LAST_LOGIN) values (191, 'Jerry', 'Welch', 'jwelch2i@multiply.com', TO_TIMESTAMP('2000-03-03 08:10:25', 'YYYY-MM-DD HH24:MI:SS'), TO_TIMESTAMP('2015-08-02 06:10:25', 'YYYY-MM-DD HH24:MI:SS'));
insert into USERS (USER_ID, F_NAME, L_NAME, EMAIL, BIRTH, LAST_LOGIN) values (192, 'Stephanie', 'Armstrong', 'sarmstrong2j@dropbox.com', TO_TIMESTAMP('1991-11-04 14:00:41', 'YYYY-MM-DD HH24:MI:SS'), TO_TIMESTAMP('2015-04-19 16:01:29', 'YYYY-MM-DD HH24:MI:SS'));
insert into USERS (USER_ID, F_NAME, L_NAME, EMAIL, BIRTH, LAST_LOGIN) values (193, 'Wayne', 'Harrison', 'wharrison2k@cbslocal.com', TO_TIMESTAMP('1993-07-10 15:32:33', 'YYYY-MM-DD HH24:MI:SS'), TO_TIMESTAMP('2016-02-08 13:10:58', 'YYYY-MM-DD HH24:MI:SS'));
insert into USERS (USER_ID, F_NAME, L_NAME, EMAIL, BIRTH, LAST_LOGIN) values (194, 'Ruby', 'Wright', 'rwright2l@icq.com', TO_TIMESTAMP('1988-02-19 06:15:49', 'YYYY-MM-DD HH24:MI:SS'), TO_TIMESTAMP('2015-12-12 05:53:55', 'YYYY-MM-DD HH24:MI:SS'));
insert into USERS (USER_ID, F_NAME, L_NAME, EMAIL, BIRTH, LAST_LOGIN) values (195, 'Lois', 'Mills', 'lmills2m@blog.com', TO_TIMESTAMP('1980-05-03 07:21:19', 'YYYY-MM-DD HH24:MI:SS'), TO_TIMESTAMP('2015-09-12 03:05:03', 'YYYY-MM-DD HH24:MI:SS'));
insert into USERS (USER_ID, F_NAME, L_NAME, EMAIL, BIRTH, LAST_LOGIN) values (196, 'Paul', 'Griffin', 'pgriffin2n@ameblo.jp', TO_TIMESTAMP('1992-08-14 07:25:08', 'YYYY-MM-DD HH24:MI:SS'), TO_TIMESTAMP('2015-09-06 06:55:36', 'YYYY-MM-DD HH24:MI:SS'));
insert into USERS (USER_ID, F_NAME, L_NAME, EMAIL, BIRTH, LAST_LOGIN) values (197, 'Anthony', 'Hansen', 'ahansen2o@comsenz.com', TO_TIMESTAMP('1982-04-13 08:46:57', 'YYYY-MM-DD HH24:MI:SS'), TO_TIMESTAMP('2015-05-18 07:40:19', 'YYYY-MM-DD HH24:MI:SS'));
insert into USERS (USER_ID, F_NAME, L_NAME, EMAIL, BIRTH, LAST_LOGIN) values (198, 'Marie', 'Ruiz', 'mruiz2p@hao123.com', TO_TIMESTAMP('1980-01-18 14:40:31', 'YYYY-MM-DD HH24:MI:SS'), TO_TIMESTAMP('2015-12-30 07:19:37', 'YYYY-MM-DD HH24:MI:SS'));
insert into USERS (USER_ID, F_NAME, L_NAME, EMAIL, BIRTH, LAST_LOGIN) values (199, 'Alan', 'Henderson', 'ahenderson2q@seattletimes.com', TO_TIMESTAMP('1999-11-29 20:06:14', 'YYYY-MM-DD HH24:MI:SS'), TO_TIMESTAMP('2015-05-28 20:37:56', 'YYYY-MM-DD HH24:MI:SS'));
insert into USERS (USER_ID, F_NAME, L_NAME, EMAIL, BIRTH, LAST_LOGIN) values (200, 'Ralph', 'Wilson', 'rwilson2r@google.com.hk', TO_TIMESTAMP('1987-07-01 11:35:10', 'YYYY-MM-DD HH24:MI:SS'), TO_TIMESTAMP('2016-01-31 07:55:41', 'YYYY-MM-DD HH24:MI:SS'));

-------------------------------------------------------------------------------

insert into FRIENDSHIPS (FRIENDSHIP_ID, USER_ID1, USER_ID2) values (1,1,100);
insert into FRIENDSHIPS (FRIENDSHIP_ID, USER_ID1, USER_ID2) values (2,2,99);
insert into FRIENDSHIPS (FRIENDSHIP_ID, USER_ID1, USER_ID2) values (3,3,98);
insert into FRIENDSHIPS (FRIENDSHIP_ID, USER_ID1, USER_ID2) values (4,4,97);
insert into FRIENDSHIPS (FRIENDSHIP_ID, USER_ID1, USER_ID2) values (5,5,96);
insert into FRIENDSHIPS (FRIENDSHIP_ID, USER_ID1, USER_ID2) values (6,6,95);
insert into FRIENDSHIPS (FRIENDSHIP_ID, USER_ID1, USER_ID2) values (7,7,94);
insert into FRIENDSHIPS (FRIENDSHIP_ID, USER_ID1, USER_ID2) values (8,8,93);
insert into FRIENDSHIPS (FRIENDSHIP_ID, USER_ID1, USER_ID2) values (9,9,92);
insert into FRIENDSHIPS (FRIENDSHIP_ID, USER_ID1, USER_ID2) values (10,10,91);
insert into FRIENDSHIPS (FRIENDSHIP_ID, USER_ID1, USER_ID2) values (11,11,90);
insert into FRIENDSHIPS (FRIENDSHIP_ID, USER_ID1, USER_ID2) values (12,12,89);
insert into FRIENDSHIPS (FRIENDSHIP_ID, USER_ID1, USER_ID2) values (13,13,88);
insert into FRIENDSHIPS (FRIENDSHIP_ID, USER_ID1, USER_ID2) values (14,14,87);
insert into FRIENDSHIPS (FRIENDSHIP_ID, USER_ID1, USER_ID2) values (15,15,86);
insert into FRIENDSHIPS (FRIENDSHIP_ID, USER_ID1, USER_ID2) values (16,16,85);
insert into FRIENDSHIPS (FRIENDSHIP_ID, USER_ID1, USER_ID2) values (17,17,84);
insert into FRIENDSHIPS (FRIENDSHIP_ID, USER_ID1, USER_ID2) values (18,18,83);
insert into FRIENDSHIPS (FRIENDSHIP_ID, USER_ID1, USER_ID2) values (19,19,82);
insert into FRIENDSHIPS (FRIENDSHIP_ID, USER_ID1, USER_ID2) values (20,20,81);
insert into FRIENDSHIPS (FRIENDSHIP_ID, USER_ID1, USER_ID2) values (21,21,80);
insert into FRIENDSHIPS (FRIENDSHIP_ID, USER_ID1, USER_ID2) values (22,22,79);
insert into FRIENDSHIPS (FRIENDSHIP_ID, USER_ID1, USER_ID2) values (23,23,78);
insert into FRIENDSHIPS (FRIENDSHIP_ID, USER_ID1, USER_ID2) values (24,24,77);
insert into FRIENDSHIPS (FRIENDSHIP_ID, USER_ID1, USER_ID2) values (25,25,76);
insert into FRIENDSHIPS (FRIENDSHIP_ID, USER_ID1, USER_ID2) values (26,26,75);
insert into FRIENDSHIPS (FRIENDSHIP_ID, USER_ID1, USER_ID2) values (27,27,74);
insert into FRIENDSHIPS (FRIENDSHIP_ID, USER_ID1, USER_ID2) values (28,28,73);
insert into FRIENDSHIPS (FRIENDSHIP_ID, USER_ID1, USER_ID2) values (29,29,72);
insert into FRIENDSHIPS (FRIENDSHIP_ID, USER_ID1, USER_ID2) values (30,30,71);
insert into FRIENDSHIPS (FRIENDSHIP_ID, USER_ID1, USER_ID2) values (31,31,70);
insert into FRIENDSHIPS (FRIENDSHIP_ID, USER_ID1, USER_ID2) values (32,32,69);
insert into FRIENDSHIPS (FRIENDSHIP_ID, USER_ID1, USER_ID2) values (33,33,68);
insert into FRIENDSHIPS (FRIENDSHIP_ID, USER_ID1, USER_ID2) values (34,34,67);
insert into FRIENDSHIPS (FRIENDSHIP_ID, USER_ID1, USER_ID2) values (35,35,66);
insert into FRIENDSHIPS (FRIENDSHIP_ID, USER_ID1, USER_ID2) values (36,36,65);
insert into FRIENDSHIPS (FRIENDSHIP_ID, USER_ID1, USER_ID2) values (37,37,64);
insert into FRIENDSHIPS (FRIENDSHIP_ID, USER_ID1, USER_ID2) values (38,38,63);
insert into FRIENDSHIPS (FRIENDSHIP_ID, USER_ID1, USER_ID2) values (39,39,62);
insert into FRIENDSHIPS (FRIENDSHIP_ID, USER_ID1, USER_ID2) values (40,40,61);
insert into FRIENDSHIPS (FRIENDSHIP_ID, USER_ID1, USER_ID2) values (41,41,60);
insert into FRIENDSHIPS (FRIENDSHIP_ID, USER_ID1, USER_ID2) values (42,42,59);
insert into FRIENDSHIPS (FRIENDSHIP_ID, USER_ID1, USER_ID2) values (43,43,58);
insert into FRIENDSHIPS (FRIENDSHIP_ID, USER_ID1, USER_ID2) values (44,44,57);
insert into FRIENDSHIPS (FRIENDSHIP_ID, USER_ID1, USER_ID2) values (45,45,56);
insert into FRIENDSHIPS (FRIENDSHIP_ID, USER_ID1, USER_ID2) values (46,46,55);
insert into FRIENDSHIPS (FRIENDSHIP_ID, USER_ID1, USER_ID2) values (47,47,54);
insert into FRIENDSHIPS (FRIENDSHIP_ID, USER_ID1, USER_ID2) values (48,48,53);
insert into FRIENDSHIPS (FRIENDSHIP_ID, USER_ID1, USER_ID2) values (49,49,52);
insert into FRIENDSHIPS (FRIENDSHIP_ID, USER_ID1, USER_ID2) values (50,50,51);
insert into FRIENDSHIPS (FRIENDSHIP_ID, USER_ID1, USER_ID2) values (51,51,52);
insert into FRIENDSHIPS (FRIENDSHIP_ID, USER_ID1, USER_ID2) values (52,52,53);
insert into FRIENDSHIPS (FRIENDSHIP_ID, USER_ID1, USER_ID2) values (53,53,54);
insert into FRIENDSHIPS (FRIENDSHIP_ID, USER_ID1, USER_ID2) values (54,54,55);
insert into FRIENDSHIPS (FRIENDSHIP_ID, USER_ID1, USER_ID2) values (55,55,56);
insert into FRIENDSHIPS (FRIENDSHIP_ID, USER_ID1, USER_ID2) values (56,56,57);
insert into FRIENDSHIPS (FRIENDSHIP_ID, USER_ID1, USER_ID2) values (57,57,58);
insert into FRIENDSHIPS (FRIENDSHIP_ID, USER_ID1, USER_ID2) values (58,58,59);
insert into FRIENDSHIPS (FRIENDSHIP_ID, USER_ID1, USER_ID2) values (59,59,60);
insert into FRIENDSHIPS (FRIENDSHIP_ID, USER_ID1, USER_ID2) values (60,60,61);
insert into FRIENDSHIPS (FRIENDSHIP_ID, USER_ID1, USER_ID2) values (61,61,62);
insert into FRIENDSHIPS (FRIENDSHIP_ID, USER_ID1, USER_ID2) values (62,62,63);
insert into FRIENDSHIPS (FRIENDSHIP_ID, USER_ID1, USER_ID2) values (63,63,64);
insert into FRIENDSHIPS (FRIENDSHIP_ID, USER_ID1, USER_ID2) values (64,64,65);
insert into FRIENDSHIPS (FRIENDSHIP_ID, USER_ID1, USER_ID2) values (65,65,66);
insert into FRIENDSHIPS (FRIENDSHIP_ID, USER_ID1, USER_ID2) values (66,66,67);
insert into FRIENDSHIPS (FRIENDSHIP_ID, USER_ID1, USER_ID2) values (67,67,68);
insert into FRIENDSHIPS (FRIENDSHIP_ID, USER_ID1, USER_ID2) values (68,68,69);
insert into FRIENDSHIPS (FRIENDSHIP_ID, USER_ID1, USER_ID2) values (69,69,70);
insert into FRIENDSHIPS (FRIENDSHIP_ID, USER_ID1, USER_ID2) values (70,70,71);
insert into FRIENDSHIPS (FRIENDSHIP_ID, USER_ID1, USER_ID2) values (71,71,72);
insert into FRIENDSHIPS (FRIENDSHIP_ID, USER_ID1, USER_ID2) values (72,72,73);
insert into FRIENDSHIPS (FRIENDSHIP_ID, USER_ID1, USER_ID2) values (73,73,74);
insert into FRIENDSHIPS (FRIENDSHIP_ID, USER_ID1, USER_ID2) values (74,74,75);
insert into FRIENDSHIPS (FRIENDSHIP_ID, USER_ID1, USER_ID2) values (75,75,76);
insert into FRIENDSHIPS (FRIENDSHIP_ID, USER_ID1, USER_ID2) values (76,76,77);
insert into FRIENDSHIPS (FRIENDSHIP_ID, USER_ID1, USER_ID2) values (77,77,78);
insert into FRIENDSHIPS (FRIENDSHIP_ID, USER_ID1, USER_ID2) values (78,78,79);
insert into FRIENDSHIPS (FRIENDSHIP_ID, USER_ID1, USER_ID2) values (79,79,80);
insert into FRIENDSHIPS (FRIENDSHIP_ID, USER_ID1, USER_ID2) values (80,80,81);
insert into FRIENDSHIPS (FRIENDSHIP_ID, USER_ID1, USER_ID2) values (81,81,82);
insert into FRIENDSHIPS (FRIENDSHIP_ID, USER_ID1, USER_ID2) values (82,82,83);
insert into FRIENDSHIPS (FRIENDSHIP_ID, USER_ID1, USER_ID2) values (83,83,84);
insert into FRIENDSHIPS (FRIENDSHIP_ID, USER_ID1, USER_ID2) values (84,84,85);
insert into FRIENDSHIPS (FRIENDSHIP_ID, USER_ID1, USER_ID2) values (85,85,86);
insert into FRIENDSHIPS (FRIENDSHIP_ID, USER_ID1, USER_ID2) values (86,86,87);
insert into FRIENDSHIPS (FRIENDSHIP_ID, USER_ID1, USER_ID2) values (87,87,88);
insert into FRIENDSHIPS (FRIENDSHIP_ID, USER_ID1, USER_ID2) values (88,88,89);
insert into FRIENDSHIPS (FRIENDSHIP_ID, USER_ID1, USER_ID2) values (89,89,90);
insert into FRIENDSHIPS (FRIENDSHIP_ID, USER_ID1, USER_ID2) values (90,90,91);
insert into FRIENDSHIPS (FRIENDSHIP_ID, USER_ID1, USER_ID2) values (91,91,92);
insert into FRIENDSHIPS (FRIENDSHIP_ID, USER_ID1, USER_ID2) values (92,92,93);
insert into FRIENDSHIPS (FRIENDSHIP_ID, USER_ID1, USER_ID2) values (93,93,94);
insert into FRIENDSHIPS (FRIENDSHIP_ID, USER_ID1, USER_ID2) values (94,94,95);
insert into FRIENDSHIPS (FRIENDSHIP_ID, USER_ID1, USER_ID2) values (95,95,96);
insert into FRIENDSHIPS (FRIENDSHIP_ID, USER_ID1, USER_ID2) values (96,96,97);
insert into FRIENDSHIPS (FRIENDSHIP_ID, USER_ID1, USER_ID2) values (97,97,98);
insert into FRIENDSHIPS (FRIENDSHIP_ID, USER_ID1, USER_ID2) values (98,98,99);
insert into FRIENDSHIPS (FRIENDSHIP_ID, USER_ID1, USER_ID2) values (99,99,100);
insert into FRIENDSHIPS (FRIENDSHIP_ID, USER_ID1, USER_ID2) values (100,100,2);
insert into FRIENDSHIPS (FRIENDSHIP_ID, USER_ID1, USER_ID2) values (101,1,99);
insert into FRIENDSHIPS (FRIENDSHIP_ID, USER_ID1, USER_ID2) values (102,2,98);
insert into FRIENDSHIPS (FRIENDSHIP_ID, USER_ID1, USER_ID2) values (103,3,97);
insert into FRIENDSHIPS (FRIENDSHIP_ID, USER_ID1, USER_ID2) values (104,4,96);
insert into FRIENDSHIPS (FRIENDSHIP_ID, USER_ID1, USER_ID2) values (105,5,95);
insert into FRIENDSHIPS (FRIENDSHIP_ID, USER_ID1, USER_ID2) values (106,6,94);
insert into FRIENDSHIPS (FRIENDSHIP_ID, USER_ID1, USER_ID2) values (107,7,93);
insert into FRIENDSHIPS (FRIENDSHIP_ID, USER_ID1, USER_ID2) values (108,8,92);
insert into FRIENDSHIPS (FRIENDSHIP_ID, USER_ID1, USER_ID2) values (109,9,91);
insert into FRIENDSHIPS (FRIENDSHIP_ID, USER_ID1, USER_ID2) values (110,10,90);
insert into FRIENDSHIPS (FRIENDSHIP_ID, USER_ID1, USER_ID2) values (111,11,89);
insert into FRIENDSHIPS (FRIENDSHIP_ID, USER_ID1, USER_ID2) values (112,12,88);
insert into FRIENDSHIPS (FRIENDSHIP_ID, USER_ID1, USER_ID2) values (113,13,87);
insert into FRIENDSHIPS (FRIENDSHIP_ID, USER_ID1, USER_ID2) values (114,14,86);
insert into FRIENDSHIPS (FRIENDSHIP_ID, USER_ID1, USER_ID2) values (115,15,85);
insert into FRIENDSHIPS (FRIENDSHIP_ID, USER_ID1, USER_ID2) values (116,16,84);
insert into FRIENDSHIPS (FRIENDSHIP_ID, USER_ID1, USER_ID2) values (117,17,83);
insert into FRIENDSHIPS (FRIENDSHIP_ID, USER_ID1, USER_ID2) values (118,18,82);
insert into FRIENDSHIPS (FRIENDSHIP_ID, USER_ID1, USER_ID2) values (119,19,81);
insert into FRIENDSHIPS (FRIENDSHIP_ID, USER_ID1, USER_ID2) values (120,20,80);
insert into FRIENDSHIPS (FRIENDSHIP_ID, USER_ID1, USER_ID2) values (121,21,79);
insert into FRIENDSHIPS (FRIENDSHIP_ID, USER_ID1, USER_ID2) values (122,22,78);
insert into FRIENDSHIPS (FRIENDSHIP_ID, USER_ID1, USER_ID2) values (123,23,77);
insert into FRIENDSHIPS (FRIENDSHIP_ID, USER_ID1, USER_ID2) values (124,24,76);
insert into FRIENDSHIPS (FRIENDSHIP_ID, USER_ID1, USER_ID2) values (125,25,75);
insert into FRIENDSHIPS (FRIENDSHIP_ID, USER_ID1, USER_ID2) values (126,26,74);
insert into FRIENDSHIPS (FRIENDSHIP_ID, USER_ID1, USER_ID2) values (127,27,73);
insert into FRIENDSHIPS (FRIENDSHIP_ID, USER_ID1, USER_ID2) values (128,28,72);
insert into FRIENDSHIPS (FRIENDSHIP_ID, USER_ID1, USER_ID2) values (129,29,71);
insert into FRIENDSHIPS (FRIENDSHIP_ID, USER_ID1, USER_ID2) values (130,30,70);
insert into FRIENDSHIPS (FRIENDSHIP_ID, USER_ID1, USER_ID2) values (131,31,69);
insert into FRIENDSHIPS (FRIENDSHIP_ID, USER_ID1, USER_ID2) values (132,32,68);
insert into FRIENDSHIPS (FRIENDSHIP_ID, USER_ID1, USER_ID2) values (133,33,67);
insert into FRIENDSHIPS (FRIENDSHIP_ID, USER_ID1, USER_ID2) values (134,34,66);
insert into FRIENDSHIPS (FRIENDSHIP_ID, USER_ID1, USER_ID2) values (135,35,65);
insert into FRIENDSHIPS (FRIENDSHIP_ID, USER_ID1, USER_ID2) values (136,36,64);
insert into FRIENDSHIPS (FRIENDSHIP_ID, USER_ID1, USER_ID2) values (137,37,63);
insert into FRIENDSHIPS (FRIENDSHIP_ID, USER_ID1, USER_ID2) values (138,38,62);
insert into FRIENDSHIPS (FRIENDSHIP_ID, USER_ID1, USER_ID2) values (139,39,61);
insert into FRIENDSHIPS (FRIENDSHIP_ID, USER_ID1, USER_ID2) values (140,40,60);
insert into FRIENDSHIPS (FRIENDSHIP_ID, USER_ID1, USER_ID2) values (141,41,59);
insert into FRIENDSHIPS (FRIENDSHIP_ID, USER_ID1, USER_ID2) values (142,42,58);
insert into FRIENDSHIPS (FRIENDSHIP_ID, USER_ID1, USER_ID2) values (143,43,57);
insert into FRIENDSHIPS (FRIENDSHIP_ID, USER_ID1, USER_ID2) values (144,44,56);
insert into FRIENDSHIPS (FRIENDSHIP_ID, USER_ID1, USER_ID2) values (145,45,55);
insert into FRIENDSHIPS (FRIENDSHIP_ID, USER_ID1, USER_ID2) values (146,46,54);
insert into FRIENDSHIPS (FRIENDSHIP_ID, USER_ID1, USER_ID2) values (147,47,53);
insert into FRIENDSHIPS (FRIENDSHIP_ID, USER_ID1, USER_ID2) values (148,48,52);
insert into FRIENDSHIPS (FRIENDSHIP_ID, USER_ID1, USER_ID2) values (149,49,51);
insert into FRIENDSHIPS (FRIENDSHIP_ID, USER_ID1, USER_ID2) values (150,50,97);
insert into FRIENDSHIPS (FRIENDSHIP_ID, USER_ID1, USER_ID2) values (151,51,96);
insert into FRIENDSHIPS (FRIENDSHIP_ID, USER_ID1, USER_ID2) values (152,52,95);
insert into FRIENDSHIPS (FRIENDSHIP_ID, USER_ID1, USER_ID2) values (153,53,94);
insert into FRIENDSHIPS (FRIENDSHIP_ID, USER_ID1, USER_ID2) values (154,54,93);
insert into FRIENDSHIPS (FRIENDSHIP_ID, USER_ID1, USER_ID2) values (155,55,92);
insert into FRIENDSHIPS (FRIENDSHIP_ID, USER_ID1, USER_ID2) values (156,56,91);
insert into FRIENDSHIPS (FRIENDSHIP_ID, USER_ID1, USER_ID2) values (157,57,90);
insert into FRIENDSHIPS (FRIENDSHIP_ID, USER_ID1, USER_ID2) values (158,58,89);
insert into FRIENDSHIPS (FRIENDSHIP_ID, USER_ID1, USER_ID2) values (159,59,88);
insert into FRIENDSHIPS (FRIENDSHIP_ID, USER_ID1, USER_ID2) values (160,60,87);
insert into FRIENDSHIPS (FRIENDSHIP_ID, USER_ID1, USER_ID2) values (161,61,86);
insert into FRIENDSHIPS (FRIENDSHIP_ID, USER_ID1, USER_ID2) values (162,62,85);
insert into FRIENDSHIPS (FRIENDSHIP_ID, USER_ID1, USER_ID2) values (163,63,84);
insert into FRIENDSHIPS (FRIENDSHIP_ID, USER_ID1, USER_ID2) values (164,64,83);
insert into FRIENDSHIPS (FRIENDSHIP_ID, USER_ID1, USER_ID2) values (165,65,82);
insert into FRIENDSHIPS (FRIENDSHIP_ID, USER_ID1, USER_ID2) values (166,66,81);
insert into FRIENDSHIPS (FRIENDSHIP_ID, USER_ID1, USER_ID2) values (167,67,80);
insert into FRIENDSHIPS (FRIENDSHIP_ID, USER_ID1, USER_ID2) values (168,68,79);
insert into FRIENDSHIPS (FRIENDSHIP_ID, USER_ID1, USER_ID2) values (169,69,78);
insert into FRIENDSHIPS (FRIENDSHIP_ID, USER_ID1, USER_ID2) values (170,70,77);
insert into FRIENDSHIPS (FRIENDSHIP_ID, USER_ID1, USER_ID2) values (171,71,76);
insert into FRIENDSHIPS (FRIENDSHIP_ID, USER_ID1, USER_ID2) values (172,72,75);
insert into FRIENDSHIPS (FRIENDSHIP_ID, USER_ID1, USER_ID2) values (173,73,74);
insert into FRIENDSHIPS (FRIENDSHIP_ID, USER_ID1, USER_ID2) values (174,74,73);
insert into FRIENDSHIPS (FRIENDSHIP_ID, USER_ID1, USER_ID2) values (175,75,72);
insert into FRIENDSHIPS (FRIENDSHIP_ID, USER_ID1, USER_ID2) values (176,76,71);
insert into FRIENDSHIPS (FRIENDSHIP_ID, USER_ID1, USER_ID2) values (177,77,70);
insert into FRIENDSHIPS (FRIENDSHIP_ID, USER_ID1, USER_ID2) values (178,78,69);
insert into FRIENDSHIPS (FRIENDSHIP_ID, USER_ID1, USER_ID2) values (179,79,68);
insert into FRIENDSHIPS (FRIENDSHIP_ID, USER_ID1, USER_ID2) values (180,80,67);
insert into FRIENDSHIPS (FRIENDSHIP_ID, USER_ID1, USER_ID2) values (181,81,66);
insert into FRIENDSHIPS (FRIENDSHIP_ID, USER_ID1, USER_ID2) values (182,82,65);
insert into FRIENDSHIPS (FRIENDSHIP_ID, USER_ID1, USER_ID2) values (183,83,64);
insert into FRIENDSHIPS (FRIENDSHIP_ID, USER_ID1, USER_ID2) values (184,84,63);
insert into FRIENDSHIPS (FRIENDSHIP_ID, USER_ID1, USER_ID2) values (185,85,62);
insert into FRIENDSHIPS (FRIENDSHIP_ID, USER_ID1, USER_ID2) values (186,86,61);
insert into FRIENDSHIPS (FRIENDSHIP_ID, USER_ID1, USER_ID2) values (187,87,60);
insert into FRIENDSHIPS (FRIENDSHIP_ID, USER_ID1, USER_ID2) values (188,88,59);
insert into FRIENDSHIPS (FRIENDSHIP_ID, USER_ID1, USER_ID2) values (189,89,58);
insert into FRIENDSHIPS (FRIENDSHIP_ID, USER_ID1, USER_ID2) values (190,90,57);
insert into FRIENDSHIPS (FRIENDSHIP_ID, USER_ID1, USER_ID2) values (191,91,56);
insert into FRIENDSHIPS (FRIENDSHIP_ID, USER_ID1, USER_ID2) values (192,92,55);
insert into FRIENDSHIPS (FRIENDSHIP_ID, USER_ID1, USER_ID2) values (193,93,54);
insert into FRIENDSHIPS (FRIENDSHIP_ID, USER_ID1, USER_ID2) values (194,94,53);
insert into FRIENDSHIPS (FRIENDSHIP_ID, USER_ID1, USER_ID2) values (195,95,52);
insert into FRIENDSHIPS (FRIENDSHIP_ID, USER_ID1, USER_ID2) values (196,96,51);
insert into FRIENDSHIPS (FRIENDSHIP_ID, USER_ID1, USER_ID2) values (197,97,50);
insert into FRIENDSHIPS (FRIENDSHIP_ID, USER_ID1, USER_ID2) values (198,98,49);
insert into FRIENDSHIPS (FRIENDSHIP_ID, USER_ID1, USER_ID2) values (199,99,48);
insert into FRIENDSHIPS (FRIENDSHIP_ID, USER_ID1, USER_ID2) values (200,100,47);

---------------------------------------------------------------------------------------

INSERT INTO GROUPS (GROUP_ID, NAME, DESCRIPTION, MEMBER_LIMIT) VALUES (1, 'Ironman', 'Hangout for Ironman fans', 50);
INSERT INTO GROUPS (GROUP_ID, NAME, DESCRIPTION, MEMBER_LIMIT) VALUES (2, 'Batman', 'Hangout for Batman fans', 300);
INSERT INTO GROUPS (GROUP_ID, NAME, DESCRIPTION, MEMBER_LIMIT) VALUES (3, 'Superman', 'Hangout for Superman fans', 45);
INSERT INTO GROUPS (GROUP_ID, NAME, DESCRIPTION, MEMBER_LIMIT) VALUES (4, 'Thor', 'Hangout for Thor fans', 167);
INSERT INTO GROUPS (GROUP_ID, NAME, DESCRIPTION, MEMBER_LIMIT) VALUES (5, 'The Hulk', 'Hangout for The Hulk fans', 862);
INSERT INTO GROUPS (GROUP_ID, NAME, DESCRIPTION, MEMBER_LIMIT) VALUES (6, 'The Flash', 'Hangout for The Flash fans', 56);
INSERT INTO GROUPS (GROUP_ID, NAME, DESCRIPTION, MEMBER_LIMIT) VALUES (7, 'Daredevil', 'Hangout for Daredevil fans', 11);
INSERT INTO GROUPS (GROUP_ID, NAME, DESCRIPTION, MEMBER_LIMIT) VALUES (8, 'Hawkeye', 'Hangout for Hawkeye fans', 89);
INSERT INTO GROUPS (GROUP_ID, NAME, DESCRIPTION, MEMBER_LIMIT) VALUES (9, 'Spiderman', 'Hangout for Spiderman fans', 657);
INSERT INTO GROUPS (GROUP_ID, NAME, DESCRIPTION, MEMBER_LIMIT) VALUES (10, 'Aquaman', 'Hangout for Aquaman fans', 100);

INSERT INTO GROUP_MEMBERS (GROUP_NUMBER_ID, USER_ID, GROUP_ID) VALUES (1, 23, 2);
INSERT INTO GROUP_MEMBERS (GROUP_NUMBER_ID, USER_ID, GROUP_ID) VALUES (2, 2, 3);
INSERT INTO GROUP_MEMBERS (GROUP_NUMBER_ID, USER_ID, GROUP_ID) VALUES (3, 3, 2);
INSERT INTO GROUP_MEMBERS (GROUP_NUMBER_ID, USER_ID, GROUP_ID) VALUES (4, 4, 2);
INSERT INTO GROUP_MEMBERS (GROUP_NUMBER_ID, USER_ID, GROUP_ID) VALUES (5, 66, 1);
INSERT INTO GROUP_MEMBERS (GROUP_NUMBER_ID, USER_ID, GROUP_ID) VALUES (6, 78, 3);
INSERT INTO GROUP_MEMBERS (GROUP_NUMBER_ID, USER_ID, GROUP_ID) VALUES (7, 34, 4);
INSERT INTO GROUP_MEMBERS (GROUP_NUMBER_ID, USER_ID, GROUP_ID) VALUES (8, 43, 5);
INSERT INTO GROUP_MEMBERS (GROUP_NUMBER_ID, USER_ID, GROUP_ID) VALUES (9, 22, 6);
INSERT INTO GROUP_MEMBERS (GROUP_NUMBER_ID, USER_ID, GROUP_ID) VALUES (10, 12, 7);
INSERT INTO GROUP_MEMBERS (GROUP_NUMBER_ID, USER_ID, GROUP_ID) VALUES (11, 1, 8);

------------------------------------------------------------------------------------------------------------------------

insert into MESSAGES (MESSAGE_ID, BODY, SUBJECT, SENDER_ID, RECEIVER_ID, DATE_SENT) values (1, 'Aenean fermentum. Donec ut mauris eget massa tempor convallis. Nulla neque libero, convallis eget,','et, pulvinar sed, nisl. ',66, 116, TO_TIMESTAMP('2015-05-29 03:19:50', 'YYYY-MM-DD HH24:MI:SS'));
insert into MESSAGES (MESSAGE_ID, BODY, SUBJECT, SENDER_ID, RECEIVER_ID, DATE_SENT) values (2, 'Pellentesque viverra pede ac diam. Cras pellentesque volutpat dui. Maecenas tristique, est et temp','augue quam, sollicitudin',122, 196, TO_TIMESTAMP('2015-06-14 03:39:01', 'YYYY-MM-DD HH24:MI:SS'));
insert into MESSAGES (MESSAGE_ID, BODY, SUBJECT, SENDER_ID, RECEIVER_ID, DATE_SENT) values (3, 'In quis justo. Maecenas rhoncus aliquam lacus. Morbi quis tortor id nulla ultrices aliquet. Maecen','er non velit. Donec diam',141, 55, TO_TIMESTAMP('2015-10-20 11:17:12', 'YYYY-MM-DD HH24:MI:SS'));
insert into MESSAGES (MESSAGE_ID, BODY, SUBJECT, SENDER_ID, RECEIVER_ID, DATE_SENT) values (4, 'In blandit ultrices enim. Lorem ipsum dolor sit amet, consectetuer adipiscing elit. Proin interdum','lum ante ipsum primis in',174, 177, TO_TIMESTAMP('2016-03-21 07:48:10', 'YYYY-MM-DD HH24:MI:SS'));
insert into MESSAGES (MESSAGE_ID, BODY, SUBJECT, SENDER_ID, RECEIVER_ID, DATE_SENT) values (5, 'Mauris enim leo, rhoncus sed, vestibulum sit amet, cursus id, turpis. Integer aliquet, massa id lo','tesque viverra pede ac d',168, 85, TO_TIMESTAMP('2015-09-27 14:08:48', 'YYYY-MM-DD HH24:MI:SS'));
insert into MESSAGES (MESSAGE_ID, BODY, SUBJECT, SENDER_ID, RECEIVER_ID, DATE_SENT) values (6, 'Fusce posuere felis sed lacus. Morbi sem mauris, laoreet ut, rhoncus aliquet, pulvinar sed, nisl. ','nean sit amet justo. Mor',149, 113, TO_TIMESTAMP('2016-04-06 06:40:47', 'YYYY-MM-DD HH24:MI:SS'));
insert into MESSAGES (MESSAGE_ID, BODY, SUBJECT, SENDER_ID, RECEIVER_ID, DATE_SENT) values (7, 'Curabitur gravida nisi at nibh. In hac habitasse platea dictumst. Aliquam augue quam, sollicitudin','ctus. Suspendisse potent',57, 144, TO_TIMESTAMP('2016-01-29 02:34:30', 'YYYY-MM-DD HH24:MI:SS'));
insert into MESSAGES (MESSAGE_ID, BODY, SUBJECT, SENDER_ID, RECEIVER_ID, DATE_SENT) values (8, 'Duis aliquam convallis nunc. Proin at turpis a pede posuere nonummy. Integer non velit. Donec diam','lum ante ipsum primis in',35, 200, TO_TIMESTAMP('2015-10-16 07:27:23', 'YYYY-MM-DD HH24:MI:SS'));
insert into MESSAGES (MESSAGE_ID, BODY, SUBJECT, SENDER_ID, RECEIVER_ID, DATE_SENT) values (9, 'Vestibulum quam sapien, varius ut, blandit non, interdum in, ante. Vestibulum ante ipsum primis in','m sed magna at nunc comm',142, 183, TO_TIMESTAMP('2015-10-26 14:18:25', 'YYYY-MM-DD HH24:MI:SS'));
insert into MESSAGES (MESSAGE_ID, BODY, SUBJECT, SENDER_ID, RECEIVER_ID, DATE_SENT) values (10, 'Maecenas leo odio, condimentum id, luctus nec, molestie sed, justo. Pellentesque viverra pede ac d','augue quam, sollicitudin',172, 74, TO_TIMESTAMP('2015-10-01 04:44:01', 'YYYY-MM-DD HH24:MI:SS'));
insert into MESSAGES (MESSAGE_ID, BODY, SUBJECT, SENDER_ID, RECEIVER_ID, DATE_SENT) values (11, 'Aenean auctor gravida sem. Praesent id massa id nisl venenatis lacinia. Aenean sit amet justo. Mor','. Integer pede justo, la',9, 75, TO_TIMESTAMP('2015-09-25 18:56:05', 'YYYY-MM-DD HH24:MI:SS'));
insert into MESSAGES (MESSAGE_ID, BODY, SUBJECT, SENDER_ID, RECEIVER_ID, DATE_SENT) values (12, 'Duis ac nibh. Fusce lacus purus, aliquet at, feugiat non, pretium quis, lectus. Suspendisse potent','t et, commodo vulputate,',68, 75, TO_TIMESTAMP('2015-05-09 14:56:52', 'YYYY-MM-DD HH24:MI:SS'));
insert into MESSAGES (MESSAGE_ID, BODY, SUBJECT, SENDER_ID, RECEIVER_ID, DATE_SENT) values (13, 'Vestibulum quam sapien, varius ut, blandit non, interdum in, ante. Vestibulum ante ipsum primis in','ut dolor. Morbi vel lect',53, 77, TO_TIMESTAMP('2016-02-18 16:03:56', 'YYYY-MM-DD HH24:MI:SS'));
insert into MESSAGES (MESSAGE_ID, BODY, SUBJECT, SENDER_ID, RECEIVER_ID, DATE_SENT) values (14, 'Integer tincidunt ante vel ipsum. Praesent blandit lacinia erat. Vestibulum sed magna at nunc comm','m eu, interdum eu, tinci',178, 70, TO_TIMESTAMP('2015-05-31 00:54:11', 'YYYY-MM-DD HH24:MI:SS'));
insert into MESSAGES (MESSAGE_ID, BODY, SUBJECT, SENDER_ID, RECEIVER_ID, DATE_SENT) values (15, 'Curabitur gravida nisi at nibh. In hac habitasse platea dictumst. Aliquam augue quam, sollicitudin','in, ante. Vestibulum ant',84, 103, TO_TIMESTAMP('2015-10-18 23:19:09', 'YYYY-MM-DD HH24:MI:SS'));
insert into MESSAGES (MESSAGE_ID, BODY, SUBJECT, SENDER_ID, RECEIVER_ID, DATE_SENT) values (16, 'Vestibulum sed magna at nunc commodo placerat. Praesent blandit. Nam nulla. Integer pede justo, la','ultrices aliquet. Maecen',116, 108, TO_TIMESTAMP('2015-04-28 00:52:20', 'YYYY-MM-DD HH24:MI:SS'));
insert into MESSAGES (MESSAGE_ID, BODY, SUBJECT, SENDER_ID, RECEIVER_ID, DATE_SENT) values (17, 'Aenean sit amet justo. Morbi ut odio. Cras mi pede, malesuada in, imperdiet et, commodo vulputate,','uat. Nulla nisl. Nunc ni',146, 138, TO_TIMESTAMP('2015-07-15 02:38:27', 'YYYY-MM-DD HH24:MI:SS'));
insert into MESSAGES (MESSAGE_ID, BODY, SUBJECT, SENDER_ID, RECEIVER_ID, DATE_SENT) values (18, 'Curabitur convallis. Duis consequat dui nec nisi volutpat eleifend. Donec ut dolor. Morbi vel lect','s tristique, est et temp',177, 145, TO_TIMESTAMP('2016-01-08 13:58:27', 'YYYY-MM-DD HH24:MI:SS'));
insert into MESSAGES (MESSAGE_ID, BODY, SUBJECT, SENDER_ID, RECEIVER_ID, DATE_SENT) values (19, 'Curabitur in libero ut massa volutpat convallis. Morbi odio odio, elementum eu, interdum eu, tinci','m ac est lacinia nisi ve',74, 12, TO_TIMESTAMP('2016-01-30 16:56:07', 'YYYY-MM-DD HH24:MI:SS'));
insert into MESSAGES (MESSAGE_ID, BODY, SUBJECT, SENDER_ID, RECEIVER_ID, DATE_SENT) values (20, 'Praesent lectus. Vestibulum quam sapien, varius ut, blandit non, interdum in, ante. Vestibulum ant','n, tempus sit amet, sem.',20, 29, TO_TIMESTAMP('2015-10-16 07:37:34', 'YYYY-MM-DD HH24:MI:SS'));
insert into MESSAGES (MESSAGE_ID, BODY, SUBJECT, SENDER_ID, RECEIVER_ID, DATE_SENT) values (21, 'In quis justo. Maecenas rhoncus aliquam lacus. Morbi quis tortor id nulla ultrices aliquet. Maecen','ing elit. Proin interdum',17, 193, TO_TIMESTAMP('2015-04-12 02:19:34', 'YYYY-MM-DD HH24:MI:SS'));
insert into MESSAGES (MESSAGE_ID, BODY, SUBJECT, SENDER_ID, RECEIVER_ID, DATE_SENT) values (22, 'In est risus, auctor sed, tristique in, tempus sit amet, sem. Fusce consequat. Nulla nisl. Nunc ni','sa quis augue luctus tin',75, 146, TO_TIMESTAMP('2015-09-06 19:26:19', 'YYYY-MM-DD HH24:MI:SS'));
insert into MESSAGES (MESSAGE_ID, BODY, SUBJECT, SENDER_ID, RECEIVER_ID, DATE_SENT) values (23, 'Pellentesque viverra pede ac diam. Cras pellentesque volutpat dui. Maecenas tristique, est et temp','sl. Aenean lectus. Pelle',29, 148, TO_TIMESTAMP('2015-04-09 18:41:54', 'YYYY-MM-DD HH24:MI:SS'));
insert into MESSAGES (MESSAGE_ID, BODY, SUBJECT, SENDER_ID, RECEIVER_ID, DATE_SENT) values (24, 'Donec odio justo, sollicitudin ut, suscipit a, feugiat et, eros. Vestibulum ac est lacinia nisi ve','ing elit. Proin interdum',80, 28, TO_TIMESTAMP('2016-02-22 23:04:44', 'YYYY-MM-DD HH24:MI:SS'));
insert into MESSAGES (MESSAGE_ID, BODY, SUBJECT, SENDER_ID, RECEIVER_ID, DATE_SENT) values (25, 'Suspendisse ornare consequat lectus. In est risus, auctor sed, tristique in, tempus sit amet, sem.','es vel, augue. Vestibulu',171, 197, TO_TIMESTAMP('2015-05-10 00:44:31', 'YYYY-MM-DD HH24:MI:SS'));
insert into MESSAGES (MESSAGE_ID, BODY, SUBJECT, SENDER_ID, RECEIVER_ID, DATE_SENT) values (26, 'In blandit ultrices enim. Lorem ipsum dolor sit amet, consectetuer adipiscing elit. Proin interdum','condimentum. Curabitur i',66, 152, TO_TIMESTAMP('2015-06-20 20:20:38', 'YYYY-MM-DD HH24:MI:SS'));
insert into MESSAGES (MESSAGE_ID, BODY, SUBJECT, SENDER_ID, RECEIVER_ID, DATE_SENT) values (27, 'In eleifend quam a odio. In hac habitasse platea dictumst. Maecenas ut massa quis augue luctus tin','ctus. Suspendisse potent',125, 8, TO_TIMESTAMP('2016-01-28 21:18:19', 'YYYY-MM-DD HH24:MI:SS'));
insert into MESSAGES (MESSAGE_ID, BODY, SUBJECT, SENDER_ID, RECEIVER_ID, DATE_SENT) values (28, 'Vivamus metus arcu, adipiscing molestie, hendrerit at, vulputate vitae, nisl. Aenean lectus. Pelle','lum ante ipsum primis in',193, 113, TO_TIMESTAMP('2015-04-11 06:30:27', 'YYYY-MM-DD HH24:MI:SS'));
insert into MESSAGES (MESSAGE_ID, BODY, SUBJECT, SENDER_ID, RECEIVER_ID, DATE_SENT) values (29, 'In blandit ultrices enim. Lorem ipsum dolor sit amet, consectetuer adipiscing elit. Proin interdum','quam sit amet diam in ma',190, 17, TO_TIMESTAMP('2016-02-12 00:37:01', 'YYYY-MM-DD HH24:MI:SS'));
insert into MESSAGES (MESSAGE_ID, BODY, SUBJECT, SENDER_ID, RECEIVER_ID, DATE_SENT) values (30, 'Integer non velit. Donec diam neque, vestibulum eget, vulputate ut, ultrices vel, augue. Vestibulu','In tempor, turpis nec eu',191, 187, TO_TIMESTAMP('2016-02-21 00:31:52', 'YYYY-MM-DD HH24:MI:SS'));
insert into MESSAGES (MESSAGE_ID, BODY, SUBJECT, SENDER_ID, RECEIVER_ID, DATE_SENT) values (31, 'Aenean lectus. Pellentesque eget nunc. Donec quis orci eget orci vehicula condimentum. Curabitur i','estibulum. Proin eu mi. ',192, 141, TO_TIMESTAMP('2015-05-17 14:21:31', 'YYYY-MM-DD HH24:MI:SS'));
insert into MESSAGES (MESSAGE_ID, BODY, SUBJECT, SENDER_ID, RECEIVER_ID, DATE_SENT) values (32, 'Duis ac nibh. Fusce lacus purus, aliquet at, feugiat non, pretium quis, lectus. Suspendisse potent','t et, commodo vulputate,',160, 89, TO_TIMESTAMP('2015-08-24 07:12:09', 'YYYY-MM-DD HH24:MI:SS'));
insert into MESSAGES (MESSAGE_ID, BODY, SUBJECT, SENDER_ID, RECEIVER_ID, DATE_SENT) values (33, 'Vestibulum quam sapien, varius ut, blandit non, interdum in, ante. Vestibulum ante ipsum primis in','. Integer pede justo, la',44, 63, TO_TIMESTAMP('2015-11-13 13:02:37', 'YYYY-MM-DD HH24:MI:SS'));
insert into MESSAGES (MESSAGE_ID, BODY, SUBJECT, SENDER_ID, RECEIVER_ID, DATE_SENT) values (34, 'Donec posuere metus vitae ipsum. Aliquam non mauris. Morbi non lectus. Aliquam sit amet diam in ma','ttis egestas metus. Aene',188, 76, TO_TIMESTAMP('2015-10-10 08:13:07', 'YYYY-MM-DD HH24:MI:SS'));
insert into MESSAGES (MESSAGE_ID, BODY, SUBJECT, SENDER_ID, RECEIVER_ID, DATE_SENT) values (35, 'Vivamus in felis eu sapien cursus vestibulum. Proin eu mi. Nulla ac enim. In tempor, turpis nec eu',', justo. In blandit ultr',33, 179, TO_TIMESTAMP('2015-09-06 03:51:45', 'YYYY-MM-DD HH24:MI:SS'));
insert into MESSAGES (MESSAGE_ID, BODY, SUBJECT, SENDER_ID, RECEIVER_ID, DATE_SENT) values (36, 'Phasellus sit amet erat. Nulla tempus. Vivamus in felis eu sapien cursus vestibulum. Proin eu mi. ','ttis dui vel nisl. Duis ',88, 110, TO_TIMESTAMP('2015-06-04 04:41:38', 'YYYY-MM-DD HH24:MI:SS'));
insert into MESSAGES (MESSAGE_ID, BODY, SUBJECT, SENDER_ID, RECEIVER_ID, DATE_SENT) values (37, 'Aenean sit amet justo. Morbi ut odio. Cras mi pede, malesuada in, imperdiet et, commodo vulputate,','. Praesent id massa id n',105, 79, TO_TIMESTAMP('2016-02-27 02:01:32', 'YYYY-MM-DD HH24:MI:SS'));
insert into MESSAGES (MESSAGE_ID, BODY, SUBJECT, SENDER_ID, RECEIVER_ID, DATE_SENT) values (38, 'Vestibulum sed magna at nunc commodo placerat. Praesent blandit. Nam nulla. Integer pede justo, la','sl. Duis ac nibh. Fusce ',176, 78, TO_TIMESTAMP('2015-12-30 12:00:50', 'YYYY-MM-DD HH24:MI:SS'));
insert into MESSAGES (MESSAGE_ID, BODY, SUBJECT, SENDER_ID, RECEIVER_ID, DATE_SENT) values (39, 'Suspendisse accumsan tortor quis turpis. Sed ante. Vivamus tortor. Duis mattis egestas metus. Aene','mpor convallis. Nulla ne',2, 38, TO_TIMESTAMP('2015-10-21 01:07:43', 'YYYY-MM-DD HH24:MI:SS'));
insert into MESSAGES (MESSAGE_ID, BODY, SUBJECT, SENDER_ID, RECEIVER_ID, DATE_SENT) values (40, 'Morbi ut odio. Cras mi pede, malesuada in, imperdiet et, commodo vulputate, justo. In blandit ultr','iculus mus. Etiam vel au',109, 200, TO_TIMESTAMP('2015-07-16 01:50:22', 'YYYY-MM-DD HH24:MI:SS'));
insert into MESSAGES (MESSAGE_ID, BODY, SUBJECT, SENDER_ID, RECEIVER_ID, DATE_SENT) values (41, 'Duis bibendum. Morbi non quam nec dui luctus rutrum. Nulla tellus. In sagittis dui vel nisl. Duis ','agnis dis parturient mon',60, 118, TO_TIMESTAMP('2015-04-22 12:17:28', 'YYYY-MM-DD HH24:MI:SS'));
insert into MESSAGES (MESSAGE_ID, BODY, SUBJECT, SENDER_ID, RECEIVER_ID, DATE_SENT) values (42, 'Etiam vel augue. Vestibulum rutrum rutrum neque. Aenean auctor gravida sem. Praesent id massa id n','ubilia Curae; Nulla dapi',51, 113, TO_TIMESTAMP('2015-11-22 13:49:48', 'YYYY-MM-DD HH24:MI:SS'));
insert into MESSAGES (MESSAGE_ID, BODY, SUBJECT, SENDER_ID, RECEIVER_ID, DATE_SENT) values (43, 'Morbi non quam nec dui luctus rutrum. Nulla tellus. In sagittis dui vel nisl. Duis ac nibh. Fusce ','itae mattis nibh ligula ',56, 85, TO_TIMESTAMP('2016-03-16 20:39:59', 'YYYY-MM-DD HH24:MI:SS'));
insert into MESSAGES (MESSAGE_ID, BODY, SUBJECT, SENDER_ID, RECEIVER_ID, DATE_SENT) values (44, 'Duis mattis egestas metus. Aenean fermentum. Donec ut mauris eget massa tempor convallis. Nulla ne','tesque viverra pede ac d',55, 142, TO_TIMESTAMP('2015-09-17 19:36:46', 'YYYY-MM-DD HH24:MI:SS'));
insert into MESSAGES (MESSAGE_ID, BODY, SUBJECT, SENDER_ID, RECEIVER_ID, DATE_SENT) values (45, 'Cum sociis natoque penatibus et magnis dis parturient montes, nascetur ridiculus mus. Etiam vel au','iculus mus. Etiam vel au',179, 140, TO_TIMESTAMP('2015-04-30 20:32:52', 'YYYY-MM-DD HH24:MI:SS'));
insert into MESSAGES (MESSAGE_ID, BODY, SUBJECT, SENDER_ID, RECEIVER_ID, DATE_SENT) values (46, 'Cras in purus eu magna vulputate luctus. Cum sociis natoque penatibus et magnis dis parturient mon',' non mauris. Morbi non l',94, 13, TO_TIMESTAMP('2015-08-25 02:04:58', 'YYYY-MM-DD HH24:MI:SS'));
insert into MESSAGES (MESSAGE_ID, BODY, SUBJECT, SENDER_ID, RECEIVER_ID, DATE_SENT) values (47, 'Vestibulum ante ipsum primis in faucibus orci luctus et ultrices posuere cubilia Curae; Nulla dapi',' enim blandit mi, in por',57, 71, TO_TIMESTAMP('2016-01-25 04:16:21', 'YYYY-MM-DD HH24:MI:SS'));
insert into MESSAGES (MESSAGE_ID, BODY, SUBJECT, SENDER_ID, RECEIVER_ID, DATE_SENT) values (48, 'In tempor, turpis nec euismod scelerisque, quam turpis adipiscing lorem, vitae mattis nibh ligula ','itae mattis nibh ligula ',27, 171, TO_TIMESTAMP('2015-08-22 17:00:45', 'YYYY-MM-DD HH24:MI:SS'));
insert into MESSAGES (MESSAGE_ID, BODY, SUBJECT, SENDER_ID, RECEIVER_ID, DATE_SENT) values (49, 'Maecenas leo odio, condimentum id, luctus nec, molestie sed, justo. Pellentesque viverra pede ac d','ivamus tortor. Duis matt',179, 125, TO_TIMESTAMP('2016-02-07 14:04:08', 'YYYY-MM-DD HH24:MI:SS'));
insert into MESSAGES (MESSAGE_ID, BODY, SUBJECT, SENDER_ID, RECEIVER_ID, DATE_SENT) values (50, 'Cum sociis natoque penatibus et magnis dis parturient montes, nascetur ridiculus mus. Etiam vel au','ttis dui vel nisl. Duis ',193, 161, TO_TIMESTAMP('2016-02-26 17:04:30', 'YYYY-MM-DD HH24:MI:SS'));
insert into MESSAGES (MESSAGE_ID, BODY, SUBJECT, SENDER_ID, RECEIVER_ID, DATE_SENT) values (51, 'Nullam porttitor lacus at turpis. Donec posuere metus vitae ipsum. Aliquam non mauris. Morbi non l','te luctus. Cum sociis na',159, 101, TO_TIMESTAMP('2015-07-04 16:46:23', 'YYYY-MM-DD HH24:MI:SS'));
insert into MESSAGES (MESSAGE_ID, BODY, SUBJECT, SENDER_ID, RECEIVER_ID, DATE_SENT) values (52, 'Nulla nisl. Nunc nisl. Duis bibendum, felis sed interdum venenatis, turpis enim blandit mi, in por','sa volutpat convallis. M',160, 172, TO_TIMESTAMP('2015-05-26 12:44:05', 'YYYY-MM-DD HH24:MI:SS'));
insert into MESSAGES (MESSAGE_ID, BODY, SUBJECT, SENDER_ID, RECEIVER_ID, DATE_SENT) values (53, 'In tempor, turpis nec euismod scelerisque, quam turpis adipiscing lorem, vitae mattis nibh ligula ','et eleifend pede libero ',91, 195, TO_TIMESTAMP('2015-07-03 14:49:20', 'YYYY-MM-DD HH24:MI:SS'));
insert into MESSAGES (MESSAGE_ID, BODY, SUBJECT, SENDER_ID, RECEIVER_ID, DATE_SENT) values (54, 'Mauris sit amet eros. Suspendisse accumsan tortor quis turpis. Sed ante. Vivamus tortor. Duis matt','m. Integer tincidunt ant',45, 179, TO_TIMESTAMP('2016-02-07 19:43:49', 'YYYY-MM-DD HH24:MI:SS'));
insert into MESSAGES (MESSAGE_ID, BODY, SUBJECT, SENDER_ID, RECEIVER_ID, DATE_SENT) values (55, 'Duis bibendum. Morbi non quam nec dui luctus rutrum. Nulla tellus. In sagittis dui vel nisl. Duis ','utpat, quam pede loborti',15, 99, TO_TIMESTAMP('2015-10-27 00:10:02', 'YYYY-MM-DD HH24:MI:SS'));
insert into MESSAGES (MESSAGE_ID, BODY, SUBJECT, SENDER_ID, RECEIVER_ID, DATE_SENT) values (56, 'Pellentesque at nulla. Suspendisse potenti. Cras in purus eu magna vulputate luctus. Cum sociis na','sa id nisl venenatis lac',116, 70, TO_TIMESTAMP('2016-03-10 04:44:01', 'YYYY-MM-DD HH24:MI:SS'));
insert into MESSAGES (MESSAGE_ID, BODY, SUBJECT, SENDER_ID, RECEIVER_ID, DATE_SENT) values (57, 'Donec quis orci eget orci vehicula condimentum. Curabitur in libero ut massa volutpat convallis. M','tortor id nulla ultrices',11, 167, TO_TIMESTAMP('2015-07-06 05:15:38', 'YYYY-MM-DD HH24:MI:SS'));
insert into MESSAGES (MESSAGE_ID, BODY, SUBJECT, SENDER_ID, RECEIVER_ID, DATE_SENT) values (58, 'Nam congue, risus semper porta volutpat, quam pede lobortis ligula, sit amet eleifend pede libero ','equat metus sapien ut nu',179, 80, TO_TIMESTAMP('2015-12-21 00:39:43', 'YYYY-MM-DD HH24:MI:SS'));
insert into MESSAGES (MESSAGE_ID, BODY, SUBJECT, SENDER_ID, RECEIVER_ID, DATE_SENT) values (59, 'Aliquam augue quam, sollicitudin vitae, consectetuer eget, rutrum at, lorem. Integer tincidunt ant','quam sit amet diam in ma',157, 33, TO_TIMESTAMP('2015-06-08 01:28:33', 'YYYY-MM-DD HH24:MI:SS'));
insert into MESSAGES (MESSAGE_ID, BODY, SUBJECT, SENDER_ID, RECEIVER_ID, DATE_SENT) values (60, 'Nunc rhoncus dui vel sem. Sed sagittis. Nam congue, risus semper porta volutpat, quam pede loborti','porttitor lorem id ligul',61, 151, TO_TIMESTAMP('2015-12-03 17:03:49', 'YYYY-MM-DD HH24:MI:SS'));
insert into MESSAGES (MESSAGE_ID, BODY, SUBJECT, SENDER_ID, RECEIVER_ID, DATE_SENT) values (61, 'Vestibulum rutrum rutrum neque. Aenean auctor gravida sem. Praesent id massa id nisl venenatis lac','umst. Maecenas ut massa ',172, 73, TO_TIMESTAMP('2015-08-23 00:32:40', 'YYYY-MM-DD HH24:MI:SS'));
insert into MESSAGES (MESSAGE_ID, BODY, SUBJECT, SENDER_ID, RECEIVER_ID, DATE_SENT) values (62, 'Integer a nibh. In quis justo. Maecenas rhoncus aliquam lacus. Morbi quis tortor id nulla ultrices','auris non ligula pellent',136, 138, TO_TIMESTAMP('2015-09-14 18:18:17', 'YYYY-MM-DD HH24:MI:SS'));
insert into MESSAGES (MESSAGE_ID, BODY, SUBJECT, SENDER_ID, RECEIVER_ID, DATE_SENT) values (63, 'Maecenas tristique, est et tempus semper, est quam pharetra magna, ac consequat metus sapien ut nu','m sed magna at nunc comm',116, 189, TO_TIMESTAMP('2015-12-18 09:50:26', 'YYYY-MM-DD HH24:MI:SS'));
insert into MESSAGES (MESSAGE_ID, BODY, SUBJECT, SENDER_ID, RECEIVER_ID, DATE_SENT) values (64, 'Donec posuere metus vitae ipsum. Aliquam non mauris. Morbi non lectus. Aliquam sit amet diam in ma','umst. Maecenas ut massa ',198, 52, TO_TIMESTAMP('2015-10-21 00:16:09', 'YYYY-MM-DD HH24:MI:SS'));
insert into MESSAGES (MESSAGE_ID, BODY, SUBJECT, SENDER_ID, RECEIVER_ID, DATE_SENT) values (65, 'Integer pede justo, lacinia eget, tincidunt eget, tempus vel, pede. Morbi porttitor lorem id ligul','vestibulum sit amet, cur',11, 102, TO_TIMESTAMP('2015-10-26 20:55:43', 'YYYY-MM-DD HH24:MI:SS'));
insert into MESSAGES (MESSAGE_ID, BODY, SUBJECT, SENDER_ID, RECEIVER_ID, DATE_SENT) values (66, 'Suspendisse potenti. In eleifend quam a odio. In hac habitasse platea dictumst. Maecenas ut massa ','st risus, auctor sed, tr',140, 69, TO_TIMESTAMP('2015-09-24 13:29:16', 'YYYY-MM-DD HH24:MI:SS'));
insert into MESSAGES (MESSAGE_ID, BODY, SUBJECT, SENDER_ID, RECEIVER_ID, DATE_SENT) values (67, 'Lorem ipsum dolor sit amet, consectetuer adipiscing elit. Proin interdum mauris non ligula pellent','idunt. Nulla mollis mole',96, 123, TO_TIMESTAMP('2015-07-11 21:26:26', 'YYYY-MM-DD HH24:MI:SS'));
insert into MESSAGES (MESSAGE_ID, BODY, SUBJECT, SENDER_ID, RECEIVER_ID, DATE_SENT) values (68, 'Integer tincidunt ante vel ipsum. Praesent blandit lacinia erat. Vestibulum sed magna at nunc comm','. Quisque ut erat. Curab',85, 83, TO_TIMESTAMP('2016-01-11 17:32:29', 'YYYY-MM-DD HH24:MI:SS'));
insert into MESSAGES (MESSAGE_ID, BODY, SUBJECT, SENDER_ID, RECEIVER_ID, DATE_SENT) values (69, 'Suspendisse potenti. In eleifend quam a odio. In hac habitasse platea dictumst. Maecenas ut massa ','est quam pharetra magna,',112, 102, TO_TIMESTAMP('2015-09-14 02:47:36', 'YYYY-MM-DD HH24:MI:SS'));
insert into MESSAGES (MESSAGE_ID, BODY, SUBJECT, SENDER_ID, RECEIVER_ID, DATE_SENT) values (70, 'Morbi vel lectus in quam fringilla rhoncus. Mauris enim leo, rhoncus sed, vestibulum sit amet, cur','rttitor pede justo eu ma',60, 156, TO_TIMESTAMP('2015-04-23 05:10:41', 'YYYY-MM-DD HH24:MI:SS'));
insert into MESSAGES (MESSAGE_ID, BODY, SUBJECT, SENDER_ID, RECEIVER_ID, DATE_SENT) values (71, 'Morbi porttitor lorem id ligula. Suspendisse ornare consequat lectus. In est risus, auctor sed, tr','is, diam erat fermentum ',41, 118, TO_TIMESTAMP('2016-03-13 03:41:05', 'YYYY-MM-DD HH24:MI:SS'));
insert into MESSAGES (MESSAGE_ID, BODY, SUBJECT, SENDER_ID, RECEIVER_ID, DATE_SENT) values (72, 'In hac habitasse platea dictumst. Maecenas ut massa quis augue luctus tincidunt. Nulla mollis mole',' libero, convallis eget,',186, 79, TO_TIMESTAMP('2015-05-29 19:29:19', 'YYYY-MM-DD HH24:MI:SS'));
insert into MESSAGES (MESSAGE_ID, BODY, SUBJECT, SENDER_ID, RECEIVER_ID, DATE_SENT) values (73, 'Maecenas ut massa quis augue luctus tincidunt. Nulla mollis molestie lorem. Quisque ut erat. Curab','venenatis, turpis enim b',99, 17, TO_TIMESTAMP('2016-01-14 05:08:08', 'YYYY-MM-DD HH24:MI:SS'));
insert into MESSAGES (MESSAGE_ID, BODY, SUBJECT, SENDER_ID, RECEIVER_ID, DATE_SENT) values (74, 'Cras pellentesque volutpat dui. Maecenas tristique, est et tempus semper, est quam pharetra magna,','n, tempus sit amet, sem.',133, 174, TO_TIMESTAMP('2015-10-11 07:13:52', 'YYYY-MM-DD HH24:MI:SS'));
insert into MESSAGES (MESSAGE_ID, BODY, SUBJECT, SENDER_ID, RECEIVER_ID, DATE_SENT) values (75, 'Duis bibendum, felis sed interdum venenatis, turpis enim blandit mi, in porttitor pede justo eu ma','. Cras in purus eu magna',108, 184, TO_TIMESTAMP('2015-08-20 08:42:17', 'YYYY-MM-DD HH24:MI:SS'));
insert into MESSAGES (MESSAGE_ID, BODY, SUBJECT, SENDER_ID, RECEIVER_ID, DATE_SENT) values (76, 'In hac habitasse platea dictumst. Morbi vestibulum, velit id pretium iaculis, diam erat fermentum ','est quam pharetra magna,',69, 12, TO_TIMESTAMP('2015-12-21 08:31:41', 'YYYY-MM-DD HH24:MI:SS'));
insert into MESSAGES (MESSAGE_ID, BODY, SUBJECT, SENDER_ID, RECEIVER_ID, DATE_SENT) values (77, 'Aenean fermentum. Donec ut mauris eget massa tempor convallis. Nulla neque libero, convallis eget,','m ac est lacinia nisi ve',14, 117, TO_TIMESTAMP('2015-08-17 05:39:50', 'YYYY-MM-DD HH24:MI:SS'));
insert into MESSAGES (MESSAGE_ID, BODY, SUBJECT, SENDER_ID, RECEIVER_ID, DATE_SENT) values (78, 'Fusce consequat. Nulla nisl. Nunc nisl. Duis bibendum, felis sed interdum venenatis, turpis enim b','et eleifend pede libero ',89, 92, TO_TIMESTAMP('2015-12-10 09:22:58', 'YYYY-MM-DD HH24:MI:SS'));
insert into MESSAGES (MESSAGE_ID, BODY, SUBJECT, SENDER_ID, RECEIVER_ID, DATE_SENT) values (79, 'Suspendisse ornare consequat lectus. In est risus, auctor sed, tristique in, tempus sit amet, sem.','equat metus sapien ut nu',36, 154, TO_TIMESTAMP('2016-02-26 22:34:08', 'YYYY-MM-DD HH24:MI:SS'));
insert into MESSAGES (MESSAGE_ID, BODY, SUBJECT, SENDER_ID, RECEIVER_ID, DATE_SENT) values (80, 'Nullam molestie nibh in lectus. Pellentesque at nulla. Suspendisse potenti. Cras in purus eu magna','iculus mus. Vivamus vest',175, 163, TO_TIMESTAMP('2016-03-10 10:36:56', 'YYYY-MM-DD HH24:MI:SS'));
insert into MESSAGES (MESSAGE_ID, BODY, SUBJECT, SENDER_ID, RECEIVER_ID, DATE_SENT) values (81, 'Cras pellentesque volutpat dui. Maecenas tristique, est et tempus semper, est quam pharetra magna,',' vehicula consequat. Mor',99, 138, TO_TIMESTAMP('2016-03-01 20:05:11', 'YYYY-MM-DD HH24:MI:SS'));
insert into MESSAGES (MESSAGE_ID, BODY, SUBJECT, SENDER_ID, RECEIVER_ID, DATE_SENT) values (82, 'Donec odio justo, sollicitudin ut, suscipit a, feugiat et, eros. Vestibulum ac est lacinia nisi ve','augue quam, sollicitudin',101, 196, TO_TIMESTAMP('2015-11-07 11:29:02', 'YYYY-MM-DD HH24:MI:SS'));
insert into MESSAGES (MESSAGE_ID, BODY, SUBJECT, SENDER_ID, RECEIVER_ID, DATE_SENT) values (83, 'Nam congue, risus semper porta volutpat, quam pede lobortis ligula, sit amet eleifend pede libero ','m eu, interdum eu, tinci',22, 80, TO_TIMESTAMP('2015-12-08 20:03:24', 'YYYY-MM-DD HH24:MI:SS'));
insert into MESSAGES (MESSAGE_ID, BODY, SUBJECT, SENDER_ID, RECEIVER_ID, DATE_SENT) values (84, 'Maecenas tristique, est et tempus semper, est quam pharetra magna, ac consequat metus sapien ut nu','ictumst. Aliquam augue q',128, 71, TO_TIMESTAMP('2015-10-03 03:56:02', 'YYYY-MM-DD HH24:MI:SS'));
insert into MESSAGES (MESSAGE_ID, BODY, SUBJECT, SENDER_ID, RECEIVER_ID, DATE_SENT) values (85, 'Cum sociis natoque penatibus et magnis dis parturient montes, nascetur ridiculus mus. Vivamus vest','tesque viverra pede ac d',24, 116, TO_TIMESTAMP('2015-05-20 21:28:33', 'YYYY-MM-DD HH24:MI:SS'));
insert into MESSAGES (MESSAGE_ID, BODY, SUBJECT, SENDER_ID, RECEIVER_ID, DATE_SENT) values (86, 'Mauris lacinia sapien quis libero. Nullam sit amet turpis elementum ligula vehicula consequat. Mor','ivamus tortor. Duis matt',41, 101, TO_TIMESTAMP('2015-08-18 08:23:14', 'YYYY-MM-DD HH24:MI:SS'));
insert into MESSAGES (MESSAGE_ID, BODY, SUBJECT, SENDER_ID, RECEIVER_ID, DATE_SENT) values (87, 'Curabitur gravida nisi at nibh. In hac habitasse platea dictumst. Aliquam augue quam, sollicitudin','consectetuer eget, rutru',79, 22, TO_TIMESTAMP('2016-02-22 08:49:43', 'YYYY-MM-DD HH24:MI:SS'));
insert into MESSAGES (MESSAGE_ID, BODY, SUBJECT, SENDER_ID, RECEIVER_ID, DATE_SENT) values (88, 'Curabitur in libero ut massa volutpat convallis. Morbi odio odio, elementum eu, interdum eu, tinci','sa quis augue luctus tin',192, 89, TO_TIMESTAMP('2015-08-12 11:50:44', 'YYYY-MM-DD HH24:MI:SS'));
insert into MESSAGES (MESSAGE_ID, BODY, SUBJECT, SENDER_ID, RECEIVER_ID, DATE_SENT) values (89, 'Quisque ut erat. Curabitur gravida nisi at nibh. In hac habitasse platea dictumst. Aliquam augue q','equat metus sapien ut nu',36, 42, TO_TIMESTAMP('2016-04-03 20:54:20', 'YYYY-MM-DD HH24:MI:SS'));
insert into MESSAGES (MESSAGE_ID, BODY, SUBJECT, SENDER_ID, RECEIVER_ID, DATE_SENT) values (90, 'Maecenas leo odio, condimentum id, luctus nec, molestie sed, justo. Pellentesque viverra pede ac d','t mi, in porttitor pede ',43, 190, TO_TIMESTAMP('2015-06-22 05:58:10', 'YYYY-MM-DD HH24:MI:SS'));
insert into MESSAGES (MESSAGE_ID, BODY, SUBJECT, SENDER_ID, RECEIVER_ID, DATE_SENT) values (91, 'Mauris sit amet eros. Suspendisse accumsan tortor quis turpis. Sed ante. Vivamus tortor. Duis matt','itae mattis nibh ligula ',69, 48, TO_TIMESTAMP('2015-05-27 00:11:09', 'YYYY-MM-DD HH24:MI:SS'));
insert into MESSAGES (MESSAGE_ID, BODY, SUBJECT, SENDER_ID, RECEIVER_ID, DATE_SENT) values (92, 'In hac habitasse platea dictumst. Aliquam augue quam, sollicitudin vitae, consectetuer eget, rutru','auris non ligula pellent',109, 160, TO_TIMESTAMP('2015-10-19 04:42:21', 'YYYY-MM-DD HH24:MI:SS'));
insert into MESSAGES (MESSAGE_ID, BODY, SUBJECT, SENDER_ID, RECEIVER_ID, DATE_SENT) values (93, 'In eleifend quam a odio. In hac habitasse platea dictumst. Maecenas ut massa quis augue luctus tin','m orci pede, venenatis n',24, 62, TO_TIMESTAMP('2015-04-11 17:27:43', 'YYYY-MM-DD HH24:MI:SS'));
insert into MESSAGES (MESSAGE_ID, BODY, SUBJECT, SENDER_ID, RECEIVER_ID, DATE_SENT) values (94, 'Maecenas tristique, est et tempus semper, est quam pharetra magna, ac consequat metus sapien ut nu','ivamus tortor. Duis matt',73, 129, TO_TIMESTAMP('2016-02-03 17:03:41', 'YYYY-MM-DD HH24:MI:SS'));
insert into MESSAGES (MESSAGE_ID, BODY, SUBJECT, SENDER_ID, RECEIVER_ID, DATE_SENT) values (95, 'Nunc nisl. Duis bibendum, felis sed interdum venenatis, turpis enim blandit mi, in porttitor pede ','osuere felis sed lacus. ',82, 195, TO_TIMESTAMP('2015-04-09 06:18:40', 'YYYY-MM-DD HH24:MI:SS'));
insert into MESSAGES (MESSAGE_ID, BODY, SUBJECT, SENDER_ID, RECEIVER_ID, DATE_SENT) values (96, 'In tempor, turpis nec euismod scelerisque, quam turpis adipiscing lorem, vitae mattis nibh ligula ','e, vestibulum eget, vulp',157, 126, TO_TIMESTAMP('2015-04-26 23:42:23', 'YYYY-MM-DD HH24:MI:SS'));
insert into MESSAGES (MESSAGE_ID, BODY, SUBJECT, SENDER_ID, RECEIVER_ID, DATE_SENT) values (97, 'Lorem ipsum dolor sit amet, consectetuer adipiscing elit. Proin interdum mauris non ligula pellent','at. Praesent blandit. Na',74, 162, TO_TIMESTAMP('2015-05-14 05:34:50', 'YYYY-MM-DD HH24:MI:SS'));
insert into MESSAGES (MESSAGE_ID, BODY, SUBJECT, SENDER_ID, RECEIVER_ID, DATE_SENT) values (98, 'Morbi non lectus. Aliquam sit amet diam in magna bibendum imperdiet. Nullam orci pede, venenatis n','amus in felis eu sapien ',189, 199, TO_TIMESTAMP('2015-05-13 01:17:45', 'YYYY-MM-DD HH24:MI:SS'));
insert into MESSAGES (MESSAGE_ID, BODY, SUBJECT, SENDER_ID, RECEIVER_ID, DATE_SENT) values (99, 'Mauris sit amet eros. Suspendisse accumsan tortor quis turpis. Sed ante. Vivamus tortor. Duis matt','in, ante. Vestibulum ant',155, 85, TO_TIMESTAMP('2015-11-06 08:32:38', 'YYYY-MM-DD HH24:MI:SS'));
insert into MESSAGES (MESSAGE_ID, BODY, SUBJECT, SENDER_ID, RECEIVER_ID, DATE_SENT) values (100, 'Nullam orci pede, venenatis non, sodales sed, tincidunt eu, felis. Fusce posuere felis sed lacus. ',' enim blandit mi, in por',183, 129, TO_TIMESTAMP('2015-05-31 21:53:47', 'YYYY-MM-DD HH24:MI:SS'));
insert into MESSAGES (MESSAGE_ID, BODY, SUBJECT, SENDER_ID, RECEIVER_ID, DATE_SENT) values (101, 'Proin at turpis a pede posuere nonummy. Integer non velit. Donec diam neque, vestibulum eget, vulp','ubilia Curae; Donec phar',98, 39, TO_TIMESTAMP('2015-11-25 23:10:20', 'YYYY-MM-DD HH24:MI:SS'));
insert into MESSAGES (MESSAGE_ID, BODY, SUBJECT, SENDER_ID, RECEIVER_ID, DATE_SENT) values (102, 'Praesent blandit lacinia erat. Vestibulum sed magna at nunc commodo placerat. Praesent blandit. Na','atis non, sodales sed, t',169, 151, TO_TIMESTAMP('2016-03-23 04:19:24', 'YYYY-MM-DD HH24:MI:SS'));
insert into MESSAGES (MESSAGE_ID, BODY, SUBJECT, SENDER_ID, RECEIVER_ID, DATE_SENT) values (103, 'Maecenas pulvinar lobortis est. Phasellus sit amet erat. Nulla tempus. Vivamus in felis eu sapien ','ttis dui vel nisl. Duis ',40, 65, TO_TIMESTAMP('2015-04-09 04:42:05', 'YYYY-MM-DD HH24:MI:SS'));
insert into MESSAGES (MESSAGE_ID, BODY, SUBJECT, SENDER_ID, RECEIVER_ID, DATE_SENT) values (104, 'Praesent lectus. Vestibulum quam sapien, varius ut, blandit non, interdum in, ante. Vestibulum ant','. Integer pede justo, la',45, 159, TO_TIMESTAMP('2015-06-21 02:51:16', 'YYYY-MM-DD HH24:MI:SS'));
insert into MESSAGES (MESSAGE_ID, BODY, SUBJECT, SENDER_ID, RECEIVER_ID, DATE_SENT) values (105, 'Nulla nisl. Nunc nisl. Duis bibendum, felis sed interdum venenatis, turpis enim blandit mi, in por','uat. Nulla nisl. Nunc ni',25, 87, TO_TIMESTAMP('2015-04-26 04:09:13', 'YYYY-MM-DD HH24:MI:SS'));
insert into MESSAGES (MESSAGE_ID, BODY, SUBJECT, SENDER_ID, RECEIVER_ID, DATE_SENT) values (106, 'Vestibulum ante ipsum primis in faucibus orci luctus et ultrices posuere cubilia Curae; Donec phar','ec ut mauris eget massa ',103, 116, TO_TIMESTAMP('2015-11-13 06:14:15', 'YYYY-MM-DD HH24:MI:SS'));
insert into MESSAGES (MESSAGE_ID, BODY, SUBJECT, SENDER_ID, RECEIVER_ID, DATE_SENT) values (107, 'Aliquam sit amet diam in magna bibendum imperdiet. Nullam orci pede, venenatis non, sodales sed, t','consectetuer eget, rutru',22, 44, TO_TIMESTAMP('2015-07-29 09:34:58', 'YYYY-MM-DD HH24:MI:SS'));
insert into MESSAGES (MESSAGE_ID, BODY, SUBJECT, SENDER_ID, RECEIVER_ID, DATE_SENT) values (108, 'Duis bibendum. Morbi non quam nec dui luctus rutrum. Nulla tellus. In sagittis dui vel nisl. Duis ',' non mauris. Morbi non l',163, 2, TO_TIMESTAMP('2016-01-14 14:43:26', 'YYYY-MM-DD HH24:MI:SS'));
insert into MESSAGES (MESSAGE_ID, BODY, SUBJECT, SENDER_ID, RECEIVER_ID, DATE_SENT) values (109, 'Vestibulum sed magna at nunc commodo placerat. Praesent blandit. Nam nulla. Integer pede justo, la','sa volutpat convallis. M',57, 85, TO_TIMESTAMP('2016-03-30 06:46:09', 'YYYY-MM-DD HH24:MI:SS'));
insert into MESSAGES (MESSAGE_ID, BODY, SUBJECT, SENDER_ID, RECEIVER_ID, DATE_SENT) values (110, 'In est risus, auctor sed, tristique in, tempus sit amet, sem. Fusce consequat. Nulla nisl. Nunc ni','ibulum ante ipsum primis',100, 13, TO_TIMESTAMP('2015-05-23 01:26:15', 'YYYY-MM-DD HH24:MI:SS'));
insert into MESSAGES (MESSAGE_ID, BODY, SUBJECT, SENDER_ID, RECEIVER_ID, DATE_SENT) values (111, 'Sed ante. Vivamus tortor. Duis mattis egestas metus. Aenean fermentum. Donec ut mauris eget massa ','n in sapien iaculis cong',103, 151, TO_TIMESTAMP('2015-11-20 16:05:09', 'YYYY-MM-DD HH24:MI:SS'));
insert into MESSAGES (MESSAGE_ID, BODY, SUBJECT, SENDER_ID, RECEIVER_ID, DATE_SENT) values (112, 'In hac habitasse platea dictumst. Aliquam augue quam, sollicitudin vitae, consectetuer eget, rutru',' eget, eleifend luctus, ',61, 96, TO_TIMESTAMP('2015-08-30 17:07:45', 'YYYY-MM-DD HH24:MI:SS'));
insert into MESSAGES (MESSAGE_ID, BODY, SUBJECT, SENDER_ID, RECEIVER_ID, DATE_SENT) values (113, 'Nullam porttitor lacus at turpis. Donec posuere metus vitae ipsum. Aliquam non mauris. Morbi non l','ng molestie, hendrerit a',175, 129, TO_TIMESTAMP('2016-02-03 17:06:28', 'YYYY-MM-DD HH24:MI:SS'));
insert into MESSAGES (MESSAGE_ID, BODY, SUBJECT, SENDER_ID, RECEIVER_ID, DATE_SENT) values (114, 'Donec quis orci eget orci vehicula condimentum. Curabitur in libero ut massa volutpat convallis. M','on, interdum in, ante. V',3, 87, TO_TIMESTAMP('2015-11-21 01:55:45', 'YYYY-MM-DD HH24:MI:SS'));
insert into MESSAGES (MESSAGE_ID, BODY, SUBJECT, SENDER_ID, RECEIVER_ID, DATE_SENT) values (115, 'Donec diam neque, vestibulum eget, vulputate ut, ultrices vel, augue. Vestibulum ante ipsum primis','atis non, sodales sed, t',73, 120, TO_TIMESTAMP('2015-08-05 21:21:53', 'YYYY-MM-DD HH24:MI:SS'));
insert into MESSAGES (MESSAGE_ID, BODY, SUBJECT, SENDER_ID, RECEIVER_ID, DATE_SENT) values (116, 'Proin interdum mauris non ligula pellentesque ultrices. Phasellus id sapien in sapien iaculis cong','estibulum. Proin eu mi. ',151, 136, TO_TIMESTAMP('2015-12-07 07:57:55', 'YYYY-MM-DD HH24:MI:SS'));
insert into MESSAGES (MESSAGE_ID, BODY, SUBJECT, SENDER_ID, RECEIVER_ID, DATE_SENT) values (117, 'Donec ut mauris eget massa tempor convallis. Nulla neque libero, convallis eget, eleifend luctus, ',' non mauris. Morbi non l',30, 34, TO_TIMESTAMP('2015-11-25 09:07:37', 'YYYY-MM-DD HH24:MI:SS'));
insert into MESSAGES (MESSAGE_ID, BODY, SUBJECT, SENDER_ID, RECEIVER_ID, DATE_SENT) values (118, 'Phasellus id sapien in sapien iaculis congue. Vivamus metus arcu, adipiscing molestie, hendrerit a','orbi vestibulum, velit i',135, 45, TO_TIMESTAMP('2015-06-25 09:17:03', 'YYYY-MM-DD HH24:MI:SS'));
insert into MESSAGES (MESSAGE_ID, BODY, SUBJECT, SENDER_ID, RECEIVER_ID, DATE_SENT) values (119, 'Proin risus. Praesent lectus. Vestibulum quam sapien, varius ut, blandit non, interdum in, ante. V','mpor convallis. Nulla ne',110, 182, TO_TIMESTAMP('2016-02-09 00:49:40', 'YYYY-MM-DD HH24:MI:SS'));
insert into MESSAGES (MESSAGE_ID, BODY, SUBJECT, SENDER_ID, RECEIVER_ID, DATE_SENT) values (120, 'Aliquam sit amet diam in magna bibendum imperdiet. Nullam orci pede, venenatis non, sodales sed, t','et eleifend pede libero ',120, 143, TO_TIMESTAMP('2015-11-21 08:59:29', 'YYYY-MM-DD HH24:MI:SS'));
insert into MESSAGES (MESSAGE_ID, BODY, SUBJECT, SENDER_ID, RECEIVER_ID, DATE_SENT) values (121, 'Phasellus sit amet erat. Nulla tempus. Vivamus in felis eu sapien cursus vestibulum. Proin eu mi. ','lvinar lobortis est. Pha',29, 147, TO_TIMESTAMP('2015-05-06 20:59:41', 'YYYY-MM-DD HH24:MI:SS'));
insert into MESSAGES (MESSAGE_ID, BODY, SUBJECT, SENDER_ID, RECEIVER_ID, DATE_SENT) values (122, 'Nullam porttitor lacus at turpis. Donec posuere metus vitae ipsum. Aliquam non mauris. Morbi non l','equat metus sapien ut nu',173, 119, TO_TIMESTAMP('2016-01-20 00:22:25', 'YYYY-MM-DD HH24:MI:SS'));
insert into MESSAGES (MESSAGE_ID, BODY, SUBJECT, SENDER_ID, RECEIVER_ID, DATE_SENT) values (123, 'Duis at velit eu est congue elementum. In hac habitasse platea dictumst. Morbi vestibulum, velit i','itae mattis nibh ligula ',137, 28, TO_TIMESTAMP('2015-12-03 00:17:20', 'YYYY-MM-DD HH24:MI:SS'));
insert into MESSAGES (MESSAGE_ID, BODY, SUBJECT, SENDER_ID, RECEIVER_ID, DATE_SENT) values (124, 'Duis mattis egestas metus. Aenean fermentum. Donec ut mauris eget massa tempor convallis. Nulla ne','m id, luctus nec, molest',18, 171, TO_TIMESTAMP('2015-06-09 23:05:34', 'YYYY-MM-DD HH24:MI:SS'));
insert into MESSAGES (MESSAGE_ID, BODY, SUBJECT, SENDER_ID, RECEIVER_ID, DATE_SENT) values (125, 'Nam congue, risus semper porta volutpat, quam pede lobortis ligula, sit amet eleifend pede libero ','dum imperdiet. Nullam or',2, 4, TO_TIMESTAMP('2015-09-15 08:19:04', 'YYYY-MM-DD HH24:MI:SS'));
insert into MESSAGES (MESSAGE_ID, BODY, SUBJECT, SENDER_ID, RECEIVER_ID, DATE_SENT) values (126, 'Morbi odio odio, elementum eu, interdum eu, tincidunt in, leo. Maecenas pulvinar lobortis est. Pha',', justo. In blandit ultr',100, 81, TO_TIMESTAMP('2016-03-09 16:40:17', 'YYYY-MM-DD HH24:MI:SS'));
insert into MESSAGES (MESSAGE_ID, BODY, SUBJECT, SENDER_ID, RECEIVER_ID, DATE_SENT) values (127, 'Maecenas tristique, est et tempus semper, est quam pharetra magna, ac consequat metus sapien ut nu','uspendisse accumsan tort',110, 72, TO_TIMESTAMP('2015-10-22 12:22:51', 'YYYY-MM-DD HH24:MI:SS'));
insert into MESSAGES (MESSAGE_ID, BODY, SUBJECT, SENDER_ID, RECEIVER_ID, DATE_SENT) values (128, 'In tempor, turpis nec euismod scelerisque, quam turpis adipiscing lorem, vitae mattis nibh ligula ','tortor id nulla ultrices',27, 119, TO_TIMESTAMP('2015-11-01 01:36:17', 'YYYY-MM-DD HH24:MI:SS'));
insert into MESSAGES (MESSAGE_ID, BODY, SUBJECT, SENDER_ID, RECEIVER_ID, DATE_SENT) values (129, 'Morbi quis tortor id nulla ultrices aliquet. Maecenas leo odio, condimentum id, luctus nec, molest','In tempor, turpis nec eu',138, 64, TO_TIMESTAMP('2015-06-15 01:41:44', 'YYYY-MM-DD HH24:MI:SS'));
insert into MESSAGES (MESSAGE_ID, BODY, SUBJECT, SENDER_ID, RECEIVER_ID, DATE_SENT) values (130, 'Aliquam non mauris. Morbi non lectus. Aliquam sit amet diam in magna bibendum imperdiet. Nullam or',' Integer a nibh. In quis',90, 144, TO_TIMESTAMP('2015-10-17 01:24:26', 'YYYY-MM-DD HH24:MI:SS'));
insert into MESSAGES (MESSAGE_ID, BODY, SUBJECT, SENDER_ID, RECEIVER_ID, DATE_SENT) values (131, 'Morbi ut odio. Cras mi pede, malesuada in, imperdiet et, commodo vulputate, justo. In blandit ultr','ligula, sit amet eleifen',61, 38, TO_TIMESTAMP('2016-01-25 12:05:35', 'YYYY-MM-DD HH24:MI:SS'));
insert into MESSAGES (MESSAGE_ID, BODY, SUBJECT, SENDER_ID, RECEIVER_ID, DATE_SENT) values (132, 'Aliquam quis turpis eget elit sodales scelerisque. Mauris sit amet eros. Suspendisse accumsan tort','uat. Nulla nisl. Nunc ni',77, 2, TO_TIMESTAMP('2016-02-15 01:14:11', 'YYYY-MM-DD HH24:MI:SS'));
insert into MESSAGES (MESSAGE_ID, BODY, SUBJECT, SENDER_ID, RECEIVER_ID, DATE_SENT) values (133, 'Integer a nibh. In quis justo. Maecenas rhoncus aliquam lacus. Morbi quis tortor id nulla ultrices','est quam pharetra magna,',154, 61, TO_TIMESTAMP('2015-04-25 08:12:02', 'YYYY-MM-DD HH24:MI:SS'));
insert into MESSAGES (MESSAGE_ID, BODY, SUBJECT, SENDER_ID, RECEIVER_ID, DATE_SENT) values (134, 'Vivamus in felis eu sapien cursus vestibulum. Proin eu mi. Nulla ac enim. In tempor, turpis nec eu','atoque penatibus et magn',78, 142, TO_TIMESTAMP('2016-01-05 16:43:24', 'YYYY-MM-DD HH24:MI:SS'));
insert into MESSAGES (MESSAGE_ID, BODY, SUBJECT, SENDER_ID, RECEIVER_ID, DATE_SENT) values (135, 'Nullam sit amet turpis elementum ligula vehicula consequat. Morbi a ipsum. Integer a nibh. In quis','atoque penatibus et magn',44, 71, TO_TIMESTAMP('2015-08-29 03:29:20', 'YYYY-MM-DD HH24:MI:SS'));
insert into MESSAGES (MESSAGE_ID, BODY, SUBJECT, SENDER_ID, RECEIVER_ID, DATE_SENT) values (136, 'Sed sagittis. Nam congue, risus semper porta volutpat, quam pede lobortis ligula, sit amet eleifen','st risus, auctor sed, tr',67, 53, TO_TIMESTAMP('2015-12-07 16:40:41', 'YYYY-MM-DD HH24:MI:SS'));
insert into MESSAGES (MESSAGE_ID, BODY, SUBJECT, SENDER_ID, RECEIVER_ID, DATE_SENT) values (137, 'In est risus, auctor sed, tristique in, tempus sit amet, sem. Fusce consequat. Nulla nisl. Nunc ni','m. Integer tincidunt ant',28, 12, TO_TIMESTAMP('2015-09-02 03:05:17', 'YYYY-MM-DD HH24:MI:SS'));
insert into MESSAGES (MESSAGE_ID, BODY, SUBJECT, SENDER_ID, RECEIVER_ID, DATE_SENT) values (138, 'Cras pellentesque volutpat dui. Maecenas tristique, est et tempus semper, est quam pharetra magna,','sa id nisl venenatis lac',21, 135, TO_TIMESTAMP('2015-12-12 17:07:13', 'YYYY-MM-DD HH24:MI:SS'));
insert into MESSAGES (MESSAGE_ID, BODY, SUBJECT, SENDER_ID, RECEIVER_ID, DATE_SENT) values (139, 'Suspendisse potenti. Cras in purus eu magna vulputate luctus. Cum sociis natoque penatibus et magn','auris non ligula pellent',35, 101, TO_TIMESTAMP('2016-03-03 19:32:55', 'YYYY-MM-DD HH24:MI:SS'));
insert into MESSAGES (MESSAGE_ID, BODY, SUBJECT, SENDER_ID, RECEIVER_ID, DATE_SENT) values (140, 'Suspendisse potenti. Cras in purus eu magna vulputate luctus. Cum sociis natoque penatibus et magn','ut odio. Cras mi pede, m',38, 25, TO_TIMESTAMP('2015-07-09 12:29:43', 'YYYY-MM-DD HH24:MI:SS'));
insert into MESSAGES (MESSAGE_ID, BODY, SUBJECT, SENDER_ID, RECEIVER_ID, DATE_SENT) values (141, 'Morbi porttitor lorem id ligula. Suspendisse ornare consequat lectus. In est risus, auctor sed, tr','ut odio. Cras mi pede, m',2, 56, TO_TIMESTAMP('2016-03-15 04:08:05', 'YYYY-MM-DD HH24:MI:SS'));
insert into MESSAGES (MESSAGE_ID, BODY, SUBJECT, SENDER_ID, RECEIVER_ID, DATE_SENT) values (142, 'Aliquam augue quam, sollicitudin vitae, consectetuer eget, rutrum at, lorem. Integer tincidunt ant','e, vestibulum eget, vulp',100, 117, TO_TIMESTAMP('2015-10-31 00:32:47', 'YYYY-MM-DD HH24:MI:SS'));
insert into MESSAGES (MESSAGE_ID, BODY, SUBJECT, SENDER_ID, RECEIVER_ID, DATE_SENT) values (143, 'Vestibulum rutrum rutrum neque. Aenean auctor gravida sem. Praesent id massa id nisl venenatis lac','ut odio. Cras mi pede, m',88, 57, TO_TIMESTAMP('2015-05-07 14:09:53', 'YYYY-MM-DD HH24:MI:SS'));
insert into MESSAGES (MESSAGE_ID, BODY, SUBJECT, SENDER_ID, RECEIVER_ID, DATE_SENT) values (144, 'Lorem ipsum dolor sit amet, consectetuer adipiscing elit. Proin interdum mauris non ligula pellent','m orci pede, venenatis n',144, 66, TO_TIMESTAMP('2015-11-16 10:16:55', 'YYYY-MM-DD HH24:MI:SS'));
insert into MESSAGES (MESSAGE_ID, BODY, SUBJECT, SENDER_ID, RECEIVER_ID, DATE_SENT) values (145, 'Praesent id massa id nisl venenatis lacinia. Aenean sit amet justo. Morbi ut odio. Cras mi pede, m','ger aliquet, massa id lo',43, 136, TO_TIMESTAMP('2015-08-05 03:10:57', 'YYYY-MM-DD HH24:MI:SS'));
insert into MESSAGES (MESSAGE_ID, BODY, SUBJECT, SENDER_ID, RECEIVER_ID, DATE_SENT) values (146, 'Praesent id massa id nisl venenatis lacinia. Aenean sit amet justo. Morbi ut odio. Cras mi pede, m','porttitor lorem id ligul',72, 52, TO_TIMESTAMP('2016-02-24 14:22:05', 'YYYY-MM-DD HH24:MI:SS'));
insert into MESSAGES (MESSAGE_ID, BODY, SUBJECT, SENDER_ID, RECEIVER_ID, DATE_SENT) values (147, 'Proin at turpis a pede posuere nonummy. Integer non velit. Donec diam neque, vestibulum eget, vulp','m eu, interdum eu, tinci',192, 137, TO_TIMESTAMP('2016-04-07 21:40:53', 'YYYY-MM-DD HH24:MI:SS'));
insert into MESSAGES (MESSAGE_ID, BODY, SUBJECT, SENDER_ID, RECEIVER_ID, DATE_SENT) values (148, 'Praesent id massa id nisl venenatis lacinia. Aenean sit amet justo. Morbi ut odio. Cras mi pede, m','on, interdum in, ante. V',189, 73, TO_TIMESTAMP('2016-03-07 14:49:20', 'YYYY-MM-DD HH24:MI:SS'));
insert into MESSAGES (MESSAGE_ID, BODY, SUBJECT, SENDER_ID, RECEIVER_ID, DATE_SENT) values (149, 'Morbi non lectus. Aliquam sit amet diam in magna bibendum imperdiet. Nullam orci pede, venenatis n','ing elit. Proin interdum',124, 47, TO_TIMESTAMP('2016-01-30 01:50:49', 'YYYY-MM-DD HH24:MI:SS'));
insert into MESSAGES (MESSAGE_ID, BODY, SUBJECT, SENDER_ID, RECEIVER_ID, DATE_SENT) values (150, 'Mauris enim leo, rhoncus sed, vestibulum sit amet, cursus id, turpis. Integer aliquet, massa id lo',' enim blandit mi, in por',89, 27, TO_TIMESTAMP('2015-09-12 12:34:35', 'YYYY-MM-DD HH24:MI:SS'));
insert into MESSAGES (MESSAGE_ID, BODY, SUBJECT, SENDER_ID, RECEIVER_ID, DATE_SENT) values (151, 'Integer pede justo, lacinia eget, tincidunt eget, tempus vel, pede. Morbi porttitor lorem id ligul','ng molestie, hendrerit a',36, 125, TO_TIMESTAMP('2016-03-16 13:19:32', 'YYYY-MM-DD HH24:MI:SS'));
insert into MESSAGES (MESSAGE_ID, BODY, SUBJECT, SENDER_ID, RECEIVER_ID, DATE_SENT) values (152, 'Curabitur in libero ut massa volutpat convallis. Morbi odio odio, elementum eu, interdum eu, tinci',' Integer a nibh. In quis',118, 27, TO_TIMESTAMP('2015-11-11 21:12:05', 'YYYY-MM-DD HH24:MI:SS'));
insert into MESSAGES (MESSAGE_ID, BODY, SUBJECT, SENDER_ID, RECEIVER_ID, DATE_SENT) values (153, 'Proin risus. Praesent lectus. Vestibulum quam sapien, varius ut, blandit non, interdum in, ante. V','m turpis adipiscing lore',174, 133, TO_TIMESTAMP('2015-04-26 22:26:28', 'YYYY-MM-DD HH24:MI:SS'));
insert into MESSAGES (MESSAGE_ID, BODY, SUBJECT, SENDER_ID, RECEIVER_ID, DATE_SENT) values (154, 'In blandit ultrices enim. Lorem ipsum dolor sit amet, consectetuer adipiscing elit. Proin interdum','ubilia Curae; Donec phar',110, 163, TO_TIMESTAMP('2015-10-29 03:55:01', 'YYYY-MM-DD HH24:MI:SS'));
insert into MESSAGES (MESSAGE_ID, BODY, SUBJECT, SENDER_ID, RECEIVER_ID, DATE_SENT) values (155, 'Nulla nisl. Nunc nisl. Duis bibendum, felis sed interdum venenatis, turpis enim blandit mi, in por','et eleifend pede libero ',166, 71, TO_TIMESTAMP('2015-05-31 21:04:21', 'YYYY-MM-DD HH24:MI:SS'));
insert into MESSAGES (MESSAGE_ID, BODY, SUBJECT, SENDER_ID, RECEIVER_ID, DATE_SENT) values (156, 'Phasellus id sapien in sapien iaculis congue. Vivamus metus arcu, adipiscing molestie, hendrerit a','tortor id nulla ultrices',66, 76, TO_TIMESTAMP('2016-03-13 12:56:15', 'YYYY-MM-DD HH24:MI:SS'));
insert into MESSAGES (MESSAGE_ID, BODY, SUBJECT, SENDER_ID, RECEIVER_ID, DATE_SENT) values (157, 'Nullam sit amet turpis elementum ligula vehicula consequat. Morbi a ipsum. Integer a nibh. In quis','ubilia Curae; Mauris viv',167, 83, TO_TIMESTAMP('2016-03-18 04:56:28', 'YYYY-MM-DD HH24:MI:SS'));
insert into MESSAGES (MESSAGE_ID, BODY, SUBJECT, SENDER_ID, RECEIVER_ID, DATE_SENT) values (158, 'Proin eu mi. Nulla ac enim. In tempor, turpis nec euismod scelerisque, quam turpis adipiscing lore','In tempor, turpis nec eu',160, 59, TO_TIMESTAMP('2016-03-30 20:13:16', 'YYYY-MM-DD HH24:MI:SS'));
insert into MESSAGES (MESSAGE_ID, BODY, SUBJECT, SENDER_ID, RECEIVER_ID, DATE_SENT) values (159, 'Vestibulum ante ipsum primis in faucibus orci luctus et ultrices posuere cubilia Curae; Donec phar','ultrices aliquet. Maecen',72, 134, TO_TIMESTAMP('2015-06-19 16:01:46', 'YYYY-MM-DD HH24:MI:SS'));
insert into MESSAGES (MESSAGE_ID, BODY, SUBJECT, SENDER_ID, RECEIVER_ID, DATE_SENT) values (160, 'Nam congue, risus semper porta volutpat, quam pede lobortis ligula, sit amet eleifend pede libero ','vestibulum sit amet, cur',108, 139, TO_TIMESTAMP('2015-10-07 22:47:41', 'YYYY-MM-DD HH24:MI:SS'));
insert into MESSAGES (MESSAGE_ID, BODY, SUBJECT, SENDER_ID, RECEIVER_ID, DATE_SENT) values (161, 'Integer a nibh. In quis justo. Maecenas rhoncus aliquam lacus. Morbi quis tortor id nulla ultrices','iculus mus. Etiam vel au',178, 136, TO_TIMESTAMP('2015-09-14 01:12:59', 'YYYY-MM-DD HH24:MI:SS'));
insert into MESSAGES (MESSAGE_ID, BODY, SUBJECT, SENDER_ID, RECEIVER_ID, DATE_SENT) values (162, 'Vestibulum ante ipsum primis in faucibus orci luctus et ultrices posuere cubilia Curae; Mauris viv','m sed magna at nunc comm',4, 53, TO_TIMESTAMP('2015-06-15 09:16:08', 'YYYY-MM-DD HH24:MI:SS'));
insert into MESSAGES (MESSAGE_ID, BODY, SUBJECT, SENDER_ID, RECEIVER_ID, DATE_SENT) values (163, 'Vivamus in felis eu sapien cursus vestibulum. Proin eu mi. Nulla ac enim. In tempor, turpis nec eu','is, diam erat fermentum ',19, 13, TO_TIMESTAMP('2015-10-30 19:56:16', 'YYYY-MM-DD HH24:MI:SS'));
insert into MESSAGES (MESSAGE_ID, BODY, SUBJECT, SENDER_ID, RECEIVER_ID, DATE_SENT) values (164, 'In quis justo. Maecenas rhoncus aliquam lacus. Morbi quis tortor id nulla ultrices aliquet. Maecen','vel accumsan tellus nisi',2, 63, TO_TIMESTAMP('2015-05-28 15:28:33', 'YYYY-MM-DD HH24:MI:SS'));
insert into MESSAGES (MESSAGE_ID, BODY, SUBJECT, SENDER_ID, RECEIVER_ID, DATE_SENT) values (165, 'Morbi vel lectus in quam fringilla rhoncus. Mauris enim leo, rhoncus sed, vestibulum sit amet, cur',' dis parturient montes, ',99, 81, TO_TIMESTAMP('2015-10-02 08:55:56', 'YYYY-MM-DD HH24:MI:SS'));
insert into MESSAGES (MESSAGE_ID, BODY, SUBJECT, SENDER_ID, RECEIVER_ID, DATE_SENT) values (166, 'Cum sociis natoque penatibus et magnis dis parturient montes, nascetur ridiculus mus. Etiam vel au','m. Integer tincidunt ant',101, 120, TO_TIMESTAMP('2015-07-09 22:15:31', 'YYYY-MM-DD HH24:MI:SS'));
insert into MESSAGES (MESSAGE_ID, BODY, SUBJECT, SENDER_ID, RECEIVER_ID, DATE_SENT) values (167, 'Integer tincidunt ante vel ipsum. Praesent blandit lacinia erat. Vestibulum sed magna at nunc comm','is, diam erat fermentum ',43, 62, TO_TIMESTAMP('2015-07-22 01:33:12', 'YYYY-MM-DD HH24:MI:SS'));
insert into MESSAGES (MESSAGE_ID, BODY, SUBJECT, SENDER_ID, RECEIVER_ID, DATE_SENT) values (168, 'In hac habitasse platea dictumst. Morbi vestibulum, velit id pretium iaculis, diam erat fermentum ','dum imperdiet. Nullam or',31, 8, TO_TIMESTAMP('2015-05-30 05:07:19', 'YYYY-MM-DD HH24:MI:SS'));
insert into MESSAGES (MESSAGE_ID, BODY, SUBJECT, SENDER_ID, RECEIVER_ID, DATE_SENT) values (169, 'Integer aliquet, massa id lobortis convallis, tortor risus dapibus augue, vel accumsan tellus nisi','t. Maecenas leo odio, co',190, 47, TO_TIMESTAMP('2016-02-16 03:03:07', 'YYYY-MM-DD HH24:MI:SS'));
insert into MESSAGES (MESSAGE_ID, BODY, SUBJECT, SENDER_ID, RECEIVER_ID, DATE_SENT) values (170, 'Vivamus vestibulum sagittis sapien. Cum sociis natoque penatibus et magnis dis parturient montes, ','lum ante ipsum primis in',145, 99, TO_TIMESTAMP('2016-01-01 09:28:17', 'YYYY-MM-DD HH24:MI:SS'));
insert into MESSAGES (MESSAGE_ID, BODY, SUBJECT, SENDER_ID, RECEIVER_ID, DATE_SENT) values (171, 'Aliquam augue quam, sollicitudin vitae, consectetuer eget, rutrum at, lorem. Integer tincidunt ant','t et, commodo vulputate,',92, 126, TO_TIMESTAMP('2015-09-25 01:46:22', 'YYYY-MM-DD HH24:MI:SS'));
insert into MESSAGES (MESSAGE_ID, BODY, SUBJECT, SENDER_ID, RECEIVER_ID, DATE_SENT) values (172, 'In hac habitasse platea dictumst. Morbi vestibulum, velit id pretium iaculis, diam erat fermentum ','st risus, auctor sed, tr',74, 43, TO_TIMESTAMP('2015-12-18 15:43:37', 'YYYY-MM-DD HH24:MI:SS'));
insert into MESSAGES (MESSAGE_ID, BODY, SUBJECT, SENDER_ID, RECEIVER_ID, DATE_SENT) values (173, 'Aliquam non mauris. Morbi non lectus. Aliquam sit amet diam in magna bibendum imperdiet. Nullam or','es vel, augue. Vestibulu',17, 132, TO_TIMESTAMP('2015-07-16 09:00:45', 'YYYY-MM-DD HH24:MI:SS'));
insert into MESSAGES (MESSAGE_ID, BODY, SUBJECT, SENDER_ID, RECEIVER_ID, DATE_SENT) values (174, 'Maecenas rhoncus aliquam lacus. Morbi quis tortor id nulla ultrices aliquet. Maecenas leo odio, co','ger aliquet, massa id lo',107, 116, TO_TIMESTAMP('2016-01-28 05:22:25', 'YYYY-MM-DD HH24:MI:SS'));
insert into MESSAGES (MESSAGE_ID, BODY, SUBJECT, SENDER_ID, RECEIVER_ID, DATE_SENT) values (175, 'Vestibulum quam sapien, varius ut, blandit non, interdum in, ante. Vestibulum ante ipsum primis in','get, tempus vel, pede. M',56, 81, TO_TIMESTAMP('2015-07-08 15:49:52', 'YYYY-MM-DD HH24:MI:SS'));
insert into MESSAGES (MESSAGE_ID, BODY, SUBJECT, SENDER_ID, RECEIVER_ID, DATE_SENT) values (176, 'Aenean sit amet justo. Morbi ut odio. Cras mi pede, malesuada in, imperdiet et, commodo vulputate,','n, tempus sit amet, sem.',104, 123, TO_TIMESTAMP('2016-02-13 10:49:51', 'YYYY-MM-DD HH24:MI:SS'));
insert into MESSAGES (MESSAGE_ID, BODY, SUBJECT, SENDER_ID, RECEIVER_ID, DATE_SENT) values (177, 'Morbi porttitor lorem id ligula. Suspendisse ornare consequat lectus. In est risus, auctor sed, tr','t mi, in porttitor pede ',28, 21, TO_TIMESTAMP('2015-12-30 10:46:44', 'YYYY-MM-DD HH24:MI:SS'));
insert into MESSAGES (MESSAGE_ID, BODY, SUBJECT, SENDER_ID, RECEIVER_ID, DATE_SENT) values (178, 'Integer non velit. Donec diam neque, vestibulum eget, vulputate ut, ultrices vel, augue. Vestibulu','iscing lorem, vitae matt',31, 91, TO_TIMESTAMP('2015-10-02 21:28:58', 'YYYY-MM-DD HH24:MI:SS'));
insert into MESSAGES (MESSAGE_ID, BODY, SUBJECT, SENDER_ID, RECEIVER_ID, DATE_SENT) values (179, 'Mauris enim leo, rhoncus sed, vestibulum sit amet, cursus id, turpis. Integer aliquet, massa id lo','estibulum. Proin eu mi. ',152, 19, TO_TIMESTAMP('2015-05-01 01:21:54', 'YYYY-MM-DD HH24:MI:SS'));
insert into MESSAGES (MESSAGE_ID, BODY, SUBJECT, SENDER_ID, RECEIVER_ID, DATE_SENT) values (180, 'Praesent blandit. Nam nulla. Integer pede justo, lacinia eget, tincidunt eget, tempus vel, pede. M','bh. In hac habitasse pla',165, 140, TO_TIMESTAMP('2015-06-15 11:28:39', 'YYYY-MM-DD HH24:MI:SS'));
insert into MESSAGES (MESSAGE_ID, BODY, SUBJECT, SENDER_ID, RECEIVER_ID, DATE_SENT) values (181, 'Suspendisse ornare consequat lectus. In est risus, auctor sed, tristique in, tempus sit amet, sem.','sl. Duis ac nibh. Fusce ',192, 161, TO_TIMESTAMP('2015-04-23 01:04:50', 'YYYY-MM-DD HH24:MI:SS'));
insert into MESSAGES (MESSAGE_ID, BODY, SUBJECT, SENDER_ID, RECEIVER_ID, DATE_SENT) values (182, 'Nunc nisl. Duis bibendum, felis sed interdum venenatis, turpis enim blandit mi, in porttitor pede ','condimentum. Curabitur i',127, 178, TO_TIMESTAMP('2015-04-25 13:39:33', 'YYYY-MM-DD HH24:MI:SS'));
insert into MESSAGES (MESSAGE_ID, BODY, SUBJECT, SENDER_ID, RECEIVER_ID, DATE_SENT) values (183, 'Nulla ac enim. In tempor, turpis nec euismod scelerisque, quam turpis adipiscing lorem, vitae matt','quam sit amet diam in ma',94, 125, TO_TIMESTAMP('2015-05-10 18:12:04', 'YYYY-MM-DD HH24:MI:SS'));
insert into MESSAGES (MESSAGE_ID, BODY, SUBJECT, SENDER_ID, RECEIVER_ID, DATE_SENT) values (184, 'Phasellus sit amet erat. Nulla tempus. Vivamus in felis eu sapien cursus vestibulum. Proin eu mi. ','iscing lorem, vitae matt',137, 188, TO_TIMESTAMP('2015-09-25 15:02:41', 'YYYY-MM-DD HH24:MI:SS'));
insert into MESSAGES (MESSAGE_ID, BODY, SUBJECT, SENDER_ID, RECEIVER_ID, DATE_SENT) values (185, 'Nulla mollis molestie lorem. Quisque ut erat. Curabitur gravida nisi at nibh. In hac habitasse pla','ut dolor. Morbi vel lect',44, 169, TO_TIMESTAMP('2015-05-03 13:02:48', 'YYYY-MM-DD HH24:MI:SS'));
insert into MESSAGES (MESSAGE_ID, BODY, SUBJECT, SENDER_ID, RECEIVER_ID, DATE_SENT) values (186, 'Morbi non quam nec dui luctus rutrum. Nulla tellus. In sagittis dui vel nisl. Duis ac nibh. Fusce ','is eget massa tempor con',124, 177, TO_TIMESTAMP('2016-02-01 15:19:56', 'YYYY-MM-DD HH24:MI:SS'));
insert into MESSAGES (MESSAGE_ID, BODY, SUBJECT, SENDER_ID, RECEIVER_ID, DATE_SENT) values (187, 'Aenean lectus. Pellentesque eget nunc. Donec quis orci eget orci vehicula condimentum. Curabitur i','iculus mus. Etiam vel au',82, 84, TO_TIMESTAMP('2015-10-28 14:47:21', 'YYYY-MM-DD HH24:MI:SS'));
insert into MESSAGES (MESSAGE_ID, BODY, SUBJECT, SENDER_ID, RECEIVER_ID, DATE_SENT) values (188, 'Donec posuere metus vitae ipsum. Aliquam non mauris. Morbi non lectus. Aliquam sit amet diam in ma','n in sapien iaculis cong',28, 7, TO_TIMESTAMP('2015-07-24 04:30:42', 'YYYY-MM-DD HH24:MI:SS'));
insert into MESSAGES (MESSAGE_ID, BODY, SUBJECT, SENDER_ID, RECEIVER_ID, DATE_SENT) values (189, 'Nulla ac enim. In tempor, turpis nec euismod scelerisque, quam turpis adipiscing lorem, vitae matt','. Integer pede justo, la',90, 188, TO_TIMESTAMP('2016-02-06 06:25:48', 'YYYY-MM-DD HH24:MI:SS'));
insert into MESSAGES (MESSAGE_ID, BODY, SUBJECT, SENDER_ID, RECEIVER_ID, DATE_SENT) values (190, 'Curabitur convallis. Duis consequat dui nec nisi volutpat eleifend. Donec ut dolor. Morbi vel lect','ivamus tortor. Duis matt',85, 23, TO_TIMESTAMP('2015-09-29 14:36:47', 'YYYY-MM-DD HH24:MI:SS'));
insert into MESSAGES (MESSAGE_ID, BODY, SUBJECT, SENDER_ID, RECEIVER_ID, DATE_SENT) values (191, 'Vivamus tortor. Duis mattis egestas metus. Aenean fermentum. Donec ut mauris eget massa tempor con','bh. In hac habitasse pla',1, 150, TO_TIMESTAMP('2015-12-30 07:59:48', 'YYYY-MM-DD HH24:MI:SS'));
insert into MESSAGES (MESSAGE_ID, BODY, SUBJECT, SENDER_ID, RECEIVER_ID, DATE_SENT) values (192, 'Cum sociis natoque penatibus et magnis dis parturient montes, nascetur ridiculus mus. Etiam vel au','atoque penatibus et magn',166, 68, TO_TIMESTAMP('2015-05-28 20:57:26', 'YYYY-MM-DD HH24:MI:SS'));
insert into MESSAGES (MESSAGE_ID, BODY, SUBJECT, SENDER_ID, RECEIVER_ID, DATE_SENT) values (193, 'Proin interdum mauris non ligula pellentesque ultrices. Phasellus id sapien in sapien iaculis cong','consectetuer eget, rutru',189, 152, TO_TIMESTAMP('2015-11-27 16:02:29', 'YYYY-MM-DD HH24:MI:SS'));
insert into MESSAGES (MESSAGE_ID, BODY, SUBJECT, SENDER_ID, RECEIVER_ID, DATE_SENT) values (194, 'Vestibulum sed magna at nunc commodo placerat. Praesent blandit. Nam nulla. Integer pede justo, la','at. Praesent blandit. Na',77, 192, TO_TIMESTAMP('2015-07-19 02:04:56', 'YYYY-MM-DD HH24:MI:SS'));
insert into MESSAGES (MESSAGE_ID, BODY, SUBJECT, SENDER_ID, RECEIVER_ID, DATE_SENT) values (195, 'Mauris sit amet eros. Suspendisse accumsan tortor quis turpis. Sed ante. Vivamus tortor. Duis matt','sa id nisl venenatis lac',124, 107, TO_TIMESTAMP('2015-10-31 02:50:57', 'YYYY-MM-DD HH24:MI:SS'));
insert into MESSAGES (MESSAGE_ID, BODY, SUBJECT, SENDER_ID, RECEIVER_ID, DATE_SENT) values (196, 'Nulla mollis molestie lorem. Quisque ut erat. Curabitur gravida nisi at nibh. In hac habitasse pla','et, pulvinar sed, nisl. ',104, 156, TO_TIMESTAMP('2015-06-16 16:49:20', 'YYYY-MM-DD HH24:MI:SS'));
insert into MESSAGES (MESSAGE_ID, BODY, SUBJECT, SENDER_ID, RECEIVER_ID, DATE_SENT) values (197, 'Suspendisse potenti. Cras in purus eu magna vulputate luctus. Cum sociis natoque penatibus et magn','lum ante ipsum primis in',118, 75, TO_TIMESTAMP('2015-04-15 00:59:31', 'YYYY-MM-DD HH24:MI:SS'));
insert into MESSAGES (MESSAGE_ID, BODY, SUBJECT, SENDER_ID, RECEIVER_ID, DATE_SENT) values (198, 'In hac habitasse platea dictumst. Aliquam augue quam, sollicitudin vitae, consectetuer eget, rutru','ut dolor. Morbi vel lect',154, 36, TO_TIMESTAMP('2016-03-15 01:15:18', 'YYYY-MM-DD HH24:MI:SS'));
insert into MESSAGES (MESSAGE_ID, BODY, SUBJECT, SENDER_ID, RECEIVER_ID, DATE_SENT) values (199, 'Praesent blandit lacinia erat. Vestibulum sed magna at nunc commodo placerat. Praesent blandit. Na','at. Praesent blandit. Na',64, 194, TO_TIMESTAMP('2015-09-08 09:05:34', 'YYYY-MM-DD HH24:MI:SS'));
insert into MESSAGES (MESSAGE_ID, BODY, SUBJECT, SENDER_ID, RECEIVER_ID, DATE_SENT) values (200, 'Vestibulum rutrum rutrum neque. Aenean auctor gravida sem. Praesent id massa id nisl venenatis lac','equat metus sapien ut nu',32, 174, TO_TIMESTAMP('2015-06-06 13:27:27', 'YYYY-MM-DD HH24:MI:SS'));
insert into MESSAGES (MESSAGE_ID, BODY, SUBJECT, SENDER_ID, RECEIVER_ID, DATE_SENT) values (201, 'Fusce posuere felis sed lacus. Morbi sem mauris, laoreet ut, rhoncus aliquet, pulvinar sed, nisl. ','t. Maecenas leo odio, co',117, 169, TO_TIMESTAMP('2015-05-27 20:21:37', 'YYYY-MM-DD HH24:MI:SS'));
insert into MESSAGES (MESSAGE_ID, BODY, SUBJECT, SENDER_ID, RECEIVER_ID, DATE_SENT) values (202, 'Vestibulum quam sapien, varius ut, blandit non, interdum in, ante. Vestibulum ante ipsum primis in','. Integer pede justo, la',90, 185, TO_TIMESTAMP('2015-06-20 21:21:39', 'YYYY-MM-DD HH24:MI:SS'));
insert into MESSAGES (MESSAGE_ID, BODY, SUBJECT, SENDER_ID, RECEIVER_ID, DATE_SENT) values (203, 'Curabitur convallis. Duis consequat dui nec nisi volutpat eleifend. Donec ut dolor. Morbi vel lect','amus in felis eu sapien ',171, 13, TO_TIMESTAMP('2015-11-03 01:09:02', 'YYYY-MM-DD HH24:MI:SS'));
insert into MESSAGES (MESSAGE_ID, BODY, SUBJECT, SENDER_ID, RECEIVER_ID, DATE_SENT) values (204, 'Praesent blandit lacinia erat. Vestibulum sed magna at nunc commodo placerat. Praesent blandit. Na','ing elit. Proin interdum',13, 32, TO_TIMESTAMP('2015-11-30 15:05:09', 'YYYY-MM-DD HH24:MI:SS'));
insert into MESSAGES (MESSAGE_ID, BODY, SUBJECT, SENDER_ID, RECEIVER_ID, DATE_SENT) values (205, 'Maecenas tristique, est et tempus semper, est quam pharetra magna, ac consequat metus sapien ut nu','ubilia Curae; Duis fauci',168, 12, TO_TIMESTAMP('2016-03-25 23:44:01', 'YYYY-MM-DD HH24:MI:SS'));
insert into MESSAGES (MESSAGE_ID, BODY, SUBJECT, SENDER_ID, RECEIVER_ID, DATE_SENT) values (206, 'Maecenas rhoncus aliquam lacus. Morbi quis tortor id nulla ultrices aliquet. Maecenas leo odio, co','ornare imperdiet, sapien',22, 135, TO_TIMESTAMP('2016-04-07 11:34:20', 'YYYY-MM-DD HH24:MI:SS'));
insert into MESSAGES (MESSAGE_ID, BODY, SUBJECT, SENDER_ID, RECEIVER_ID, DATE_SENT) values (207, 'Vestibulum sed magna at nunc commodo placerat. Praesent blandit. Nam nulla. Integer pede justo, la','nean sit amet justo. Mor',5, 198, TO_TIMESTAMP('2015-08-24 22:29:44', 'YYYY-MM-DD HH24:MI:SS'));
insert into MESSAGES (MESSAGE_ID, BODY, SUBJECT, SENDER_ID, RECEIVER_ID, DATE_SENT) values (208, 'Maecenas pulvinar lobortis est. Phasellus sit amet erat. Nulla tempus. Vivamus in felis eu sapien ','idunt. Nulla mollis mole',110, 138, TO_TIMESTAMP('2015-09-01 04:29:55', 'YYYY-MM-DD HH24:MI:SS'));
insert into MESSAGES (MESSAGE_ID, BODY, SUBJECT, SENDER_ID, RECEIVER_ID, DATE_SENT) values (209, 'In blandit ultrices enim. Lorem ipsum dolor sit amet, consectetuer adipiscing elit. Proin interdum','auris non ligula pellent',49, 107, TO_TIMESTAMP('2015-12-05 08:35:51', 'YYYY-MM-DD HH24:MI:SS'));
insert into MESSAGES (MESSAGE_ID, BODY, SUBJECT, SENDER_ID, RECEIVER_ID, DATE_SENT) values (210, 'Vestibulum ante ipsum primis in faucibus orci luctus et ultrices posuere cubilia Curae; Duis fauci','ec ut mauris eget massa ',83, 76, TO_TIMESTAMP('2015-10-14 06:02:48', 'YYYY-MM-DD HH24:MI:SS'));
insert into MESSAGES (MESSAGE_ID, BODY, SUBJECT, SENDER_ID, RECEIVER_ID, DATE_SENT) values (211, 'Vestibulum ac est lacinia nisi venenatis tristique. Fusce congue, diam id ornare imperdiet, sapien','. Praesent id massa id n',152, 119, TO_TIMESTAMP('2015-04-25 04:18:43', 'YYYY-MM-DD HH24:MI:SS'));
insert into MESSAGES (MESSAGE_ID, BODY, SUBJECT, SENDER_ID, RECEIVER_ID, DATE_SENT) values (212, 'Aenean auctor gravida sem. Praesent id massa id nisl venenatis lacinia. Aenean sit amet justo. Mor','oncus dui vel sem. Sed s',163, 116, TO_TIMESTAMP('2016-01-09 06:42:36', 'YYYY-MM-DD HH24:MI:SS'));
insert into MESSAGES (MESSAGE_ID, BODY, SUBJECT, SENDER_ID, RECEIVER_ID, DATE_SENT) values (213, 'In hac habitasse platea dictumst. Maecenas ut massa quis augue luctus tincidunt. Nulla mollis mole','on, interdum in, ante. V',124, 121, TO_TIMESTAMP('2015-09-24 11:41:44', 'YYYY-MM-DD HH24:MI:SS'));
insert into MESSAGES (MESSAGE_ID, BODY, SUBJECT, SENDER_ID, RECEIVER_ID, DATE_SENT) values (214, 'Lorem ipsum dolor sit amet, consectetuer adipiscing elit. Proin interdum mauris non ligula pellent','sl. Duis ac nibh. Fusce ',34, 47, TO_TIMESTAMP('2015-05-05 07:49:14', 'YYYY-MM-DD HH24:MI:SS'));
insert into MESSAGES (MESSAGE_ID, BODY, SUBJECT, SENDER_ID, RECEIVER_ID, DATE_SENT) values (215, 'Sed ante. Vivamus tortor. Duis mattis egestas metus. Aenean fermentum. Donec ut mauris eget massa ','bh. In hac habitasse pla',49, 112, TO_TIMESTAMP('2015-09-17 05:25:49', 'YYYY-MM-DD HH24:MI:SS'));
insert into MESSAGES (MESSAGE_ID, BODY, SUBJECT, SENDER_ID, RECEIVER_ID, DATE_SENT) values (216, 'Etiam vel augue. Vestibulum rutrum rutrum neque. Aenean auctor gravida sem. Praesent id massa id n',' non mauris. Morbi non l',135, 63, TO_TIMESTAMP('2015-10-20 23:04:22', 'YYYY-MM-DD HH24:MI:SS'));
insert into MESSAGES (MESSAGE_ID, BODY, SUBJECT, SENDER_ID, RECEIVER_ID, DATE_SENT) values (217, 'Morbi sem mauris, laoreet ut, rhoncus aliquet, pulvinar sed, nisl. Nunc rhoncus dui vel sem. Sed s','et, pulvinar sed, nisl. ',28, 13, TO_TIMESTAMP('2015-05-11 12:06:00', 'YYYY-MM-DD HH24:MI:SS'));
insert into MESSAGES (MESSAGE_ID, BODY, SUBJECT, SENDER_ID, RECEIVER_ID, DATE_SENT) values (218, 'Proin risus. Praesent lectus. Vestibulum quam sapien, varius ut, blandit non, interdum in, ante. V','iscing lorem, vitae matt',176, 52, TO_TIMESTAMP('2015-05-12 04:37:43', 'YYYY-MM-DD HH24:MI:SS'));
insert into MESSAGES (MESSAGE_ID, BODY, SUBJECT, SENDER_ID, RECEIVER_ID, DATE_SENT) values (219, 'Morbi non quam nec dui luctus rutrum. Nulla tellus. In sagittis dui vel nisl. Duis ac nibh. Fusce ','ectus in quam fringilla ',71, 140, TO_TIMESTAMP('2016-03-02 17:11:55', 'YYYY-MM-DD HH24:MI:SS'));
insert into MESSAGES (MESSAGE_ID, BODY, SUBJECT, SENDER_ID, RECEIVER_ID, DATE_SENT) values (220, 'Nulla mollis molestie lorem. Quisque ut erat. Curabitur gravida nisi at nibh. In hac habitasse pla','uisque id justo sit amet',88, 2, TO_TIMESTAMP('2015-09-06 03:29:07', 'YYYY-MM-DD HH24:MI:SS'));
insert into MESSAGES (MESSAGE_ID, BODY, SUBJECT, SENDER_ID, RECEIVER_ID, DATE_SENT) values (221, 'Nullam porttitor lacus at turpis. Donec posuere metus vitae ipsum. Aliquam non mauris. Morbi non l','m sed magna at nunc comm',142, 163, TO_TIMESTAMP('2015-06-18 16:51:24', 'YYYY-MM-DD HH24:MI:SS'));
insert into MESSAGES (MESSAGE_ID, BODY, SUBJECT, SENDER_ID, RECEIVER_ID, DATE_SENT) values (222, 'Fusce posuere felis sed lacus. Morbi sem mauris, laoreet ut, rhoncus aliquet, pulvinar sed, nisl. ','idunt. Nulla mollis mole',89, 168, TO_TIMESTAMP('2015-07-17 12:44:35', 'YYYY-MM-DD HH24:MI:SS'));
insert into MESSAGES (MESSAGE_ID, BODY, SUBJECT, SENDER_ID, RECEIVER_ID, DATE_SENT) values (223, 'Nulla ac enim. In tempor, turpis nec euismod scelerisque, quam turpis adipiscing lorem, vitae matt','condimentum. Curabitur i',72, 12, TO_TIMESTAMP('2016-02-19 19:34:31', 'YYYY-MM-DD HH24:MI:SS'));
insert into MESSAGES (MESSAGE_ID, BODY, SUBJECT, SENDER_ID, RECEIVER_ID, DATE_SENT) values (224, 'Duis consequat dui nec nisi volutpat eleifend. Donec ut dolor. Morbi vel lectus in quam fringilla ','sl. Duis ac nibh. Fusce ',200, 6, TO_TIMESTAMP('2016-03-29 15:05:58', 'YYYY-MM-DD HH24:MI:SS'));
insert into MESSAGES (MESSAGE_ID, BODY, SUBJECT, SENDER_ID, RECEIVER_ID, DATE_SENT) values (225, 'Nulla neque libero, convallis eget, eleifend luctus, ultricies eu, nibh. Quisque id justo sit amet','ndit ultrices enim. Lore',32, 183, TO_TIMESTAMP('2015-11-18 06:36:15', 'YYYY-MM-DD HH24:MI:SS'));
insert into MESSAGES (MESSAGE_ID, BODY, SUBJECT, SENDER_ID, RECEIVER_ID, DATE_SENT) values (226, 'Integer tincidunt ante vel ipsum. Praesent blandit lacinia erat. Vestibulum sed magna at nunc comm','auris non ligula pellent',192, 113, TO_TIMESTAMP('2015-06-13 19:11:50', 'YYYY-MM-DD HH24:MI:SS'));
insert into MESSAGES (MESSAGE_ID, BODY, SUBJECT, SENDER_ID, RECEIVER_ID, DATE_SENT) values (227, 'In hac habitasse platea dictumst. Maecenas ut massa quis augue luctus tincidunt. Nulla mollis mole','on, interdum in, ante. V',80, 33, TO_TIMESTAMP('2016-01-24 01:25:13', 'YYYY-MM-DD HH24:MI:SS'));
insert into MESSAGES (MESSAGE_ID, BODY, SUBJECT, SENDER_ID, RECEIVER_ID, DATE_SENT) values (228, 'Aenean lectus. Pellentesque eget nunc. Donec quis orci eget orci vehicula condimentum. Curabitur i','in, ante. Vestibulum ant',18, 142, TO_TIMESTAMP('2015-07-25 12:56:25', 'YYYY-MM-DD HH24:MI:SS'));
insert into MESSAGES (MESSAGE_ID, BODY, SUBJECT, SENDER_ID, RECEIVER_ID, DATE_SENT) values (229, 'Morbi non quam nec dui luctus rutrum. Nulla tellus. In sagittis dui vel nisl. Duis ac nibh. Fusce ','ndit ultrices enim. Lore',168, 34, TO_TIMESTAMP('2016-03-02 13:43:28', 'YYYY-MM-DD HH24:MI:SS'));
insert into MESSAGES (MESSAGE_ID, BODY, SUBJECT, SENDER_ID, RECEIVER_ID, DATE_SENT) values (230, 'Cras mi pede, malesuada in, imperdiet et, commodo vulputate, justo. In blandit ultrices enim. Lore','m sed magna at nunc comm',26, 25, TO_TIMESTAMP('2015-04-13 04:03:51', 'YYYY-MM-DD HH24:MI:SS'));
insert into MESSAGES (MESSAGE_ID, BODY, SUBJECT, SENDER_ID, RECEIVER_ID, DATE_SENT) values (231, 'Lorem ipsum dolor sit amet, consectetuer adipiscing elit. Proin interdum mauris non ligula pellent','auris non ligula pellent',185, 14, TO_TIMESTAMP('2015-06-11 23:10:58', 'YYYY-MM-DD HH24:MI:SS'));
insert into MESSAGES (MESSAGE_ID, BODY, SUBJECT, SENDER_ID, RECEIVER_ID, DATE_SENT) values (232, 'Proin risus. Praesent lectus. Vestibulum quam sapien, varius ut, blandit non, interdum in, ante. V','uspendisse accumsan tort',167, 18, TO_TIMESTAMP('2015-06-09 15:17:26', 'YYYY-MM-DD HH24:MI:SS'));
insert into MESSAGES (MESSAGE_ID, BODY, SUBJECT, SENDER_ID, RECEIVER_ID, DATE_SENT) values (233, 'Praesent lectus. Vestibulum quam sapien, varius ut, blandit non, interdum in, ante. Vestibulum ant','ulla ac enim. In tempor,',94, 93, TO_TIMESTAMP('2015-08-16 12:10:29', 'YYYY-MM-DD HH24:MI:SS'));
insert into MESSAGES (MESSAGE_ID, BODY, SUBJECT, SENDER_ID, RECEIVER_ID, DATE_SENT) values (234, 'Cras mi pede, malesuada in, imperdiet et, commodo vulputate, justo. In blandit ultrices enim. Lore',' condimentum neque sapie',152, 176, TO_TIMESTAMP('2015-07-01 07:07:06', 'YYYY-MM-DD HH24:MI:SS'));
insert into MESSAGES (MESSAGE_ID, BODY, SUBJECT, SENDER_ID, RECEIVER_ID, DATE_SENT) values (235, 'Integer tincidunt ante vel ipsum. Praesent blandit lacinia erat. Vestibulum sed magna at nunc comm','porttitor lorem id ligul',79, 3, TO_TIMESTAMP('2015-07-21 13:53:09', 'YYYY-MM-DD HH24:MI:SS'));
insert into MESSAGES (MESSAGE_ID, BODY, SUBJECT, SENDER_ID, RECEIVER_ID, DATE_SENT) values (236, 'Lorem ipsum dolor sit amet, consectetuer adipiscing elit. Proin interdum mauris non ligula pellent','ctus. Suspendisse potent',52, 134, TO_TIMESTAMP('2015-04-23 22:59:21', 'YYYY-MM-DD HH24:MI:SS'));
insert into MESSAGES (MESSAGE_ID, BODY, SUBJECT, SENDER_ID, RECEIVER_ID, DATE_SENT) values (237, 'Aliquam quis turpis eget elit sodales scelerisque. Mauris sit amet eros. Suspendisse accumsan tort','ubilia Curae; Mauris viv',115, 195, TO_TIMESTAMP('2016-01-31 07:17:18', 'YYYY-MM-DD HH24:MI:SS'));
insert into MESSAGES (MESSAGE_ID, BODY, SUBJECT, SENDER_ID, RECEIVER_ID, DATE_SENT) values (238, 'Nulla tempus. Vivamus in felis eu sapien cursus vestibulum. Proin eu mi. Nulla ac enim. In tempor,','In tempor, turpis nec eu',55, 125, TO_TIMESTAMP('2015-08-22 11:33:56', 'YYYY-MM-DD HH24:MI:SS'));
insert into MESSAGES (MESSAGE_ID, BODY, SUBJECT, SENDER_ID, RECEIVER_ID, DATE_SENT) values (239, 'Morbi vestibulum, velit id pretium iaculis, diam erat fermentum justo, nec condimentum neque sapie','idunt. Nulla mollis mole',116, 52, TO_TIMESTAMP('2015-04-19 04:03:50', 'YYYY-MM-DD HH24:MI:SS'));
insert into MESSAGES (MESSAGE_ID, BODY, SUBJECT, SENDER_ID, RECEIVER_ID, DATE_SENT) values (240, 'Integer pede justo, lacinia eget, tincidunt eget, tempus vel, pede. Morbi porttitor lorem id ligul','. Cras in purus eu magna',193, 145, TO_TIMESTAMP('2015-10-26 05:49:31', 'YYYY-MM-DD HH24:MI:SS'));
insert into MESSAGES (MESSAGE_ID, BODY, SUBJECT, SENDER_ID, RECEIVER_ID, DATE_SENT) values (241, 'Duis ac nibh. Fusce lacus purus, aliquet at, feugiat non, pretium quis, lectus. Suspendisse potent','ttis egestas metus. Aene',137, 100, TO_TIMESTAMP('2016-03-27 04:37:21', 'YYYY-MM-DD HH24:MI:SS'));
insert into MESSAGES (MESSAGE_ID, BODY, SUBJECT, SENDER_ID, RECEIVER_ID, DATE_SENT) values (242, 'Vestibulum ante ipsum primis in faucibus orci luctus et ultrices posuere cubilia Curae; Mauris viv','ubilia Curae; Donec phar',104, 7, TO_TIMESTAMP('2016-01-03 01:50:45', 'YYYY-MM-DD HH24:MI:SS'));
insert into MESSAGES (MESSAGE_ID, BODY, SUBJECT, SENDER_ID, RECEIVER_ID, DATE_SENT) values (243, 'Vivamus in felis eu sapien cursus vestibulum. Proin eu mi. Nulla ac enim. In tempor, turpis nec eu','es vel, augue. Vestibulu',149, 83, TO_TIMESTAMP('2016-01-13 01:20:02', 'YYYY-MM-DD HH24:MI:SS'));
insert into MESSAGES (MESSAGE_ID, BODY, SUBJECT, SENDER_ID, RECEIVER_ID, DATE_SENT) values (244, 'In hac habitasse platea dictumst. Maecenas ut massa quis augue luctus tincidunt. Nulla mollis mole','et eleifend pede libero ',187, 157, TO_TIMESTAMP('2015-08-06 14:53:14', 'YYYY-MM-DD HH24:MI:SS'));
insert into MESSAGES (MESSAGE_ID, BODY, SUBJECT, SENDER_ID, RECEIVER_ID, DATE_SENT) values (245, 'Nullam molestie nibh in lectus. Pellentesque at nulla. Suspendisse potenti. Cras in purus eu magna',' eget, eleifend luctus, ',93, 128, TO_TIMESTAMP('2015-12-06 07:54:21', 'YYYY-MM-DD HH24:MI:SS'));
insert into MESSAGES (MESSAGE_ID, BODY, SUBJECT, SENDER_ID, RECEIVER_ID, DATE_SENT) values (246, 'Suspendisse accumsan tortor quis turpis. Sed ante. Vivamus tortor. Duis mattis egestas metus. Aene','atis non, sodales sed, t',154, 70, TO_TIMESTAMP('2016-03-19 15:54:45', 'YYYY-MM-DD HH24:MI:SS'));
insert into MESSAGES (MESSAGE_ID, BODY, SUBJECT, SENDER_ID, RECEIVER_ID, DATE_SENT) values (247, 'Vestibulum ante ipsum primis in faucibus orci luctus et ultrices posuere cubilia Curae; Donec phar','nean sit amet justo. Mor',117, 172, TO_TIMESTAMP('2015-06-23 04:32:11', 'YYYY-MM-DD HH24:MI:SS'));
insert into MESSAGES (MESSAGE_ID, BODY, SUBJECT, SENDER_ID, RECEIVER_ID, DATE_SENT) values (248, 'Integer non velit. Donec diam neque, vestibulum eget, vulputate ut, ultrices vel, augue. Vestibulu','ede. Morbi porttitor lor',5, 45, TO_TIMESTAMP('2015-09-13 10:10:20', 'YYYY-MM-DD HH24:MI:SS'));
insert into MESSAGES (MESSAGE_ID, BODY, SUBJECT, SENDER_ID, RECEIVER_ID, DATE_SENT) values (249, 'Nam congue, risus semper porta volutpat, quam pede lobortis ligula, sit amet eleifend pede libero ','venenatis, turpis enim b',89, 160, TO_TIMESTAMP('2015-08-31 09:31:47', 'YYYY-MM-DD HH24:MI:SS'));
insert into MESSAGES (MESSAGE_ID, BODY, SUBJECT, SENDER_ID, RECEIVER_ID, DATE_SENT) values (250, 'Donec ut mauris eget massa tempor convallis. Nulla neque libero, convallis eget, eleifend luctus, ','ibulum ante ipsum primis',32, 119, TO_TIMESTAMP('2016-03-24 01:28:15', 'YYYY-MM-DD HH24:MI:SS'));
insert into MESSAGES (MESSAGE_ID, BODY, SUBJECT, SENDER_ID, RECEIVER_ID, DATE_SENT) values (251, 'Aliquam sit amet diam in magna bibendum imperdiet. Nullam orci pede, venenatis non, sodales sed, t','ultrices aliquet. Maecen',164, 58, TO_TIMESTAMP('2015-10-03 05:11:47', 'YYYY-MM-DD HH24:MI:SS'));
insert into MESSAGES (MESSAGE_ID, BODY, SUBJECT, SENDER_ID, RECEIVER_ID, DATE_SENT) values (252, 'Aenean auctor gravida sem. Praesent id massa id nisl venenatis lacinia. Aenean sit amet justo. Mor','itae mattis nibh ligula ',105, 108, TO_TIMESTAMP('2015-11-26 14:28:58', 'YYYY-MM-DD HH24:MI:SS'));
insert into MESSAGES (MESSAGE_ID, BODY, SUBJECT, SENDER_ID, RECEIVER_ID, DATE_SENT) values (253, 'Nam nulla. Integer pede justo, lacinia eget, tincidunt eget, tempus vel, pede. Morbi porttitor lor','ndit ultrices enim. Lore',7, 18, TO_TIMESTAMP('2015-09-21 17:47:15', 'YYYY-MM-DD HH24:MI:SS'));
insert into MESSAGES (MESSAGE_ID, BODY, SUBJECT, SENDER_ID, RECEIVER_ID, DATE_SENT) values (254, 'Fusce consequat. Nulla nisl. Nunc nisl. Duis bibendum, felis sed interdum venenatis, turpis enim b','sa volutpat convallis. M',165, 105, TO_TIMESTAMP('2015-10-14 02:49:58', 'YYYY-MM-DD HH24:MI:SS'));
insert into MESSAGES (MESSAGE_ID, BODY, SUBJECT, SENDER_ID, RECEIVER_ID, DATE_SENT) values (255, 'Donec diam neque, vestibulum eget, vulputate ut, ultrices vel, augue. Vestibulum ante ipsum primis','t mi, in porttitor pede ',147, 159, TO_TIMESTAMP('2015-04-11 10:45:43', 'YYYY-MM-DD HH24:MI:SS'));
insert into MESSAGES (MESSAGE_ID, BODY, SUBJECT, SENDER_ID, RECEIVER_ID, DATE_SENT) values (256, 'In quis justo. Maecenas rhoncus aliquam lacus. Morbi quis tortor id nulla ultrices aliquet. Maecen','ibulum ante ipsum primis',96, 19, TO_TIMESTAMP('2016-03-13 09:47:09', 'YYYY-MM-DD HH24:MI:SS'));
insert into MESSAGES (MESSAGE_ID, BODY, SUBJECT, SENDER_ID, RECEIVER_ID, DATE_SENT) values (257, 'In tempor, turpis nec euismod scelerisque, quam turpis adipiscing lorem, vitae mattis nibh ligula ','ectus in quam fringilla ',146, 126, TO_TIMESTAMP('2015-08-14 22:24:13', 'YYYY-MM-DD HH24:MI:SS'));
insert into MESSAGES (MESSAGE_ID, BODY, SUBJECT, SENDER_ID, RECEIVER_ID, DATE_SENT) values (258, 'Cras mi pede, malesuada in, imperdiet et, commodo vulputate, justo. In blandit ultrices enim. Lore','sa quis augue luctus tin',99, 135, TO_TIMESTAMP('2015-10-01 08:00:05', 'YYYY-MM-DD HH24:MI:SS'));
insert into MESSAGES (MESSAGE_ID, BODY, SUBJECT, SENDER_ID, RECEIVER_ID, DATE_SENT) values (259, 'Donec quis orci eget orci vehicula condimentum. Curabitur in libero ut massa volutpat convallis. M','dum imperdiet. Nullam or',2, 81, TO_TIMESTAMP('2015-09-19 23:42:01', 'YYYY-MM-DD HH24:MI:SS'));
insert into MESSAGES (MESSAGE_ID, BODY, SUBJECT, SENDER_ID, RECEIVER_ID, DATE_SENT) values (260, 'Nunc nisl. Duis bibendum, felis sed interdum venenatis, turpis enim blandit mi, in porttitor pede ','ectus in quam fringilla ',15, 81, TO_TIMESTAMP('2016-01-03 00:45:24', 'YYYY-MM-DD HH24:MI:SS'));
insert into MESSAGES (MESSAGE_ID, BODY, SUBJECT, SENDER_ID, RECEIVER_ID, DATE_SENT) values (261, 'Donec diam neque, vestibulum eget, vulputate ut, ultrices vel, augue. Vestibulum ante ipsum primis',' dis parturient montes, ',127, 100, TO_TIMESTAMP('2015-08-23 07:07:30', 'YYYY-MM-DD HH24:MI:SS'));
insert into MESSAGES (MESSAGE_ID, BODY, SUBJECT, SENDER_ID, RECEIVER_ID, DATE_SENT) values (262, 'Duis consequat dui nec nisi volutpat eleifend. Donec ut dolor. Morbi vel lectus in quam fringilla ','ivamus tortor. Duis matt',115, 92, TO_TIMESTAMP('2015-05-14 20:21:38', 'YYYY-MM-DD HH24:MI:SS'));
insert into MESSAGES (MESSAGE_ID, BODY, SUBJECT, SENDER_ID, RECEIVER_ID, DATE_SENT) values (263, 'In eleifend quam a odio. In hac habitasse platea dictumst. Maecenas ut massa quis augue luctus tin','ibulum ante ipsum primis',80, 83, TO_TIMESTAMP('2016-03-09 19:59:05', 'YYYY-MM-DD HH24:MI:SS'));
insert into MESSAGES (MESSAGE_ID, BODY, SUBJECT, SENDER_ID, RECEIVER_ID, DATE_SENT) values (264, 'Aliquam non mauris. Morbi non lectus. Aliquam sit amet diam in magna bibendum imperdiet. Nullam or','atoque penatibus et magn',190, 82, TO_TIMESTAMP('2015-09-27 07:53:00', 'YYYY-MM-DD HH24:MI:SS'));
insert into MESSAGES (MESSAGE_ID, BODY, SUBJECT, SENDER_ID, RECEIVER_ID, DATE_SENT) values (265, 'Duis consequat dui nec nisi volutpat eleifend. Donec ut dolor. Morbi vel lectus in quam fringilla ','esent lectus. Vestibulum',70, 161, TO_TIMESTAMP('2015-09-13 02:44:02', 'YYYY-MM-DD HH24:MI:SS'));
insert into MESSAGES (MESSAGE_ID, BODY, SUBJECT, SENDER_ID, RECEIVER_ID, DATE_SENT) values (266, 'Vivamus vestibulum sagittis sapien. Cum sociis natoque penatibus et magnis dis parturient montes, ','ultrices aliquet. Maecen',191, 99, TO_TIMESTAMP('2015-09-22 23:26:58', 'YYYY-MM-DD HH24:MI:SS'));
insert into MESSAGES (MESSAGE_ID, BODY, SUBJECT, SENDER_ID, RECEIVER_ID, DATE_SENT) values (267, 'Mauris sit amet eros. Suspendisse accumsan tortor quis turpis. Sed ante. Vivamus tortor. Duis matt',', justo. In blandit ultr',23, 28, TO_TIMESTAMP('2016-01-03 11:31:00', 'YYYY-MM-DD HH24:MI:SS'));
insert into MESSAGES (MESSAGE_ID, BODY, SUBJECT, SENDER_ID, RECEIVER_ID, DATE_SENT) values (268, 'Donec diam neque, vestibulum eget, vulputate ut, ultrices vel, augue. Vestibulum ante ipsum primis','iculus mus. Etiam vel au',64, 147, TO_TIMESTAMP('2015-05-14 12:57:09', 'YYYY-MM-DD HH24:MI:SS'));
insert into MESSAGES (MESSAGE_ID, BODY, SUBJECT, SENDER_ID, RECEIVER_ID, DATE_SENT) values (269, 'Suspendisse potenti. Cras in purus eu magna vulputate luctus. Cum sociis natoque penatibus et magn','iscing lorem, vitae matt',168, 164, TO_TIMESTAMP('2015-11-11 03:26:31', 'YYYY-MM-DD HH24:MI:SS'));
insert into MESSAGES (MESSAGE_ID, BODY, SUBJECT, SENDER_ID, RECEIVER_ID, DATE_SENT) values (270, 'Lorem ipsum dolor sit amet, consectetuer adipiscing elit. Proin risus. Praesent lectus. Vestibulum',' libero, convallis eget,',113, 48, TO_TIMESTAMP('2015-11-25 21:01:49', 'YYYY-MM-DD HH24:MI:SS'));
insert into MESSAGES (MESSAGE_ID, BODY, SUBJECT, SENDER_ID, RECEIVER_ID, DATE_SENT) values (271, 'In quis justo. Maecenas rhoncus aliquam lacus. Morbi quis tortor id nulla ultrices aliquet. Maecen','m orci pede, venenatis n',133, 164, TO_TIMESTAMP('2015-11-28 01:24:00', 'YYYY-MM-DD HH24:MI:SS'));
insert into MESSAGES (MESSAGE_ID, BODY, SUBJECT, SENDER_ID, RECEIVER_ID, DATE_SENT) values (272, 'Morbi ut odio. Cras mi pede, malesuada in, imperdiet et, commodo vulputate, justo. In blandit ultr','n, tempus sit amet, sem.',2, 10, TO_TIMESTAMP('2015-10-06 22:38:58', 'YYYY-MM-DD HH24:MI:SS'));
insert into MESSAGES (MESSAGE_ID, BODY, SUBJECT, SENDER_ID, RECEIVER_ID, DATE_SENT) values (273, 'Cum sociis natoque penatibus et magnis dis parturient montes, nascetur ridiculus mus. Etiam vel au','ectus in quam fringilla ',128, 138, TO_TIMESTAMP('2015-04-20 20:21:13', 'YYYY-MM-DD HH24:MI:SS'));
insert into MESSAGES (MESSAGE_ID, BODY, SUBJECT, SENDER_ID, RECEIVER_ID, DATE_SENT) values (274, 'Nulla ac enim. In tempor, turpis nec euismod scelerisque, quam turpis adipiscing lorem, vitae matt','. Praesent id massa id n',110, 18, TO_TIMESTAMP('2016-02-25 18:03:17', 'YYYY-MM-DD HH24:MI:SS'));
insert into MESSAGES (MESSAGE_ID, BODY, SUBJECT, SENDER_ID, RECEIVER_ID, DATE_SENT) values (275, 'Aenean fermentum. Donec ut mauris eget massa tempor convallis. Nulla neque libero, convallis eget,','um primis in faucibus or',156, 153, TO_TIMESTAMP('2016-03-19 19:11:23', 'YYYY-MM-DD HH24:MI:SS'));
insert into MESSAGES (MESSAGE_ID, BODY, SUBJECT, SENDER_ID, RECEIVER_ID, DATE_SENT) values (276, 'Morbi non lectus. Aliquam sit amet diam in magna bibendum imperdiet. Nullam orci pede, venenatis n','get, tempus vel, pede. M',58, 134, TO_TIMESTAMP('2015-04-24 05:55:30', 'YYYY-MM-DD HH24:MI:SS'));
insert into MESSAGES (MESSAGE_ID, BODY, SUBJECT, SENDER_ID, RECEIVER_ID, DATE_SENT) values (277, 'Suspendisse ornare consequat lectus. In est risus, auctor sed, tristique in, tempus sit amet, sem.','iscing lorem, vitae matt',36, 13, TO_TIMESTAMP('2016-02-19 03:08:30', 'YYYY-MM-DD HH24:MI:SS'));
insert into MESSAGES (MESSAGE_ID, BODY, SUBJECT, SENDER_ID, RECEIVER_ID, DATE_SENT) values (278, 'Duis consequat dui nec nisi volutpat eleifend. Donec ut dolor. Morbi vel lectus in quam fringilla ','ttis dui vel nisl. Duis ',147, 80, TO_TIMESTAMP('2015-11-28 04:41:17', 'YYYY-MM-DD HH24:MI:SS'));
insert into MESSAGES (MESSAGE_ID, BODY, SUBJECT, SENDER_ID, RECEIVER_ID, DATE_SENT) values (279, 'Etiam vel augue. Vestibulum rutrum rutrum neque. Aenean auctor gravida sem. Praesent id massa id n','in, ante. Vestibulum ant',153, 64, TO_TIMESTAMP('2015-12-23 23:35:45', 'YYYY-MM-DD HH24:MI:SS'));
insert into MESSAGES (MESSAGE_ID, BODY, SUBJECT, SENDER_ID, RECEIVER_ID, DATE_SENT) values (280, 'Quisque id justo sit amet sapien dignissim vestibulum. Vestibulum ante ipsum primis in faucibus or','m sed magna at nunc comm',157, 52, TO_TIMESTAMP('2015-08-04 20:55:56', 'YYYY-MM-DD HH24:MI:SS'));
insert into MESSAGES (MESSAGE_ID, BODY, SUBJECT, SENDER_ID, RECEIVER_ID, DATE_SENT) values (281, 'Praesent blandit. Nam nulla. Integer pede justo, lacinia eget, tincidunt eget, tempus vel, pede. M','ultrices aliquet. Maecen',169, 190, TO_TIMESTAMP('2015-11-10 07:17:01', 'YYYY-MM-DD HH24:MI:SS'));
insert into MESSAGES (MESSAGE_ID, BODY, SUBJECT, SENDER_ID, RECEIVER_ID, DATE_SENT) values (282, 'Nulla ac enim. In tempor, turpis nec euismod scelerisque, quam turpis adipiscing lorem, vitae matt','sa quis augue luctus tin',4, 145, TO_TIMESTAMP('2015-10-14 09:09:06', 'YYYY-MM-DD HH24:MI:SS'));
insert into MESSAGES (MESSAGE_ID, BODY, SUBJECT, SENDER_ID, RECEIVER_ID, DATE_SENT) values (283, 'Duis bibendum. Morbi non quam nec dui luctus rutrum. Nulla tellus. In sagittis dui vel nisl. Duis ','st risus, auctor sed, tr',165, 172, TO_TIMESTAMP('2015-12-21 10:31:30', 'YYYY-MM-DD HH24:MI:SS'));
insert into MESSAGES (MESSAGE_ID, BODY, SUBJECT, SENDER_ID, RECEIVER_ID, DATE_SENT) values (284, 'Praesent lectus. Vestibulum quam sapien, varius ut, blandit non, interdum in, ante. Vestibulum ant','ttis egestas metus. Aene',102, 169, TO_TIMESTAMP('2015-10-10 19:23:45', 'YYYY-MM-DD HH24:MI:SS'));
insert into MESSAGES (MESSAGE_ID, BODY, SUBJECT, SENDER_ID, RECEIVER_ID, DATE_SENT) values (285, 'Integer tincidunt ante vel ipsum. Praesent blandit lacinia erat. Vestibulum sed magna at nunc comm','itae mattis nibh ligula ',161, 23, TO_TIMESTAMP('2015-06-11 15:17:33', 'YYYY-MM-DD HH24:MI:SS'));
insert into MESSAGES (MESSAGE_ID, BODY, SUBJECT, SENDER_ID, RECEIVER_ID, DATE_SENT) values (286, 'In quis justo. Maecenas rhoncus aliquam lacus. Morbi quis tortor id nulla ultrices aliquet. Maecen',' non mauris. Morbi non l',129, 148, TO_TIMESTAMP('2015-06-25 00:46:49', 'YYYY-MM-DD HH24:MI:SS'));
insert into MESSAGES (MESSAGE_ID, BODY, SUBJECT, SENDER_ID, RECEIVER_ID, DATE_SENT) values (287, 'In eleifend quam a odio. In hac habitasse platea dictumst. Maecenas ut massa quis augue luctus tin','ng molestie, hendrerit a',83, 186, TO_TIMESTAMP('2016-03-09 01:54:57', 'YYYY-MM-DD HH24:MI:SS'));
insert into MESSAGES (MESSAGE_ID, BODY, SUBJECT, SENDER_ID, RECEIVER_ID, DATE_SENT) values (288, 'Morbi porttitor lorem id ligula. Suspendisse ornare consequat lectus. In est risus, auctor sed, tr','orbi vestibulum, velit i',108, 131, TO_TIMESTAMP('2016-01-04 09:43:29', 'YYYY-MM-DD HH24:MI:SS'));
insert into MESSAGES (MESSAGE_ID, BODY, SUBJECT, SENDER_ID, RECEIVER_ID, DATE_SENT) values (289, 'Suspendisse accumsan tortor quis turpis. Sed ante. Vivamus tortor. Duis mattis egestas metus. Aene','m id, luctus nec, molest',101, 175, TO_TIMESTAMP('2015-09-21 20:53:39', 'YYYY-MM-DD HH24:MI:SS'));
insert into MESSAGES (MESSAGE_ID, BODY, SUBJECT, SENDER_ID, RECEIVER_ID, DATE_SENT) values (290, 'In tempor, turpis nec euismod scelerisque, quam turpis adipiscing lorem, vitae mattis nibh ligula ','atoque penatibus et magn',124, 185, TO_TIMESTAMP('2015-09-07 22:51:01', 'YYYY-MM-DD HH24:MI:SS'));
insert into MESSAGES (MESSAGE_ID, BODY, SUBJECT, SENDER_ID, RECEIVER_ID, DATE_SENT) values (291, 'Nullam porttitor lacus at turpis. Donec posuere metus vitae ipsum. Aliquam non mauris. Morbi non l','osuere felis sed lacus. ',187, 108, TO_TIMESTAMP('2016-03-04 15:10:11', 'YYYY-MM-DD HH24:MI:SS'));
insert into MESSAGES (MESSAGE_ID, BODY, SUBJECT, SENDER_ID, RECEIVER_ID, DATE_SENT) values (292, 'Phasellus id sapien in sapien iaculis congue. Vivamus metus arcu, adipiscing molestie, hendrerit a','amus in felis eu sapien ',118, 145, TO_TIMESTAMP('2016-02-28 14:19:41', 'YYYY-MM-DD HH24:MI:SS'));
insert into MESSAGES (MESSAGE_ID, BODY, SUBJECT, SENDER_ID, RECEIVER_ID, DATE_SENT) values (293, 'Duis at velit eu est congue elementum. In hac habitasse platea dictumst. Morbi vestibulum, velit i','umst. Maecenas ut massa ',102, 173, TO_TIMESTAMP('2015-05-21 10:59:43', 'YYYY-MM-DD HH24:MI:SS'));
insert into MESSAGES (MESSAGE_ID, BODY, SUBJECT, SENDER_ID, RECEIVER_ID, DATE_SENT) values (294, 'Morbi quis tortor id nulla ultrices aliquet. Maecenas leo odio, condimentum id, luctus nec, molest',' vehicula consequat. Mor',150, 42, TO_TIMESTAMP('2015-11-18 10:24:08', 'YYYY-MM-DD HH24:MI:SS'));
insert into MESSAGES (MESSAGE_ID, BODY, SUBJECT, SENDER_ID, RECEIVER_ID, DATE_SENT) values (295, 'Suspendisse potenti. Cras in purus eu magna vulputate luctus. Cum sociis natoque penatibus et magn','. Cras in purus eu magna',176, 176, TO_TIMESTAMP('2016-03-17 16:42:38', 'YYYY-MM-DD HH24:MI:SS'));
insert into MESSAGES (MESSAGE_ID, BODY, SUBJECT, SENDER_ID, RECEIVER_ID, DATE_SENT) values (296, 'Nullam orci pede, venenatis non, sodales sed, tincidunt eu, felis. Fusce posuere felis sed lacus. ',' libero, convallis eget,',105, 82, TO_TIMESTAMP('2015-07-13 00:44:40', 'YYYY-MM-DD HH24:MI:SS'));
insert into MESSAGES (MESSAGE_ID, BODY, SUBJECT, SENDER_ID, RECEIVER_ID, DATE_SENT) values (297, 'Maecenas pulvinar lobortis est. Phasellus sit amet erat. Nulla tempus. Vivamus in felis eu sapien ','s tristique, est et temp',40, 189, TO_TIMESTAMP('2015-06-17 11:18:41', 'YYYY-MM-DD HH24:MI:SS'));
insert into MESSAGES (MESSAGE_ID, BODY, SUBJECT, SENDER_ID, RECEIVER_ID, DATE_SENT) values (298, 'Suspendisse potenti. In eleifend quam a odio. In hac habitasse platea dictumst. Maecenas ut massa ','ultrices aliquet. Maecen',39, 61, TO_TIMESTAMP('2016-01-26 07:09:51', 'YYYY-MM-DD HH24:MI:SS'));
insert into MESSAGES (MESSAGE_ID, BODY, SUBJECT, SENDER_ID, RECEIVER_ID, DATE_SENT) values (299, 'Mauris lacinia sapien quis libero. Nullam sit amet turpis elementum ligula vehicula consequat. Mor','ing elit. Proin interdum',115, 54, TO_TIMESTAMP('2015-09-20 06:52:17', 'YYYY-MM-DD HH24:MI:SS'));
insert into MESSAGES (MESSAGE_ID, BODY, SUBJECT, SENDER_ID, RECEIVER_ID, DATE_SENT) values (300, 'Nullam molestie nibh in lectus. Pellentesque at nulla. Suspendisse potenti. Cras in purus eu magna','ger aliquet, massa id lo',43, 36, TO_TIMESTAMP('2016-02-06 19:35:24', 'YYYY-MM-DD HH24:MI:SS'));
commit;
